{
  "schema_version": 1,
  "input": "26-feedback-reproduction-combined.json",
  "svg": "output.svg",
  "totals": {
    "logical_nodes": 121,
    "rendered_nodes": 121,
    "logical_edges": 122,
    "rendered_edges": 122,
    "proper_crossing_events": 78,
    "distinct_crossing_points": 28,
    "different_net_overlaps": 0,
    "bends": 66,
    "manhattan_length_px": 41263.534
  },
  "roots": {
    "ports__from_a": {
      "kind": "from",
      "outdegree": 1,
      "rendered_copies": 1
    },
    "ports__from_b": {
      "kind": "from",
      "outdegree": 1,
      "rendered_copies": 1
    },
    "roots__common_from": {
      "kind": "from",
      "outdegree": 4,
      "rendered_copies": 1
    },
    "roots__common_gate_root": {
      "kind": "gate",
      "outdegree": 4,
      "rendered_copies": 1
    },
    "roots__common_source": {
      "kind": "source",
      "outdegree": 4,
      "rendered_copies": 1
    },
    "roots__local_a_00": {
      "kind": "from",
      "outdegree": 1,
      "rendered_copies": 1
    },
    "roots__local_a_01": {
      "kind": "source",
      "outdegree": 1,
      "rendered_copies": 1
    },
    "roots__local_a_02": {
      "kind": "gate",
      "outdegree": 1,
      "rendered_copies": 1
    },
    "roots__local_a_03": {
      "kind": "from",
      "outdegree": 1,
      "rendered_copies": 1
    },
    "roots__local_a_04": {
      "kind": "source",
      "outdegree": 1,
      "rendered_copies": 1
    },
    "roots__local_a_05": {
      "kind": "gate",
      "outdegree": 1,
      "rendered_copies": 1
    },
    "roots__local_a_06": {
      "kind": "from",
      "outdegree": 1,
      "rendered_copies": 1
    },
    "roots__local_a_07": {
      "kind": "source",
      "outdegree": 1,
      "rendered_copies": 1
    },
    "roots__local_a_08": {
      "kind": "gate",
      "outdegree": 1,
      "rendered_copies": 1
    },
    "roots__local_a_09": {
      "kind": "from",
      "outdegree": 1,
      "rendered_copies": 1
    },
    "roots__local_a_10": {
      "kind": "source",
      "outdegree": 1,
      "rendered_copies": 1
    },
    "roots__local_a_11": {
      "kind": "gate",
      "outdegree": 1,
      "rendered_copies": 1
    },
    "roots__local_b_00": {
      "kind": "source",
      "outdegree": 1,
      "rendered_copies": 1
    },
    "roots__local_b_01": {
      "kind": "gate",
      "outdegree": 1,
      "rendered_copies": 1
    },
    "roots__local_b_02": {
      "kind": "from",
      "outdegree": 1,
      "rendered_copies": 1
    },
    "roots__local_b_03": {
      "kind": "source",
      "outdegree": 1,
      "rendered_copies": 1
    },
    "roots__local_b_04": {
      "kind": "gate",
      "outdegree": 1,
      "rendered_copies": 1
    },
    "roots__local_b_05": {
      "kind": "from",
      "outdegree": 1,
      "rendered_copies": 1
    },
    "roots__local_b_06": {
      "kind": "source",
      "outdegree": 1,
      "rendered_copies": 1
    },
    "roots__local_b_07": {
      "kind": "gate",
      "outdegree": 1,
      "rendered_copies": 1
    },
    "roots__local_b_08": {
      "kind": "from",
      "outdegree": 1,
      "rendered_copies": 1
    },
    "roots__local_b_09": {
      "kind": "source",
      "outdegree": 1,
      "rendered_copies": 1
    },
    "roots__local_b_10": {
      "kind": "gate",
      "outdegree": 1,
      "rendered_copies": 1
    },
    "roots__local_b_11": {
      "kind": "from",
      "outdegree": 1,
      "rendered_copies": 1
    },
    "weave__public_from": {
      "kind": "from",
      "outdegree": 6,
      "rendered_copies": 1
    },
    "weave__public_gate": {
      "kind": "gate",
      "outdegree": 5,
      "rendered_copies": 1
    },
    "weave__public_source": {
      "kind": "source",
      "outdegree": 5,
      "rendered_copies": 1
    },
    "weave__sparse_00": {
      "kind": "source",
      "outdegree": 1,
      "rendered_copies": 1
    },
    "weave__sparse_01": {
      "kind": "from",
      "outdegree": 1,
      "rendered_copies": 1
    },
    "weave__sparse_02": {
      "kind": "gate",
      "outdegree": 1,
      "rendered_copies": 1
    },
    "weave__sparse_03": {
      "kind": "source",
      "outdegree": 1,
      "rendered_copies": 1
    },
    "weave__sparse_04": {
      "kind": "from",
      "outdegree": 1,
      "rendered_copies": 1
    },
    "weave__sparse_05": {
      "kind": "gate",
      "outdegree": 1,
      "rendered_copies": 1
    },
    "weave__sparse_06": {
      "kind": "source",
      "outdegree": 1,
      "rendered_copies": 1
    },
    "weave__sparse_07": {
      "kind": "from",
      "outdegree": 1,
      "rendered_copies": 1
    },
    "weave__sparse_08": {
      "kind": "gate",
      "outdegree": 1,
      "rendered_copies": 1
    },
    "weave__sparse_09": {
      "kind": "source",
      "outdegree": 1,
      "rendered_copies": 1
    },
    "weave__sparse_10": {
      "kind": "from",
      "outdegree": 1,
      "rendered_copies": 1
    },
    "weave__sparse_11": {
      "kind": "gate",
      "outdegree": 1,
      "rendered_copies": 1
    },
    "weave__sparse_12": {
      "kind": "source",
      "outdegree": 1,
      "rendered_copies": 1
    },
    "weave__sparse_13": {
      "kind": "from",
      "outdegree": 1,
      "rendered_copies": 1
    },
    "weave__sparse_14": {
      "kind": "gate",
      "outdegree": 1,
      "rendered_copies": 1
    },
    "weave__sparse_15": {
      "kind": "source",
      "outdegree": 1,
      "rendered_copies": 1
    }
  },
  "nodes": {
    "ports__cell": {
      "kind": "cell",
      "incoming_edges": 1,
      "outgoing_edges": 1,
      "direct_downstream_nodes": 1,
      "source_port_nets": 1,
      "rendering_anchors": 1,
      "is_root": false,
      "is_terminal": false,
      "manhattan_length_px": 129.53,
      "bends_total": 0,
      "crossing_points": 0,
      "crossing_pair_incidents": 0,
      "crossed_edge_count": 0
    },
    "ports__clock": {
      "kind": "clock",
      "incoming_edges": 1,
      "outgoing_edges": 0,
      "direct_downstream_nodes": 0,
      "source_port_nets": 0,
      "rendering_anchors": 1,
      "is_root": false,
      "is_terminal": true,
      "manhattan_length_px": 0,
      "bends_total": 0,
      "crossing_points": 0,
      "crossing_pair_incidents": 0,
      "crossed_edge_count": 0
    },
    "ports__div_b": {
      "kind": "div",
      "incoming_edges": 1,
      "outgoing_edges": 1,
      "direct_downstream_nodes": 1,
      "source_port_nets": 1,
      "rendering_anchors": 1,
      "is_root": false,
      "is_terminal": false,
      "manhattan_length_px": 130.088,
      "bends_total": 0,
      "crossing_points": 1,
      "crossing_pair_incidents": 1,
      "crossed_edge_count": 1
    },
    "ports__from_a": {
      "kind": "from",
      "incoming_edges": 0,
      "outgoing_edges": 1,
      "direct_downstream_nodes": 1,
      "source_port_nets": 1,
      "rendering_anchors": 1,
      "is_root": true,
      "is_terminal": false,
      "manhattan_length_px": 303.24,
      "bends_total": 0,
      "crossing_points": 0,
      "crossing_pair_incidents": 0,
      "crossed_edge_count": 0
    },
    "ports__from_b": {
      "kind": "from",
      "incoming_edges": 0,
      "outgoing_edges": 1,
      "direct_downstream_nodes": 1,
      "source_port_nets": 1,
      "rendering_anchors": 1,
      "is_root": true,
      "is_terminal": false,
      "manhattan_length_px": 160.76,
      "bends_total": 0,
      "crossing_points": 0,
      "crossing_pair_incidents": 0,
      "crossed_edge_count": 0
    },
    "ports__gate_a": {
      "kind": "gate",
      "incoming_edges": 1,
      "outgoing_edges": 2,
      "direct_downstream_nodes": 2,
      "source_port_nets": 1,
      "rendering_anchors": 1,
      "is_root": false,
      "is_terminal": false,
      "manhattan_length_px": 681.38,
      "bends_total": 2,
      "crossing_points": 1,
      "crossing_pair_incidents": 1,
      "crossed_edge_count": 1
    },
    "ports__gate_a_tap": {
      "kind": "clock",
      "incoming_edges": 1,
      "outgoing_edges": 0,
      "direct_downstream_nodes": 0,
      "source_port_nets": 0,
      "rendering_anchors": 1,
      "is_root": false,
      "is_terminal": true,
      "manhattan_length_px": 0,
      "bends_total": 0,
      "crossing_points": 0,
      "crossing_pair_incidents": 0,
      "crossed_edge_count": 0
    },
    "ports__gate_b": {
      "kind": "gate",
      "incoming_edges": 1,
      "outgoing_edges": 1,
      "direct_downstream_nodes": 1,
      "source_port_nets": 1,
      "rendering_anchors": 1,
      "is_root": false,
      "is_terminal": false,
      "manhattan_length_px": 112.088,
      "bends_total": 0,
      "crossing_points": 0,
      "crossing_pair_incidents": 0,
      "crossed_edge_count": 0
    },
    "ports__sel": {
      "kind": "mux2",
      "incoming_edges": 2,
      "outgoing_edges": 1,
      "direct_downstream_nodes": 1,
      "source_port_nets": 1,
      "rendering_anchors": 1,
      "is_root": false,
      "is_terminal": false,
      "manhattan_length_px": 151.89,
      "bends_total": 0,
      "crossing_points": 0,
      "crossing_pair_incidents": 0,
      "crossed_edge_count": 0
    },
    "roots__cell_00": {
      "kind": "cell",
      "incoming_edges": 1,
      "outgoing_edges": 1,
      "direct_downstream_nodes": 1,
      "source_port_nets": 1,
      "rendering_anchors": 1,
      "is_root": false,
      "is_terminal": false,
      "manhattan_length_px": 129.53,
      "bends_total": 0,
      "crossing_points": 0,
      "crossing_pair_incidents": 0,
      "crossed_edge_count": 0
    },
    "roots__cell_01": {
      "kind": "cell",
      "incoming_edges": 1,
      "outgoing_edges": 1,
      "direct_downstream_nodes": 1,
      "source_port_nets": 1,
      "rendering_anchors": 1,
      "is_root": false,
      "is_terminal": false,
      "manhattan_length_px": 129.53,
      "bends_total": 0,
      "crossing_points": 0,
      "crossing_pair_incidents": 0,
      "crossed_edge_count": 0
    },
    "roots__cell_02": {
      "kind": "cell",
      "incoming_edges": 1,
      "outgoing_edges": 1,
      "direct_downstream_nodes": 1,
      "source_port_nets": 1,
      "rendering_anchors": 1,
      "is_root": false,
      "is_terminal": false,
      "manhattan_length_px": 129.53,
      "bends_total": 0,
      "crossing_points": 0,
      "crossing_pair_incidents": 0,
      "crossed_edge_count": 0
    },
    "roots__cell_03": {
      "kind": "cell",
      "incoming_edges": 1,
      "outgoing_edges": 1,
      "direct_downstream_nodes": 1,
      "source_port_nets": 1,
      "rendering_anchors": 1,
      "is_root": false,
      "is_terminal": false,
      "manhattan_length_px": 129.53,
      "bends_total": 0,
      "crossing_points": 0,
      "crossing_pair_incidents": 0,
      "crossed_edge_count": 0
    },
    "roots__cell_04": {
      "kind": "cell",
      "incoming_edges": 1,
      "outgoing_edges": 1,
      "direct_downstream_nodes": 1,
      "source_port_nets": 1,
      "rendering_anchors": 1,
      "is_root": false,
      "is_terminal": false,
      "manhattan_length_px": 129.53,
      "bends_total": 0,
      "crossing_points": 0,
      "crossing_pair_incidents": 0,
      "crossed_edge_count": 0
    },
    "roots__cell_05": {
      "kind": "cell",
      "incoming_edges": 1,
      "outgoing_edges": 1,
      "direct_downstream_nodes": 1,
      "source_port_nets": 1,
      "rendering_anchors": 1,
      "is_root": false,
      "is_terminal": false,
      "manhattan_length_px": 129.53,
      "bends_total": 0,
      "crossing_points": 0,
      "crossing_pair_incidents": 0,
      "crossed_edge_count": 0
    },
    "roots__cell_06": {
      "kind": "cell",
      "incoming_edges": 1,
      "outgoing_edges": 1,
      "direct_downstream_nodes": 1,
      "source_port_nets": 1,
      "rendering_anchors": 1,
      "is_root": false,
      "is_terminal": false,
      "manhattan_length_px": 129.53,
      "bends_total": 0,
      "crossing_points": 0,
      "crossing_pair_incidents": 0,
      "crossed_edge_count": 0
    },
    "roots__cell_07": {
      "kind": "cell",
      "incoming_edges": 1,
      "outgoing_edges": 1,
      "direct_downstream_nodes": 1,
      "source_port_nets": 1,
      "rendering_anchors": 1,
      "is_root": false,
      "is_terminal": false,
      "manhattan_length_px": 129.53,
      "bends_total": 0,
      "crossing_points": 0,
      "crossing_pair_incidents": 0,
      "crossed_edge_count": 0
    },
    "roots__cell_08": {
      "kind": "cell",
      "incoming_edges": 1,
      "outgoing_edges": 1,
      "direct_downstream_nodes": 1,
      "source_port_nets": 1,
      "rendering_anchors": 1,
      "is_root": false,
      "is_terminal": false,
      "manhattan_length_px": 129.53,
      "bends_total": 0,
      "crossing_points": 0,
      "crossing_pair_incidents": 0,
      "crossed_edge_count": 0
    },
    "roots__cell_09": {
      "kind": "cell",
      "incoming_edges": 1,
      "outgoing_edges": 1,
      "direct_downstream_nodes": 1,
      "source_port_nets": 1,
      "rendering_anchors": 1,
      "is_root": false,
      "is_terminal": false,
      "manhattan_length_px": 129.53,
      "bends_total": 0,
      "crossing_points": 0,
      "crossing_pair_incidents": 0,
      "crossed_edge_count": 0
    },
    "roots__cell_10": {
      "kind": "cell",
      "incoming_edges": 1,
      "outgoing_edges": 1,
      "direct_downstream_nodes": 1,
      "source_port_nets": 1,
      "rendering_anchors": 1,
      "is_root": false,
      "is_terminal": false,
      "manhattan_length_px": 129.53,
      "bends_total": 0,
      "crossing_points": 0,
      "crossing_pair_incidents": 0,
      "crossed_edge_count": 0
    },
    "roots__cell_11": {
      "kind": "cell",
      "incoming_edges": 1,
      "outgoing_edges": 1,
      "direct_downstream_nodes": 1,
      "source_port_nets": 1,
      "rendering_anchors": 1,
      "is_root": false,
      "is_terminal": false,
      "manhattan_length_px": 129.53,
      "bends_total": 0,
      "crossing_points": 0,
      "crossing_pair_incidents": 0,
      "crossed_edge_count": 0
    },
    "roots__clock_00": {
      "kind": "clock",
      "incoming_edges": 1,
      "outgoing_edges": 0,
      "direct_downstream_nodes": 0,
      "source_port_nets": 0,
      "rendering_anchors": 1,
      "is_root": false,
      "is_terminal": true,
      "manhattan_length_px": 0,
      "bends_total": 0,
      "crossing_points": 0,
      "crossing_pair_incidents": 0,
      "crossed_edge_count": 0
    },
    "roots__clock_01": {
      "kind": "clock",
      "incoming_edges": 1,
      "outgoing_edges": 0,
      "direct_downstream_nodes": 0,
      "source_port_nets": 0,
      "rendering_anchors": 1,
      "is_root": false,
      "is_terminal": true,
      "manhattan_length_px": 0,
      "bends_total": 0,
      "crossing_points": 0,
      "crossing_pair_incidents": 0,
      "crossed_edge_count": 0
    },
    "roots__clock_02": {
      "kind": "clock",
      "incoming_edges": 1,
      "outgoing_edges": 0,
      "direct_downstream_nodes": 0,
      "source_port_nets": 0,
      "rendering_anchors": 1,
      "is_root": false,
      "is_terminal": true,
      "manhattan_length_px": 0,
      "bends_total": 0,
      "crossing_points": 0,
      "crossing_pair_incidents": 0,
      "crossed_edge_count": 0
    },
    "roots__clock_03": {
      "kind": "clock",
      "incoming_edges": 1,
      "outgoing_edges": 0,
      "direct_downstream_nodes": 0,
      "source_port_nets": 0,
      "rendering_anchors": 1,
      "is_root": false,
      "is_terminal": true,
      "manhattan_length_px": 0,
      "bends_total": 0,
      "crossing_points": 0,
      "crossing_pair_incidents": 0,
      "crossed_edge_count": 0
    },
    "roots__clock_04": {
      "kind": "clock",
      "incoming_edges": 1,
      "outgoing_edges": 0,
      "direct_downstream_nodes": 0,
      "source_port_nets": 0,
      "rendering_anchors": 1,
      "is_root": false,
      "is_terminal": true,
      "manhattan_length_px": 0,
      "bends_total": 0,
      "crossing_points": 0,
      "crossing_pair_incidents": 0,
      "crossed_edge_count": 0
    },
    "roots__clock_05": {
      "kind": "clock",
      "incoming_edges": 1,
      "outgoing_edges": 0,
      "direct_downstream_nodes": 0,
      "source_port_nets": 0,
      "rendering_anchors": 1,
      "is_root": false,
      "is_terminal": true,
      "manhattan_length_px": 0,
      "bends_total": 0,
      "crossing_points": 0,
      "crossing_pair_incidents": 0,
      "crossed_edge_count": 0
    },
    "roots__clock_06": {
      "kind": "clock",
      "incoming_edges": 1,
      "outgoing_edges": 0,
      "direct_downstream_nodes": 0,
      "source_port_nets": 0,
      "rendering_anchors": 1,
      "is_root": false,
      "is_terminal": true,
      "manhattan_length_px": 0,
      "bends_total": 0,
      "crossing_points": 0,
      "crossing_pair_incidents": 0,
      "crossed_edge_count": 0
    },
    "roots__clock_07": {
      "kind": "clock",
      "incoming_edges": 1,
      "outgoing_edges": 0,
      "direct_downstream_nodes": 0,
      "source_port_nets": 0,
      "rendering_anchors": 1,
      "is_root": false,
      "is_terminal": true,
      "manhattan_length_px": 0,
      "bends_total": 0,
      "crossing_points": 0,
      "crossing_pair_incidents": 0,
      "crossed_edge_count": 0
    },
    "roots__clock_08": {
      "kind": "clock",
      "incoming_edges": 1,
      "outgoing_edges": 0,
      "direct_downstream_nodes": 0,
      "source_port_nets": 0,
      "rendering_anchors": 1,
      "is_root": false,
      "is_terminal": true,
      "manhattan_length_px": 0,
      "bends_total": 0,
      "crossing_points": 0,
      "crossing_pair_incidents": 0,
      "crossed_edge_count": 0
    },
    "roots__clock_09": {
      "kind": "clock",
      "incoming_edges": 1,
      "outgoing_edges": 0,
      "direct_downstream_nodes": 0,
      "source_port_nets": 0,
      "rendering_anchors": 1,
      "is_root": false,
      "is_terminal": true,
      "manhattan_length_px": 0,
      "bends_total": 0,
      "crossing_points": 0,
      "crossing_pair_incidents": 0,
      "crossed_edge_count": 0
    },
    "roots__clock_10": {
      "kind": "clock",
      "incoming_edges": 1,
      "outgoing_edges": 0,
      "direct_downstream_nodes": 0,
      "source_port_nets": 0,
      "rendering_anchors": 1,
      "is_root": false,
      "is_terminal": true,
      "manhattan_length_px": 0,
      "bends_total": 0,
      "crossing_points": 0,
      "crossing_pair_incidents": 0,
      "crossed_edge_count": 0
    },
    "roots__clock_11": {
      "kind": "clock",
      "incoming_edges": 1,
      "outgoing_edges": 0,
      "direct_downstream_nodes": 0,
      "source_port_nets": 0,
      "rendering_anchors": 1,
      "is_root": false,
      "is_terminal": true,
      "manhattan_length_px": 0,
      "bends_total": 0,
      "crossing_points": 0,
      "crossing_pair_incidents": 0,
      "crossed_edge_count": 0
    },
    "roots__common_from": {
      "kind": "from",
      "incoming_edges": 0,
      "outgoing_edges": 4,
      "direct_downstream_nodes": 4,
      "source_port_nets": 1,
      "rendering_anchors": 1,
      "is_root": true,
      "is_terminal": false,
      "manhattan_length_px": 3997.0464,
      "bends_total": 6,
      "crossing_points": 8,
      "crossing_pair_incidents": 24,
      "crossed_edge_count": 7
    },
    "roots__common_gate_root": {
      "kind": "gate",
      "incoming_edges": 0,
      "outgoing_edges": 4,
      "direct_downstream_nodes": 4,
      "source_port_nets": 1,
      "rendering_anchors": 1,
      "is_root": true,
      "is_terminal": false,
      "manhattan_length_px": 3997.0464,
      "bends_total": 6,
      "crossing_points": 8,
      "crossing_pair_incidents": 24,
      "crossed_edge_count": 6
    },
    "roots__common_source": {
      "kind": "source",
      "incoming_edges": 0,
      "outgoing_edges": 4,
      "direct_downstream_nodes": 4,
      "source_port_nets": 1,
      "rendering_anchors": 1,
      "is_root": true,
      "is_terminal": false,
      "manhattan_length_px": 4021.0464,
      "bends_total": 6,
      "crossing_points": 8,
      "crossing_pair_incidents": 24,
      "crossed_edge_count": 8
    },
    "roots__div_01": {
      "kind": "div",
      "incoming_edges": 1,
      "outgoing_edges": 1,
      "direct_downstream_nodes": 1,
      "source_port_nets": 1,
      "rendering_anchors": 1,
      "is_root": false,
      "is_terminal": false,
      "manhattan_length_px": 153.498,
      "bends_total": 0,
      "crossing_points": 0,
      "crossing_pair_incidents": 0,
      "crossed_edge_count": 0
    },
    "roots__div_03": {
      "kind": "div",
      "incoming_edges": 1,
      "outgoing_edges": 1,
      "direct_downstream_nodes": 1,
      "source_port_nets": 1,
      "rendering_anchors": 1,
      "is_root": false,
      "is_terminal": false,
      "manhattan_length_px": 153.498,
      "bends_total": 0,
      "crossing_points": 0,
      "crossing_pair_incidents": 0,
      "crossed_edge_count": 0
    },
    "roots__div_05": {
      "kind": "div",
      "incoming_edges": 1,
      "outgoing_edges": 1,
      "direct_downstream_nodes": 1,
      "source_port_nets": 1,
      "rendering_anchors": 1,
      "is_root": false,
      "is_terminal": false,
      "manhattan_length_px": 153.498,
      "bends_total": 0,
      "crossing_points": 0,
      "crossing_pair_incidents": 0,
      "crossed_edge_count": 0
    },
    "roots__div_07": {
      "kind": "div",
      "incoming_edges": 1,
      "outgoing_edges": 1,
      "direct_downstream_nodes": 1,
      "source_port_nets": 1,
      "rendering_anchors": 1,
      "is_root": false,
      "is_terminal": false,
      "manhattan_length_px": 153.498,
      "bends_total": 0,
      "crossing_points": 0,
      "crossing_pair_incidents": 0,
      "crossed_edge_count": 0
    },
    "roots__div_09": {
      "kind": "div",
      "incoming_edges": 1,
      "outgoing_edges": 1,
      "direct_downstream_nodes": 1,
      "source_port_nets": 1,
      "rendering_anchors": 1,
      "is_root": false,
      "is_terminal": false,
      "manhattan_length_px": 153.498,
      "bends_total": 0,
      "crossing_points": 0,
      "crossing_pair_incidents": 0,
      "crossed_edge_count": 0
    },
    "roots__div_11": {
      "kind": "div",
      "incoming_edges": 1,
      "outgoing_edges": 1,
      "direct_downstream_nodes": 1,
      "source_port_nets": 1,
      "rendering_anchors": 1,
      "is_root": false,
      "is_terminal": false,
      "manhattan_length_px": 153.498,
      "bends_total": 0,
      "crossing_points": 0,
      "crossing_pair_incidents": 0,
      "crossed_edge_count": 0
    },
    "roots__local_a_00": {
      "kind": "from",
      "incoming_edges": 0,
      "outgoing_edges": 1,
      "direct_downstream_nodes": 1,
      "source_port_nets": 1,
      "rendering_anchors": 1,
      "is_root": true,
      "is_terminal": false,
      "manhattan_length_px": 99.3,
      "bends_total": 0,
      "crossing_points": 0,
      "crossing_pair_incidents": 0,
      "crossed_edge_count": 0
    },
    "roots__local_a_01": {
      "kind": "source",
      "incoming_edges": 0,
      "outgoing_edges": 1,
      "direct_downstream_nodes": 1,
      "source_port_nets": 1,
      "rendering_anchors": 1,
      "is_root": true,
      "is_terminal": false,
      "manhattan_length_px": 105.3,
      "bends_total": 0,
      "crossing_points": 0,
      "crossing_pair_incidents": 0,
      "crossed_edge_count": 0
    },
    "roots__local_a_02": {
      "kind": "gate",
      "incoming_edges": 0,
      "outgoing_edges": 1,
      "direct_downstream_nodes": 1,
      "source_port_nets": 1,
      "rendering_anchors": 1,
      "is_root": true,
      "is_terminal": false,
      "manhattan_length_px": 99.3,
      "bends_total": 0,
      "crossing_points": 0,
      "crossing_pair_incidents": 0,
      "crossed_edge_count": 0
    },
    "roots__local_a_03": {
      "kind": "from",
      "incoming_edges": 0,
      "outgoing_edges": 1,
      "direct_downstream_nodes": 1,
      "source_port_nets": 1,
      "rendering_anchors": 1,
      "is_root": true,
      "is_terminal": false,
      "manhattan_length_px": 99.3,
      "bends_total": 0,
      "crossing_points": 0,
      "crossing_pair_incidents": 0,
      "crossed_edge_count": 0
    },
    "roots__local_a_04": {
      "kind": "source",
      "incoming_edges": 0,
      "outgoing_edges": 1,
      "direct_downstream_nodes": 1,
      "source_port_nets": 1,
      "rendering_anchors": 1,
      "is_root": true,
      "is_terminal": false,
      "manhattan_length_px": 105.3,
      "bends_total": 0,
      "crossing_points": 0,
      "crossing_pair_incidents": 0,
      "crossed_edge_count": 0
    },
    "roots__local_a_05": {
      "kind": "gate",
      "incoming_edges": 0,
      "outgoing_edges": 1,
      "direct_downstream_nodes": 1,
      "source_port_nets": 1,
      "rendering_anchors": 1,
      "is_root": true,
      "is_terminal": false,
      "manhattan_length_px": 99.3,
      "bends_total": 0,
      "crossing_points": 0,
      "crossing_pair_incidents": 0,
      "crossed_edge_count": 0
    },
    "roots__local_a_06": {
      "kind": "from",
      "incoming_edges": 0,
      "outgoing_edges": 1,
      "direct_downstream_nodes": 1,
      "source_port_nets": 1,
      "rendering_anchors": 1,
      "is_root": true,
      "is_terminal": false,
      "manhattan_length_px": 99.3,
      "bends_total": 0,
      "crossing_points": 0,
      "crossing_pair_incidents": 0,
      "crossed_edge_count": 0
    },
    "roots__local_a_07": {
      "kind": "source",
      "incoming_edges": 0,
      "outgoing_edges": 1,
      "direct_downstream_nodes": 1,
      "source_port_nets": 1,
      "rendering_anchors": 1,
      "is_root": true,
      "is_terminal": false,
      "manhattan_length_px": 105.3,
      "bends_total": 0,
      "crossing_points": 0,
      "crossing_pair_incidents": 0,
      "crossed_edge_count": 0
    },
    "roots__local_a_08": {
      "kind": "gate",
      "incoming_edges": 0,
      "outgoing_edges": 1,
      "direct_downstream_nodes": 1,
      "source_port_nets": 1,
      "rendering_anchors": 1,
      "is_root": true,
      "is_terminal": false,
      "manhattan_length_px": 99.3,
      "bends_total": 0,
      "crossing_points": 0,
      "crossing_pair_incidents": 0,
      "crossed_edge_count": 0
    },
    "roots__local_a_09": {
      "kind": "from",
      "incoming_edges": 0,
      "outgoing_edges": 1,
      "direct_downstream_nodes": 1,
      "source_port_nets": 1,
      "rendering_anchors": 1,
      "is_root": true,
      "is_terminal": false,
      "manhattan_length_px": 99.3,
      "bends_total": 0,
      "crossing_points": 0,
      "crossing_pair_incidents": 0,
      "crossed_edge_count": 0
    },
    "roots__local_a_10": {
      "kind": "source",
      "incoming_edges": 0,
      "outgoing_edges": 1,
      "direct_downstream_nodes": 1,
      "source_port_nets": 1,
      "rendering_anchors": 1,
      "is_root": true,
      "is_terminal": false,
      "manhattan_length_px": 105.3,
      "bends_total": 0,
      "crossing_points": 0,
      "crossing_pair_incidents": 0,
      "crossed_edge_count": 0
    },
    "roots__local_a_11": {
      "kind": "gate",
      "incoming_edges": 0,
      "outgoing_edges": 1,
      "direct_downstream_nodes": 1,
      "source_port_nets": 1,
      "rendering_anchors": 1,
      "is_root": true,
      "is_terminal": false,
      "manhattan_length_px": 99.3,
      "bends_total": 0,
      "crossing_points": 0,
      "crossing_pair_incidents": 0,
      "crossed_edge_count": 0
    },
    "roots__local_b_00": {
      "kind": "source",
      "incoming_edges": 0,
      "outgoing_edges": 1,
      "direct_downstream_nodes": 1,
      "source_port_nets": 1,
      "rendering_anchors": 1,
      "is_root": true,
      "is_terminal": false,
      "manhattan_length_px": 105.3,
      "bends_total": 0,
      "crossing_points": 0,
      "crossing_pair_incidents": 0,
      "crossed_edge_count": 0
    },
    "roots__local_b_01": {
      "kind": "gate",
      "incoming_edges": 0,
      "outgoing_edges": 1,
      "direct_downstream_nodes": 1,
      "source_port_nets": 1,
      "rendering_anchors": 1,
      "is_root": true,
      "is_terminal": false,
      "manhattan_length_px": 99.3,
      "bends_total": 0,
      "crossing_points": 0,
      "crossing_pair_incidents": 0,
      "crossed_edge_count": 0
    },
    "roots__local_b_02": {
      "kind": "from",
      "incoming_edges": 0,
      "outgoing_edges": 1,
      "direct_downstream_nodes": 1,
      "source_port_nets": 1,
      "rendering_anchors": 1,
      "is_root": true,
      "is_terminal": false,
      "manhattan_length_px": 99.3,
      "bends_total": 0,
      "crossing_points": 0,
      "crossing_pair_incidents": 0,
      "crossed_edge_count": 0
    },
    "roots__local_b_03": {
      "kind": "source",
      "incoming_edges": 0,
      "outgoing_edges": 1,
      "direct_downstream_nodes": 1,
      "source_port_nets": 1,
      "rendering_anchors": 1,
      "is_root": true,
      "is_terminal": false,
      "manhattan_length_px": 105.3,
      "bends_total": 0,
      "crossing_points": 0,
      "crossing_pair_incidents": 0,
      "crossed_edge_count": 0
    },
    "roots__local_b_04": {
      "kind": "gate",
      "incoming_edges": 0,
      "outgoing_edges": 1,
      "direct_downstream_nodes": 1,
      "source_port_nets": 1,
      "rendering_anchors": 1,
      "is_root": true,
      "is_terminal": false,
      "manhattan_length_px": 99.3,
      "bends_total": 0,
      "crossing_points": 0,
      "crossing_pair_incidents": 0,
      "crossed_edge_count": 0
    },
    "roots__local_b_05": {
      "kind": "from",
      "incoming_edges": 0,
      "outgoing_edges": 1,
      "direct_downstream_nodes": 1,
      "source_port_nets": 1,
      "rendering_anchors": 1,
      "is_root": true,
      "is_terminal": false,
      "manhattan_length_px": 99.3,
      "bends_total": 0,
      "crossing_points": 0,
      "crossing_pair_incidents": 0,
      "crossed_edge_count": 0
    },
    "roots__local_b_06": {
      "kind": "source",
      "incoming_edges": 0,
      "outgoing_edges": 1,
      "direct_downstream_nodes": 1,
      "source_port_nets": 1,
      "rendering_anchors": 1,
      "is_root": true,
      "is_terminal": false,
      "manhattan_length_px": 105.3,
      "bends_total": 0,
      "crossing_points": 0,
      "crossing_pair_incidents": 0,
      "crossed_edge_count": 0
    },
    "roots__local_b_07": {
      "kind": "gate",
      "incoming_edges": 0,
      "outgoing_edges": 1,
      "direct_downstream_nodes": 1,
      "source_port_nets": 1,
      "rendering_anchors": 1,
      "is_root": true,
      "is_terminal": false,
      "manhattan_length_px": 99.3,
      "bends_total": 0,
      "crossing_points": 0,
      "crossing_pair_incidents": 0,
      "crossed_edge_count": 0
    },
    "roots__local_b_08": {
      "kind": "from",
      "incoming_edges": 0,
      "outgoing_edges": 1,
      "direct_downstream_nodes": 1,
      "source_port_nets": 1,
      "rendering_anchors": 1,
      "is_root": true,
      "is_terminal": false,
      "manhattan_length_px": 99.3,
      "bends_total": 0,
      "crossing_points": 0,
      "crossing_pair_incidents": 0,
      "crossed_edge_count": 0
    },
    "roots__local_b_09": {
      "kind": "source",
      "incoming_edges": 0,
      "outgoing_edges": 1,
      "direct_downstream_nodes": 1,
      "source_port_nets": 1,
      "rendering_anchors": 1,
      "is_root": true,
      "is_terminal": false,
      "manhattan_length_px": 105.3,
      "bends_total": 0,
      "crossing_points": 0,
      "crossing_pair_incidents": 0,
      "crossed_edge_count": 0
    },
    "roots__local_b_10": {
      "kind": "gate",
      "incoming_edges": 0,
      "outgoing_edges": 1,
      "direct_downstream_nodes": 1,
      "source_port_nets": 1,
      "rendering_anchors": 1,
      "is_root": true,
      "is_terminal": false,
      "manhattan_length_px": 99.3,
      "bends_total": 0,
      "crossing_points": 0,
      "crossing_pair_incidents": 0,
      "crossed_edge_count": 0
    },
    "roots__local_b_11": {
      "kind": "from",
      "incoming_edges": 0,
      "outgoing_edges": 1,
      "direct_downstream_nodes": 1,
      "source_port_nets": 1,
      "rendering_anchors": 1,
      "is_root": true,
      "is_terminal": false,
      "manhattan_length_px": 99.3,
      "bends_total": 0,
      "crossing_points": 0,
      "crossing_pair_incidents": 0,
      "crossed_edge_count": 0
    },
    "roots__pad_00": {
      "kind": "mux3",
      "incoming_edges": 3,
      "outgoing_edges": 1,
      "direct_downstream_nodes": 1,
      "source_port_nets": 1,
      "rendering_anchors": 1,
      "is_root": false,
      "is_terminal": false,
      "manhattan_length_px": 304.37,
      "bends_total": 0,
      "crossing_points": 0,
      "crossing_pair_incidents": 0,
      "crossed_edge_count": 0
    },
    "roots__pad_01": {
      "kind": "mux3",
      "incoming_edges": 3,
      "outgoing_edges": 1,
      "direct_downstream_nodes": 1,
      "source_port_nets": 1,
      "rendering_anchors": 1,
      "is_root": false,
      "is_terminal": false,
      "manhattan_length_px": 130.088,
      "bends_total": 0,
      "crossing_points": 0,
      "crossing_pair_incidents": 0,
      "crossed_edge_count": 0
    },
    "roots__pad_02": {
      "kind": "mux3",
      "incoming_edges": 3,
      "outgoing_edges": 1,
      "direct_downstream_nodes": 1,
      "source_port_nets": 1,
      "rendering_anchors": 1,
      "is_root": false,
      "is_terminal": false,
      "manhattan_length_px": 304.37,
      "bends_total": 0,
      "crossing_points": 0,
      "crossing_pair_incidents": 0,
      "crossed_edge_count": 0
    },
    "roots__pad_03": {
      "kind": "mux3",
      "incoming_edges": 3,
      "outgoing_edges": 1,
      "direct_downstream_nodes": 1,
      "source_port_nets": 1,
      "rendering_anchors": 1,
      "is_root": false,
      "is_terminal": false,
      "manhattan_length_px": 130.088,
      "bends_total": 0,
      "crossing_points": 0,
      "crossing_pair_incidents": 0,
      "crossed_edge_count": 0
    },
    "roots__pad_04": {
      "kind": "mux3",
      "incoming_edges": 3,
      "outgoing_edges": 1,
      "direct_downstream_nodes": 1,
      "source_port_nets": 1,
      "rendering_anchors": 1,
      "is_root": false,
      "is_terminal": false,
      "manhattan_length_px": 304.37,
      "bends_total": 0,
      "crossing_points": 0,
      "crossing_pair_incidents": 0,
      "crossed_edge_count": 0
    },
    "roots__pad_05": {
      "kind": "mux3",
      "incoming_edges": 3,
      "outgoing_edges": 1,
      "direct_downstream_nodes": 1,
      "source_port_nets": 1,
      "rendering_anchors": 1,
      "is_root": false,
      "is_terminal": false,
      "manhattan_length_px": 130.088,
      "bends_total": 0,
      "crossing_points": 0,
      "crossing_pair_incidents": 0,
      "crossed_edge_count": 0
    },
    "roots__pad_06": {
      "kind": "mux3",
      "incoming_edges": 3,
      "outgoing_edges": 1,
      "direct_downstream_nodes": 1,
      "source_port_nets": 1,
      "rendering_anchors": 1,
      "is_root": false,
      "is_terminal": false,
      "manhattan_length_px": 304.37,
      "bends_total": 0,
      "crossing_points": 0,
      "crossing_pair_incidents": 0,
      "crossed_edge_count": 0
    },
    "roots__pad_07": {
      "kind": "mux3",
      "incoming_edges": 3,
      "outgoing_edges": 1,
      "direct_downstream_nodes": 1,
      "source_port_nets": 1,
      "rendering_anchors": 1,
      "is_root": false,
      "is_terminal": false,
      "manhattan_length_px": 130.088,
      "bends_total": 0,
      "crossing_points": 0,
      "crossing_pair_incidents": 0,
      "crossed_edge_count": 0
    },
    "roots__pad_08": {
      "kind": "mux3",
      "incoming_edges": 3,
      "outgoing_edges": 1,
      "direct_downstream_nodes": 1,
      "source_port_nets": 1,
      "rendering_anchors": 1,
      "is_root": false,
      "is_terminal": false,
      "manhattan_length_px": 304.37,
      "bends_total": 0,
      "crossing_points": 0,
      "crossing_pair_incidents": 0,
      "crossed_edge_count": 0
    },
    "roots__pad_09": {
      "kind": "mux3",
      "incoming_edges": 3,
      "outgoing_edges": 1,
      "direct_downstream_nodes": 1,
      "source_port_nets": 1,
      "rendering_anchors": 1,
      "is_root": false,
      "is_terminal": false,
      "manhattan_length_px": 130.088,
      "bends_total": 0,
      "crossing_points": 0,
      "crossing_pair_incidents": 0,
      "crossed_edge_count": 0
    },
    "roots__pad_10": {
      "kind": "mux3",
      "incoming_edges": 3,
      "outgoing_edges": 1,
      "direct_downstream_nodes": 1,
      "source_port_nets": 1,
      "rendering_anchors": 1,
      "is_root": false,
      "is_terminal": false,
      "manhattan_length_px": 304.37,
      "bends_total": 0,
      "crossing_points": 0,
      "crossing_pair_incidents": 0,
      "crossed_edge_count": 0
    },
    "roots__pad_11": {
      "kind": "mux3",
      "incoming_edges": 3,
      "outgoing_edges": 1,
      "direct_downstream_nodes": 1,
      "source_port_nets": 1,
      "rendering_anchors": 1,
      "is_root": false,
      "is_terminal": false,
      "manhattan_length_px": 130.088,
      "bends_total": 0,
      "crossing_points": 0,
      "crossing_pair_incidents": 0,
      "crossed_edge_count": 0
    },
    "weave__clock_00": {
      "kind": "clock",
      "incoming_edges": 1,
      "outgoing_edges": 0,
      "direct_downstream_nodes": 0,
      "source_port_nets": 0,
      "rendering_anchors": 1,
      "is_root": false,
      "is_terminal": true,
      "manhattan_length_px": 0,
      "bends_total": 0,
      "crossing_points": 0,
      "crossing_pair_incidents": 0,
      "crossed_edge_count": 0
    },
    "weave__clock_01": {
      "kind": "clock",
      "incoming_edges": 1,
      "outgoing_edges": 0,
      "direct_downstream_nodes": 0,
      "source_port_nets": 0,
      "rendering_anchors": 1,
      "is_root": false,
      "is_terminal": true,
      "manhattan_length_px": 0,
      "bends_total": 0,
      "crossing_points": 0,
      "crossing_pair_incidents": 0,
      "crossed_edge_count": 0
    },
    "weave__clock_02": {
      "kind": "clock",
      "incoming_edges": 1,
      "outgoing_edges": 0,
      "direct_downstream_nodes": 0,
      "source_port_nets": 0,
      "rendering_anchors": 1,
      "is_root": false,
      "is_terminal": true,
      "manhattan_length_px": 0,
      "bends_total": 0,
      "crossing_points": 0,
      "crossing_pair_incidents": 0,
      "crossed_edge_count": 0
    },
    "weave__clock_03": {
      "kind": "clock",
      "incoming_edges": 1,
      "outgoing_edges": 0,
      "direct_downstream_nodes": 0,
      "source_port_nets": 0,
      "rendering_anchors": 1,
      "is_root": false,
      "is_terminal": true,
      "manhattan_length_px": 0,
      "bends_total": 0,
      "crossing_points": 0,
      "crossing_pair_incidents": 0,
      "crossed_edge_count": 0
    },
    "weave__clock_04": {
      "kind": "clock",
      "incoming_edges": 1,
      "outgoing_edges": 0,
      "direct_downstream_nodes": 0,
      "source_port_nets": 0,
      "rendering_anchors": 1,
      "is_root": false,
      "is_terminal": true,
      "manhattan_length_px": 0,
      "bends_total": 0,
      "crossing_points": 0,
      "crossing_pair_incidents": 0,
      "crossed_edge_count": 0
    },
    "weave__clock_05": {
      "kind": "clock",
      "incoming_edges": 1,
      "outgoing_edges": 0,
      "direct_downstream_nodes": 0,
      "source_port_nets": 0,
      "rendering_anchors": 1,
      "is_root": false,
      "is_terminal": true,
      "manhattan_length_px": 0,
      "bends_total": 0,
      "crossing_points": 0,
      "crossing_pair_incidents": 0,
      "crossed_edge_count": 0
    },
    "weave__clock_06": {
      "kind": "clock",
      "incoming_edges": 1,
      "outgoing_edges": 0,
      "direct_downstream_nodes": 0,
      "source_port_nets": 0,
      "rendering_anchors": 1,
      "is_root": false,
      "is_terminal": true,
      "manhattan_length_px": 0,
      "bends_total": 0,
      "crossing_points": 0,
      "crossing_pair_incidents": 0,
      "crossed_edge_count": 0
    },
    "weave__clock_07": {
      "kind": "clock",
      "incoming_edges": 1,
      "outgoing_edges": 0,
      "direct_downstream_nodes": 0,
      "source_port_nets": 0,
      "rendering_anchors": 1,
      "is_root": false,
      "is_terminal": true,
      "manhattan_length_px": 0,
      "bends_total": 0,
      "crossing_points": 0,
      "crossing_pair_incidents": 0,
      "crossed_edge_count": 0
    },
    "weave__merge_00": {
      "kind": "mux3",
      "incoming_edges": 3,
      "outgoing_edges": 1,
      "direct_downstream_nodes": 1,
      "source_port_nets": 1,
      "rendering_anchors": 1,
      "is_root": false,
      "is_terminal": false,
      "manhattan_length_px": 304.37,
      "bends_total": 0,
      "crossing_points": 0,
      "crossing_pair_incidents": 0,
      "crossed_edge_count": 0
    },
    "weave__merge_01": {
      "kind": "mux3",
      "incoming_edges": 3,
      "outgoing_edges": 1,
      "direct_downstream_nodes": 1,
      "source_port_nets": 1,
      "rendering_anchors": 1,
      "is_root": false,
      "is_terminal": false,
      "manhattan_length_px": 304.37,
      "bends_total": 0,
      "crossing_points": 2,
      "crossing_pair_incidents": 2,
      "crossed_edge_count": 2
    },
    "weave__merge_02": {
      "kind": "mux3",
      "incoming_edges": 3,
      "outgoing_edges": 1,
      "direct_downstream_nodes": 1,
      "source_port_nets": 1,
      "rendering_anchors": 1,
      "is_root": false,
      "is_terminal": false,
      "manhattan_length_px": 304.37,
      "bends_total": 0,
      "crossing_points": 0,
      "crossing_pair_incidents": 0,
      "crossed_edge_count": 0
    },
    "weave__merge_03": {
      "kind": "mux3",
      "incoming_edges": 3,
      "outgoing_edges": 1,
      "direct_downstream_nodes": 1,
      "source_port_nets": 1,
      "rendering_anchors": 1,
      "is_root": false,
      "is_terminal": false,
      "manhattan_length_px": 304.37,
      "bends_total": 0,
      "crossing_points": 0,
      "crossing_pair_incidents": 0,
      "crossed_edge_count": 0
    },
    "weave__merge_04": {
      "kind": "mux3",
      "incoming_edges": 3,
      "outgoing_edges": 1,
      "direct_downstream_nodes": 1,
      "source_port_nets": 1,
      "rendering_anchors": 1,
      "is_root": false,
      "is_terminal": false,
      "manhattan_length_px": 304.37,
      "bends_total": 0,
      "crossing_points": 2,
      "crossing_pair_incidents": 3,
      "crossed_edge_count": 3
    },
    "weave__merge_05": {
      "kind": "mux3",
      "incoming_edges": 3,
      "outgoing_edges": 1,
      "direct_downstream_nodes": 1,
      "source_port_nets": 1,
      "rendering_anchors": 1,
      "is_root": false,
      "is_terminal": false,
      "manhattan_length_px": 304.37,
      "bends_total": 0,
      "crossing_points": 0,
      "crossing_pair_incidents": 0,
      "crossed_edge_count": 0
    },
    "weave__merge_06": {
      "kind": "mux3",
      "incoming_edges": 3,
      "outgoing_edges": 1,
      "direct_downstream_nodes": 1,
      "source_port_nets": 1,
      "rendering_anchors": 1,
      "is_root": false,
      "is_terminal": false,
      "manhattan_length_px": 304.37,
      "bends_total": 0,
      "crossing_points": 1,
      "crossing_pair_incidents": 1,
      "crossed_edge_count": 1
    },
    "weave__merge_07": {
      "kind": "mux3",
      "incoming_edges": 3,
      "outgoing_edges": 1,
      "direct_downstream_nodes": 1,
      "source_port_nets": 1,
      "rendering_anchors": 1,
      "is_root": false,
      "is_terminal": false,
      "manhattan_length_px": 304.37,
      "bends_total": 0,
      "crossing_points": 0,
      "crossing_pair_incidents": 0,
      "crossed_edge_count": 0
    },
    "weave__public_from": {
      "kind": "from",
      "incoming_edges": 0,
      "outgoing_edges": 6,
      "direct_downstream_nodes": 6,
      "source_port_nets": 1,
      "rendering_anchors": 1,
      "is_root": true,
      "is_terminal": false,
      "manhattan_length_px": 5002.6146,
      "bends_total": 18,
      "crossing_points": 9,
      "crossing_pair_incidents": 23,
      "crossed_edge_count": 8
    },
    "weave__public_gate": {
      "kind": "gate",
      "incoming_edges": 0,
      "outgoing_edges": 5,
      "direct_downstream_nodes": 5,
      "source_port_nets": 1,
      "rendering_anchors": 1,
      "is_root": true,
      "is_terminal": false,
      "manhattan_length_px": 5042.3778,
      "bends_total": 16,
      "crossing_points": 10,
      "crossing_pair_incidents": 30,
      "crossed_edge_count": 11
    },
    "weave__public_source": {
      "kind": "source",
      "incoming_edges": 0,
      "outgoing_edges": 5,
      "direct_downstream_nodes": 5,
      "source_port_nets": 1,
      "rendering_anchors": 1,
      "is_root": true,
      "is_terminal": false,
      "manhattan_length_px": 4293.9804,
      "bends_total": 12,
      "crossing_points": 6,
      "crossing_pair_incidents": 23,
      "crossed_edge_count": 11
    },
    "weave__select_00": {
      "kind": "mux2",
      "incoming_edges": 2,
      "outgoing_edges": 1,
      "direct_downstream_nodes": 1,
      "source_port_nets": 1,
      "rendering_anchors": 1,
      "is_root": false,
      "is_terminal": false,
      "manhattan_length_px": 127.53,
      "bends_total": 0,
      "crossing_points": 0,
      "crossing_pair_incidents": 0,
      "crossed_edge_count": 0
    },
    "weave__select_01": {
      "kind": "mux2",
      "incoming_edges": 2,
      "outgoing_edges": 1,
      "direct_downstream_nodes": 1,
      "source_port_nets": 1,
      "rendering_anchors": 1,
      "is_root": false,
      "is_terminal": false,
      "manhattan_length_px": 127.53,
      "bends_total": 0,
      "crossing_points": 0,
      "crossing_pair_incidents": 0,
      "crossed_edge_count": 0
    },
    "weave__select_02": {
      "kind": "mux2",
      "incoming_edges": 2,
      "outgoing_edges": 1,
      "direct_downstream_nodes": 1,
      "source_port_nets": 1,
      "rendering_anchors": 1,
      "is_root": false,
      "is_terminal": false,
      "manhattan_length_px": 127.53,
      "bends_total": 0,
      "crossing_points": 0,
      "crossing_pair_incidents": 0,
      "crossed_edge_count": 0
    },
    "weave__select_03": {
      "kind": "mux2",
      "incoming_edges": 2,
      "outgoing_edges": 1,
      "direct_downstream_nodes": 1,
      "source_port_nets": 1,
      "rendering_anchors": 1,
      "is_root": false,
      "is_terminal": false,
      "manhattan_length_px": 127.53,
      "bends_total": 0,
      "crossing_points": 0,
      "crossing_pair_incidents": 0,
      "crossed_edge_count": 0
    },
    "weave__select_04": {
      "kind": "mux2",
      "incoming_edges": 2,
      "outgoing_edges": 1,
      "direct_downstream_nodes": 1,
      "source_port_nets": 1,
      "rendering_anchors": 1,
      "is_root": false,
      "is_terminal": false,
      "manhattan_length_px": 127.53,
      "bends_total": 0,
      "crossing_points": 0,
      "crossing_pair_incidents": 0,
      "crossed_edge_count": 0
    },
    "weave__select_05": {
      "kind": "mux2",
      "incoming_edges": 2,
      "outgoing_edges": 1,
      "direct_downstream_nodes": 1,
      "source_port_nets": 1,
      "rendering_anchors": 1,
      "is_root": false,
      "is_terminal": false,
      "manhattan_length_px": 127.53,
      "bends_total": 0,
      "crossing_points": 0,
      "crossing_pair_incidents": 0,
      "crossed_edge_count": 0
    },
    "weave__select_06": {
      "kind": "mux2",
      "incoming_edges": 2,
      "outgoing_edges": 1,
      "direct_downstream_nodes": 1,
      "source_port_nets": 1,
      "rendering_anchors": 1,
      "is_root": false,
      "is_terminal": false,
      "manhattan_length_px": 127.53,
      "bends_total": 0,
      "crossing_points": 0,
      "crossing_pair_incidents": 0,
      "crossed_edge_count": 0
    },
    "weave__select_07": {
      "kind": "mux2",
      "incoming_edges": 2,
      "outgoing_edges": 1,
      "direct_downstream_nodes": 1,
      "source_port_nets": 1,
      "rendering_anchors": 1,
      "is_root": false,
      "is_terminal": false,
      "manhattan_length_px": 127.53,
      "bends_total": 0,
      "crossing_points": 0,
      "crossing_pair_incidents": 0,
      "crossed_edge_count": 0
    },
    "weave__sparse_00": {
      "kind": "source",
      "incoming_edges": 0,
      "outgoing_edges": 1,
      "direct_downstream_nodes": 1,
      "source_port_nets": 1,
      "rendering_anchors": 1,
      "is_root": true,
      "is_terminal": false,
      "manhattan_length_px": 108.71,
      "bends_total": 0,
      "crossing_points": 0,
      "crossing_pair_incidents": 0,
      "crossed_edge_count": 0
    },
    "weave__sparse_01": {
      "kind": "from",
      "incoming_edges": 0,
      "outgoing_edges": 1,
      "direct_downstream_nodes": 1,
      "source_port_nets": 1,
      "rendering_anchors": 1,
      "is_root": true,
      "is_terminal": false,
      "manhattan_length_px": 102.71,
      "bends_total": 0,
      "crossing_points": 0,
      "crossing_pair_incidents": 0,
      "crossed_edge_count": 0
    },
    "weave__sparse_02": {
      "kind": "gate",
      "incoming_edges": 0,
      "outgoing_edges": 1,
      "direct_downstream_nodes": 1,
      "source_port_nets": 1,
      "rendering_anchors": 1,
      "is_root": true,
      "is_terminal": false,
      "manhattan_length_px": 102.71,
      "bends_total": 0,
      "crossing_points": 0,
      "crossing_pair_incidents": 0,
      "crossed_edge_count": 0
    },
    "weave__sparse_03": {
      "kind": "source",
      "incoming_edges": 0,
      "outgoing_edges": 1,
      "direct_downstream_nodes": 1,
      "source_port_nets": 1,
      "rendering_anchors": 1,
      "is_root": true,
      "is_terminal": false,
      "manhattan_length_px": 306.24,
      "bends_total": 0,
      "crossing_points": 0,
      "crossing_pair_incidents": 0,
      "crossed_edge_count": 0
    },
    "weave__sparse_04": {
      "kind": "from",
      "incoming_edges": 0,
      "outgoing_edges": 1,
      "direct_downstream_nodes": 1,
      "source_port_nets": 1,
      "rendering_anchors": 1,
      "is_root": true,
      "is_terminal": false,
      "manhattan_length_px": 102.71,
      "bends_total": 0,
      "crossing_points": 0,
      "crossing_pair_incidents": 0,
      "crossed_edge_count": 0
    },
    "weave__sparse_05": {
      "kind": "gate",
      "incoming_edges": 0,
      "outgoing_edges": 1,
      "direct_downstream_nodes": 1,
      "source_port_nets": 1,
      "rendering_anchors": 1,
      "is_root": true,
      "is_terminal": false,
      "manhattan_length_px": 102.71,
      "bends_total": 0,
      "crossing_points": 0,
      "crossing_pair_incidents": 0,
      "crossed_edge_count": 0
    },
    "weave__sparse_06": {
      "kind": "source",
      "incoming_edges": 0,
      "outgoing_edges": 1,
      "direct_downstream_nodes": 1,
      "source_port_nets": 1,
      "rendering_anchors": 1,
      "is_root": true,
      "is_terminal": false,
      "manhattan_length_px": 108.71,
      "bends_total": 0,
      "crossing_points": 0,
      "crossing_pair_incidents": 0,
      "crossed_edge_count": 0
    },
    "weave__sparse_07": {
      "kind": "from",
      "incoming_edges": 0,
      "outgoing_edges": 1,
      "direct_downstream_nodes": 1,
      "source_port_nets": 1,
      "rendering_anchors": 1,
      "is_root": true,
      "is_terminal": false,
      "manhattan_length_px": 102.71,
      "bends_total": 0,
      "crossing_points": 0,
      "crossing_pair_incidents": 0,
      "crossed_edge_count": 0
    },
    "weave__sparse_08": {
      "kind": "gate",
      "incoming_edges": 0,
      "outgoing_edges": 1,
      "direct_downstream_nodes": 1,
      "source_port_nets": 1,
      "rendering_anchors": 1,
      "is_root": true,
      "is_terminal": false,
      "manhattan_length_px": 102.71,
      "bends_total": 0,
      "crossing_points": 0,
      "crossing_pair_incidents": 0,
      "crossed_edge_count": 0
    },
    "weave__sparse_09": {
      "kind": "source",
      "incoming_edges": 0,
      "outgoing_edges": 1,
      "direct_downstream_nodes": 1,
      "source_port_nets": 1,
      "rendering_anchors": 1,
      "is_root": true,
      "is_terminal": false,
      "manhattan_length_px": 108.71,
      "bends_total": 0,
      "crossing_points": 0,
      "crossing_pair_incidents": 0,
      "crossed_edge_count": 0
    },
    "weave__sparse_10": {
      "kind": "from",
      "incoming_edges": 0,
      "outgoing_edges": 1,
      "direct_downstream_nodes": 1,
      "source_port_nets": 1,
      "rendering_anchors": 1,
      "is_root": true,
      "is_terminal": false,
      "manhattan_length_px": 102.71,
      "bends_total": 0,
      "crossing_points": 0,
      "crossing_pair_incidents": 0,
      "crossed_edge_count": 0
    },
    "weave__sparse_11": {
      "kind": "gate",
      "incoming_edges": 0,
      "outgoing_edges": 1,
      "direct_downstream_nodes": 1,
      "source_port_nets": 1,
      "rendering_anchors": 1,
      "is_root": true,
      "is_terminal": false,
      "manhattan_length_px": 300.24,
      "bends_total": 0,
      "crossing_points": 0,
      "crossing_pair_incidents": 0,
      "crossed_edge_count": 0
    },
    "weave__sparse_12": {
      "kind": "source",
      "incoming_edges": 0,
      "outgoing_edges": 1,
      "direct_downstream_nodes": 1,
      "source_port_nets": 1,
      "rendering_anchors": 1,
      "is_root": true,
      "is_terminal": false,
      "manhattan_length_px": 306.24,
      "bends_total": 0,
      "crossing_points": 0,
      "crossing_pair_incidents": 0,
      "crossed_edge_count": 0
    },
    "weave__sparse_13": {
      "kind": "from",
      "incoming_edges": 0,
      "outgoing_edges": 1,
      "direct_downstream_nodes": 1,
      "source_port_nets": 1,
      "rendering_anchors": 1,
      "is_root": true,
      "is_terminal": false,
      "manhattan_length_px": 102.71,
      "bends_total": 0,
      "crossing_points": 0,
      "crossing_pair_incidents": 0,
      "crossed_edge_count": 0
    },
    "weave__sparse_14": {
      "kind": "gate",
      "incoming_edges": 0,
      "outgoing_edges": 1,
      "direct_downstream_nodes": 1,
      "source_port_nets": 1,
      "rendering_anchors": 1,
      "is_root": true,
      "is_terminal": false,
      "manhattan_length_px": 102.71,
      "bends_total": 0,
      "crossing_points": 0,
      "crossing_pair_incidents": 0,
      "crossed_edge_count": 0
    },
    "weave__sparse_15": {
      "kind": "source",
      "incoming_edges": 0,
      "outgoing_edges": 1,
      "direct_downstream_nodes": 1,
      "source_port_nets": 1,
      "rendering_anchors": 1,
      "is_root": true,
      "is_terminal": false,
      "manhattan_length_px": 108.71,
      "bends_total": 0,
      "crossing_points": 0,
      "crossing_pair_incidents": 0,
      "crossed_edge_count": 0
    }
  },
  "networks": {
    "ports__cell:right": {
      "source": "ports__cell",
      "source_port": "right",
      "edges": 1,
      "rendering_anchors": 1,
      "branch_count": 0,
      "crossing_points": 0,
      "crossing_pair_incidents": 0,
      "crossed_edge_count": 0,
      "manhattan_length_px": 129.53,
      "horizontal_length_px": 129.53,
      "vertical_length_px": 0,
      "bends_total": 0,
      "bends_max_per_edge": 0,
      "split_rejoin": false
    },
    "ports__div_b:right": {
      "source": "ports__div_b",
      "source_port": "right",
      "edges": 1,
      "rendering_anchors": 1,
      "branch_count": 0,
      "crossing_points": 1,
      "crossing_pair_incidents": 1,
      "crossed_edge_count": 1,
      "manhattan_length_px": 130.088,
      "horizontal_length_px": 130.088,
      "vertical_length_px": 0,
      "bends_total": 0,
      "bends_max_per_edge": 0,
      "split_rejoin": false
    },
    "ports__from_a:right": {
      "source": "ports__from_a",
      "source_port": "right",
      "edges": 1,
      "rendering_anchors": 1,
      "branch_count": 0,
      "crossing_points": 0,
      "crossing_pair_incidents": 0,
      "crossed_edge_count": 0,
      "manhattan_length_px": 303.24,
      "horizontal_length_px": 303.24,
      "vertical_length_px": 0,
      "bends_total": 0,
      "bends_max_per_edge": 0,
      "split_rejoin": false
    },
    "ports__from_b:right": {
      "source": "ports__from_b",
      "source_port": "right",
      "edges": 1,
      "rendering_anchors": 1,
      "branch_count": 0,
      "crossing_points": 0,
      "crossing_pair_incidents": 0,
      "crossed_edge_count": 0,
      "manhattan_length_px": 160.76,
      "horizontal_length_px": 160.76,
      "vertical_length_px": 0,
      "bends_total": 0,
      "bends_max_per_edge": 0,
      "split_rejoin": false
    },
    "ports__gate_a:right": {
      "source": "ports__gate_a",
      "source_port": "right",
      "edges": 2,
      "rendering_anchors": 1,
      "branch_count": 1,
      "crossing_points": 1,
      "crossing_pair_incidents": 1,
      "crossed_edge_count": 1,
      "manhattan_length_px": 681.38,
      "horizontal_length_px": 568.38,
      "vertical_length_px": 113.0,
      "bends_total": 2,
      "bends_max_per_edge": 2,
      "split_rejoin": false
    },
    "ports__gate_b:right": {
      "source": "ports__gate_b",
      "source_port": "right",
      "edges": 1,
      "rendering_anchors": 1,
      "branch_count": 0,
      "crossing_points": 0,
      "crossing_pair_incidents": 0,
      "crossed_edge_count": 0,
      "manhattan_length_px": 112.088,
      "horizontal_length_px": 112.088,
      "vertical_length_px": 0,
      "bends_total": 0,
      "bends_max_per_edge": 0,
      "split_rejoin": false
    },
    "ports__sel:right": {
      "source": "ports__sel",
      "source_port": "right",
      "edges": 1,
      "rendering_anchors": 1,
      "branch_count": 0,
      "crossing_points": 0,
      "crossing_pair_incidents": 0,
      "crossed_edge_count": 0,
      "manhattan_length_px": 151.89,
      "horizontal_length_px": 151.89,
      "vertical_length_px": 0,
      "bends_total": 0,
      "bends_max_per_edge": 0,
      "split_rejoin": false
    },
    "roots__cell_00:right": {
      "source": "roots__cell_00",
      "source_port": "right",
      "edges": 1,
      "rendering_anchors": 1,
      "branch_count": 0,
      "crossing_points": 0,
      "crossing_pair_incidents": 0,
      "crossed_edge_count": 0,
      "manhattan_length_px": 129.53,
      "horizontal_length_px": 129.53,
      "vertical_length_px": 0,
      "bends_total": 0,
      "bends_max_per_edge": 0,
      "split_rejoin": false
    },
    "roots__cell_01:right": {
      "source": "roots__cell_01",
      "source_port": "right",
      "edges": 1,
      "rendering_anchors": 1,
      "branch_count": 0,
      "crossing_points": 0,
      "crossing_pair_incidents": 0,
      "crossed_edge_count": 0,
      "manhattan_length_px": 129.53,
      "horizontal_length_px": 129.53,
      "vertical_length_px": 0,
      "bends_total": 0,
      "bends_max_per_edge": 0,
      "split_rejoin": false
    },
    "roots__cell_02:right": {
      "source": "roots__cell_02",
      "source_port": "right",
      "edges": 1,
      "rendering_anchors": 1,
      "branch_count": 0,
      "crossing_points": 0,
      "crossing_pair_incidents": 0,
      "crossed_edge_count": 0,
      "manhattan_length_px": 129.53,
      "horizontal_length_px": 129.53,
      "vertical_length_px": 0,
      "bends_total": 0,
      "bends_max_per_edge": 0,
      "split_rejoin": false
    },
    "roots__cell_03:right": {
      "source": "roots__cell_03",
      "source_port": "right",
      "edges": 1,
      "rendering_anchors": 1,
      "branch_count": 0,
      "crossing_points": 0,
      "crossing_pair_incidents": 0,
      "crossed_edge_count": 0,
      "manhattan_length_px": 129.53,
      "horizontal_length_px": 129.53,
      "vertical_length_px": 0,
      "bends_total": 0,
      "bends_max_per_edge": 0,
      "split_rejoin": false
    },
    "roots__cell_04:right": {
      "source": "roots__cell_04",
      "source_port": "right",
      "edges": 1,
      "rendering_anchors": 1,
      "branch_count": 0,
      "crossing_points": 0,
      "crossing_pair_incidents": 0,
      "crossed_edge_count": 0,
      "manhattan_length_px": 129.53,
      "horizontal_length_px": 129.53,
      "vertical_length_px": 0,
      "bends_total": 0,
      "bends_max_per_edge": 0,
      "split_rejoin": false
    },
    "roots__cell_05:right": {
      "source": "roots__cell_05",
      "source_port": "right",
      "edges": 1,
      "rendering_anchors": 1,
      "branch_count": 0,
      "crossing_points": 0,
      "crossing_pair_incidents": 0,
      "crossed_edge_count": 0,
      "manhattan_length_px": 129.53,
      "horizontal_length_px": 129.53,
      "vertical_length_px": 0,
      "bends_total": 0,
      "bends_max_per_edge": 0,
      "split_rejoin": false
    },
    "roots__cell_06:right": {
      "source": "roots__cell_06",
      "source_port": "right",
      "edges": 1,
      "rendering_anchors": 1,
      "branch_count": 0,
      "crossing_points": 0,
      "crossing_pair_incidents": 0,
      "crossed_edge_count": 0,
      "manhattan_length_px": 129.53,
      "horizontal_length_px": 129.53,
      "vertical_length_px": 0,
      "bends_total": 0,
      "bends_max_per_edge": 0,
      "split_rejoin": false
    },
    "roots__cell_07:right": {
      "source": "roots__cell_07",
      "source_port": "right",
      "edges": 1,
      "rendering_anchors": 1,
      "branch_count": 0,
      "crossing_points": 0,
      "crossing_pair_incidents": 0,
      "crossed_edge_count": 0,
      "manhattan_length_px": 129.53,
      "horizontal_length_px": 129.53,
      "vertical_length_px": 0,
      "bends_total": 0,
      "bends_max_per_edge": 0,
      "split_rejoin": false
    },
    "roots__cell_08:right": {
      "source": "roots__cell_08",
      "source_port": "right",
      "edges": 1,
      "rendering_anchors": 1,
      "branch_count": 0,
      "crossing_points": 0,
      "crossing_pair_incidents": 0,
      "crossed_edge_count": 0,
      "manhattan_length_px": 129.53,
      "horizontal_length_px": 129.53,
      "vertical_length_px": 0,
      "bends_total": 0,
      "bends_max_per_edge": 0,
      "split_rejoin": false
    },
    "roots__cell_09:right": {
      "source": "roots__cell_09",
      "source_port": "right",
      "edges": 1,
      "rendering_anchors": 1,
      "branch_count": 0,
      "crossing_points": 0,
      "crossing_pair_incidents": 0,
      "crossed_edge_count": 0,
      "manhattan_length_px": 129.53,
      "horizontal_length_px": 129.53,
      "vertical_length_px": 0,
      "bends_total": 0,
      "bends_max_per_edge": 0,
      "split_rejoin": false
    },
    "roots__cell_10:right": {
      "source": "roots__cell_10",
      "source_port": "right",
      "edges": 1,
      "rendering_anchors": 1,
      "branch_count": 0,
      "crossing_points": 0,
      "crossing_pair_incidents": 0,
      "crossed_edge_count": 0,
      "manhattan_length_px": 129.53,
      "horizontal_length_px": 129.53,
      "vertical_length_px": 0,
      "bends_total": 0,
      "bends_max_per_edge": 0,
      "split_rejoin": false
    },
    "roots__cell_11:right": {
      "source": "roots__cell_11",
      "source_port": "right",
      "edges": 1,
      "rendering_anchors": 1,
      "branch_count": 0,
      "crossing_points": 0,
      "crossing_pair_incidents": 0,
      "crossed_edge_count": 0,
      "manhattan_length_px": 129.53,
      "horizontal_length_px": 129.53,
      "vertical_length_px": 0,
      "bends_total": 0,
      "bends_max_per_edge": 0,
      "split_rejoin": false
    },
    "roots__common_from:right": {
      "source": "roots__common_from",
      "source_port": "right",
      "edges": 4,
      "rendering_anchors": 1,
      "branch_count": 3,
      "crossing_points": 8,
      "crossing_pair_incidents": 24,
      "crossed_edge_count": 7,
      "manhattan_length_px": 3997.0464,
      "horizontal_length_px": 1200.96,
      "vertical_length_px": 2796.0864,
      "bends_total": 6,
      "bends_max_per_edge": 2,
      "split_rejoin": false
    },
    "roots__common_gate_root:right": {
      "source": "roots__common_gate_root",
      "source_port": "right",
      "edges": 4,
      "rendering_anchors": 1,
      "branch_count": 3,
      "crossing_points": 8,
      "crossing_pair_incidents": 24,
      "crossed_edge_count": 6,
      "manhattan_length_px": 3997.0464,
      "horizontal_length_px": 1200.96,
      "vertical_length_px": 2796.0864,
      "bends_total": 6,
      "bends_max_per_edge": 2,
      "split_rejoin": false
    },
    "roots__common_source:right": {
      "source": "roots__common_source",
      "source_port": "right",
      "edges": 4,
      "rendering_anchors": 1,
      "branch_count": 3,
      "crossing_points": 8,
      "crossing_pair_incidents": 24,
      "crossed_edge_count": 8,
      "manhattan_length_px": 4021.0464,
      "horizontal_length_px": 1224.96,
      "vertical_length_px": 2796.0864,
      "bends_total": 6,
      "bends_max_per_edge": 2,
      "split_rejoin": false
    },
    "roots__div_01:right": {
      "source": "roots__div_01",
      "source_port": "right",
      "edges": 1,
      "rendering_anchors": 1,
      "branch_count": 0,
      "crossing_points": 0,
      "crossing_pair_incidents": 0,
      "crossed_edge_count": 0,
      "manhattan_length_px": 153.498,
      "horizontal_length_px": 153.498,
      "vertical_length_px": 0,
      "bends_total": 0,
      "bends_max_per_edge": 0,
      "split_rejoin": false
    },
    "roots__div_03:right": {
      "source": "roots__div_03",
      "source_port": "right",
      "edges": 1,
      "rendering_anchors": 1,
      "branch_count": 0,
      "crossing_points": 0,
      "crossing_pair_incidents": 0,
      "crossed_edge_count": 0,
      "manhattan_length_px": 153.498,
      "horizontal_length_px": 153.498,
      "vertical_length_px": 0,
      "bends_total": 0,
      "bends_max_per_edge": 0,
      "split_rejoin": false
    },
    "roots__div_05:right": {
      "source": "roots__div_05",
      "source_port": "right",
      "edges": 1,
      "rendering_anchors": 1,
      "branch_count": 0,
      "crossing_points": 0,
      "crossing_pair_incidents": 0,
      "crossed_edge_count": 0,
      "manhattan_length_px": 153.498,
      "horizontal_length_px": 153.498,
      "vertical_length_px": 0,
      "bends_total": 0,
      "bends_max_per_edge": 0,
      "split_rejoin": false
    },
    "roots__div_07:right": {
      "source": "roots__div_07",
      "source_port": "right",
      "edges": 1,
      "rendering_anchors": 1,
      "branch_count": 0,
      "crossing_points": 0,
      "crossing_pair_incidents": 0,
      "crossed_edge_count": 0,
      "manhattan_length_px": 153.498,
      "horizontal_length_px": 153.498,
      "vertical_length_px": 0,
      "bends_total": 0,
      "bends_max_per_edge": 0,
      "split_rejoin": false
    },
    "roots__div_09:right": {
      "source": "roots__div_09",
      "source_port": "right",
      "edges": 1,
      "rendering_anchors": 1,
      "branch_count": 0,
      "crossing_points": 0,
      "crossing_pair_incidents": 0,
      "crossed_edge_count": 0,
      "manhattan_length_px": 153.498,
      "horizontal_length_px": 153.498,
      "vertical_length_px": 0,
      "bends_total": 0,
      "bends_max_per_edge": 0,
      "split_rejoin": false
    },
    "roots__div_11:right": {
      "source": "roots__div_11",
      "source_port": "right",
      "edges": 1,
      "rendering_anchors": 1,
      "branch_count": 0,
      "crossing_points": 0,
      "crossing_pair_incidents": 0,
      "crossed_edge_count": 0,
      "manhattan_length_px": 153.498,
      "horizontal_length_px": 153.498,
      "vertical_length_px": 0,
      "bends_total": 0,
      "bends_max_per_edge": 0,
      "split_rejoin": false
    },
    "roots__local_a_00:right": {
      "source": "roots__local_a_00",
      "source_port": "right",
      "edges": 1,
      "rendering_anchors": 1,
      "branch_count": 0,
      "crossing_points": 0,
      "crossing_pair_incidents": 0,
      "crossed_edge_count": 0,
      "manhattan_length_px": 99.3,
      "horizontal_length_px": 99.3,
      "vertical_length_px": 0,
      "bends_total": 0,
      "bends_max_per_edge": 0,
      "split_rejoin": false
    },
    "roots__local_a_01:right": {
      "source": "roots__local_a_01",
      "source_port": "right",
      "edges": 1,
      "rendering_anchors": 1,
      "branch_count": 0,
      "crossing_points": 0,
      "crossing_pair_incidents": 0,
      "crossed_edge_count": 0,
      "manhattan_length_px": 105.3,
      "horizontal_length_px": 105.3,
      "vertical_length_px": 0,
      "bends_total": 0,
      "bends_max_per_edge": 0,
      "split_rejoin": false
    },
    "roots__local_a_02:right": {
      "source": "roots__local_a_02",
      "source_port": "right",
      "edges": 1,
      "rendering_anchors": 1,
      "branch_count": 0,
      "crossing_points": 0,
      "crossing_pair_incidents": 0,
      "crossed_edge_count": 0,
      "manhattan_length_px": 99.3,
      "horizontal_length_px": 99.3,
      "vertical_length_px": 0,
      "bends_total": 0,
      "bends_max_per_edge": 0,
      "split_rejoin": false
    },
    "roots__local_a_03:right": {
      "source": "roots__local_a_03",
      "source_port": "right",
      "edges": 1,
      "rendering_anchors": 1,
      "branch_count": 0,
      "crossing_points": 0,
      "crossing_pair_incidents": 0,
      "crossed_edge_count": 0,
      "manhattan_length_px": 99.3,
      "horizontal_length_px": 99.3,
      "vertical_length_px": 0,
      "bends_total": 0,
      "bends_max_per_edge": 0,
      "split_rejoin": false
    },
    "roots__local_a_04:right": {
      "source": "roots__local_a_04",
      "source_port": "right",
      "edges": 1,
      "rendering_anchors": 1,
      "branch_count": 0,
      "crossing_points": 0,
      "crossing_pair_incidents": 0,
      "crossed_edge_count": 0,
      "manhattan_length_px": 105.3,
      "horizontal_length_px": 105.3,
      "vertical_length_px": 0,
      "bends_total": 0,
      "bends_max_per_edge": 0,
      "split_rejoin": false
    },
    "roots__local_a_05:right": {
      "source": "roots__local_a_05",
      "source_port": "right",
      "edges": 1,
      "rendering_anchors": 1,
      "branch_count": 0,
      "crossing_points": 0,
      "crossing_pair_incidents": 0,
      "crossed_edge_count": 0,
      "manhattan_length_px": 99.3,
      "horizontal_length_px": 99.3,
      "vertical_length_px": 0,
      "bends_total": 0,
      "bends_max_per_edge": 0,
      "split_rejoin": false
    },
    "roots__local_a_06:right": {
      "source": "roots__local_a_06",
      "source_port": "right",
      "edges": 1,
      "rendering_anchors": 1,
      "branch_count": 0,
      "crossing_points": 0,
      "crossing_pair_incidents": 0,
      "crossed_edge_count": 0,
      "manhattan_length_px": 99.3,
      "horizontal_length_px": 99.3,
      "vertical_length_px": 0,
      "bends_total": 0,
      "bends_max_per_edge": 0,
      "split_rejoin": false
    },
    "roots__local_a_07:right": {
      "source": "roots__local_a_07",
      "source_port": "right",
      "edges": 1,
      "rendering_anchors": 1,
      "branch_count": 0,
      "crossing_points": 0,
      "crossing_pair_incidents": 0,
      "crossed_edge_count": 0,
      "manhattan_length_px": 105.3,
      "horizontal_length_px": 105.3,
      "vertical_length_px": 0,
      "bends_total": 0,
      "bends_max_per_edge": 0,
      "split_rejoin": false
    },
    "roots__local_a_08:right": {
      "source": "roots__local_a_08",
      "source_port": "right",
      "edges": 1,
      "rendering_anchors": 1,
      "branch_count": 0,
      "crossing_points": 0,
      "crossing_pair_incidents": 0,
      "crossed_edge_count": 0,
      "manhattan_length_px": 99.3,
      "horizontal_length_px": 99.3,
      "vertical_length_px": 0,
      "bends_total": 0,
      "bends_max_per_edge": 0,
      "split_rejoin": false
    },
    "roots__local_a_09:right": {
      "source": "roots__local_a_09",
      "source_port": "right",
      "edges": 1,
      "rendering_anchors": 1,
      "branch_count": 0,
      "crossing_points": 0,
      "crossing_pair_incidents": 0,
      "crossed_edge_count": 0,
      "manhattan_length_px": 99.3,
      "horizontal_length_px": 99.3,
      "vertical_length_px": 0,
      "bends_total": 0,
      "bends_max_per_edge": 0,
      "split_rejoin": false
    },
    "roots__local_a_10:right": {
      "source": "roots__local_a_10",
      "source_port": "right",
      "edges": 1,
      "rendering_anchors": 1,
      "branch_count": 0,
      "crossing_points": 0,
      "crossing_pair_incidents": 0,
      "crossed_edge_count": 0,
      "manhattan_length_px": 105.3,
      "horizontal_length_px": 105.3,
      "vertical_length_px": 0,
      "bends_total": 0,
      "bends_max_per_edge": 0,
      "split_rejoin": false
    },
    "roots__local_a_11:right": {
      "source": "roots__local_a_11",
      "source_port": "right",
      "edges": 1,
      "rendering_anchors": 1,
      "branch_count": 0,
      "crossing_points": 0,
      "crossing_pair_incidents": 0,
      "crossed_edge_count": 0,
      "manhattan_length_px": 99.3,
      "horizontal_length_px": 99.3,
      "vertical_length_px": 0,
      "bends_total": 0,
      "bends_max_per_edge": 0,
      "split_rejoin": false
    },
    "roots__local_b_00:right": {
      "source": "roots__local_b_00",
      "source_port": "right",
      "edges": 1,
      "rendering_anchors": 1,
      "branch_count": 0,
      "crossing_points": 0,
      "crossing_pair_incidents": 0,
      "crossed_edge_count": 0,
      "manhattan_length_px": 105.3,
      "horizontal_length_px": 105.3,
      "vertical_length_px": 0,
      "bends_total": 0,
      "bends_max_per_edge": 0,
      "split_rejoin": false
    },
    "roots__local_b_01:right": {
      "source": "roots__local_b_01",
      "source_port": "right",
      "edges": 1,
      "rendering_anchors": 1,
      "branch_count": 0,
      "crossing_points": 0,
      "crossing_pair_incidents": 0,
      "crossed_edge_count": 0,
      "manhattan_length_px": 99.3,
      "horizontal_length_px": 99.3,
      "vertical_length_px": 0,
      "bends_total": 0,
      "bends_max_per_edge": 0,
      "split_rejoin": false
    },
    "roots__local_b_02:right": {
      "source": "roots__local_b_02",
      "source_port": "right",
      "edges": 1,
      "rendering_anchors": 1,
      "branch_count": 0,
      "crossing_points": 0,
      "crossing_pair_incidents": 0,
      "crossed_edge_count": 0,
      "manhattan_length_px": 99.3,
      "horizontal_length_px": 99.3,
      "vertical_length_px": 0,
      "bends_total": 0,
      "bends_max_per_edge": 0,
      "split_rejoin": false
    },
    "roots__local_b_03:right": {
      "source": "roots__local_b_03",
      "source_port": "right",
      "edges": 1,
      "rendering_anchors": 1,
      "branch_count": 0,
      "crossing_points": 0,
      "crossing_pair_incidents": 0,
      "crossed_edge_count": 0,
      "manhattan_length_px": 105.3,
      "horizontal_length_px": 105.3,
      "vertical_length_px": 0,
      "bends_total": 0,
      "bends_max_per_edge": 0,
      "split_rejoin": false
    },
    "roots__local_b_04:right": {
      "source": "roots__local_b_04",
      "source_port": "right",
      "edges": 1,
      "rendering_anchors": 1,
      "branch_count": 0,
      "crossing_points": 0,
      "crossing_pair_incidents": 0,
      "crossed_edge_count": 0,
      "manhattan_length_px": 99.3,
      "horizontal_length_px": 99.3,
      "vertical_length_px": 0,
      "bends_total": 0,
      "bends_max_per_edge": 0,
      "split_rejoin": false
    },
    "roots__local_b_05:right": {
      "source": "roots__local_b_05",
      "source_port": "right",
      "edges": 1,
      "rendering_anchors": 1,
      "branch_count": 0,
      "crossing_points": 0,
      "crossing_pair_incidents": 0,
      "crossed_edge_count": 0,
      "manhattan_length_px": 99.3,
      "horizontal_length_px": 99.3,
      "vertical_length_px": 0,
      "bends_total": 0,
      "bends_max_per_edge": 0,
      "split_rejoin": false
    },
    "roots__local_b_06:right": {
      "source": "roots__local_b_06",
      "source_port": "right",
      "edges": 1,
      "rendering_anchors": 1,
      "branch_count": 0,
      "crossing_points": 0,
      "crossing_pair_incidents": 0,
      "crossed_edge_count": 0,
      "manhattan_length_px": 105.3,
      "horizontal_length_px": 105.3,
      "vertical_length_px": 0,
      "bends_total": 0,
      "bends_max_per_edge": 0,
      "split_rejoin": false
    },
    "roots__local_b_07:right": {
      "source": "roots__local_b_07",
      "source_port": "right",
      "edges": 1,
      "rendering_anchors": 1,
      "branch_count": 0,
      "crossing_points": 0,
      "crossing_pair_incidents": 0,
      "crossed_edge_count": 0,
      "manhattan_length_px": 99.3,
      "horizontal_length_px": 99.3,
      "vertical_length_px": 0,
      "bends_total": 0,
      "bends_max_per_edge": 0,
      "split_rejoin": false
    },
    "roots__local_b_08:right": {
      "source": "roots__local_b_08",
      "source_port": "right",
      "edges": 1,
      "rendering_anchors": 1,
      "branch_count": 0,
      "crossing_points": 0,
      "crossing_pair_incidents": 0,
      "crossed_edge_count": 0,
      "manhattan_length_px": 99.3,
      "horizontal_length_px": 99.3,
      "vertical_length_px": 0,
      "bends_total": 0,
      "bends_max_per_edge": 0,
      "split_rejoin": false
    },
    "roots__local_b_09:right": {
      "source": "roots__local_b_09",
      "source_port": "right",
      "edges": 1,
      "rendering_anchors": 1,
      "branch_count": 0,
      "crossing_points": 0,
      "crossing_pair_incidents": 0,
      "crossed_edge_count": 0,
      "manhattan_length_px": 105.3,
      "horizontal_length_px": 105.3,
      "vertical_length_px": 0,
      "bends_total": 0,
      "bends_max_per_edge": 0,
      "split_rejoin": false
    },
    "roots__local_b_10:right": {
      "source": "roots__local_b_10",
      "source_port": "right",
      "edges": 1,
      "rendering_anchors": 1,
      "branch_count": 0,
      "crossing_points": 0,
      "crossing_pair_incidents": 0,
      "crossed_edge_count": 0,
      "manhattan_length_px": 99.3,
      "horizontal_length_px": 99.3,
      "vertical_length_px": 0,
      "bends_total": 0,
      "bends_max_per_edge": 0,
      "split_rejoin": false
    },
    "roots__local_b_11:right": {
      "source": "roots__local_b_11",
      "source_port": "right",
      "edges": 1,
      "rendering_anchors": 1,
      "branch_count": 0,
      "crossing_points": 0,
      "crossing_pair_incidents": 0,
      "crossed_edge_count": 0,
      "manhattan_length_px": 99.3,
      "horizontal_length_px": 99.3,
      "vertical_length_px": 0,
      "bends_total": 0,
      "bends_max_per_edge": 0,
      "split_rejoin": false
    },
    "roots__pad_00:right": {
      "source": "roots__pad_00",
      "source_port": "right",
      "edges": 1,
      "rendering_anchors": 1,
      "branch_count": 0,
      "crossing_points": 0,
      "crossing_pair_incidents": 0,
      "crossed_edge_count": 0,
      "manhattan_length_px": 304.37,
      "horizontal_length_px": 304.37,
      "vertical_length_px": 0,
      "bends_total": 0,
      "bends_max_per_edge": 0,
      "split_rejoin": false
    },
    "roots__pad_01:right": {
      "source": "roots__pad_01",
      "source_port": "right",
      "edges": 1,
      "rendering_anchors": 1,
      "branch_count": 0,
      "crossing_points": 0,
      "crossing_pair_incidents": 0,
      "crossed_edge_count": 0,
      "manhattan_length_px": 130.088,
      "horizontal_length_px": 130.088,
      "vertical_length_px": 0,
      "bends_total": 0,
      "bends_max_per_edge": 0,
      "split_rejoin": false
    },
    "roots__pad_02:right": {
      "source": "roots__pad_02",
      "source_port": "right",
      "edges": 1,
      "rendering_anchors": 1,
      "branch_count": 0,
      "crossing_points": 0,
      "crossing_pair_incidents": 0,
      "crossed_edge_count": 0,
      "manhattan_length_px": 304.37,
      "horizontal_length_px": 304.37,
      "vertical_length_px": 0,
      "bends_total": 0,
      "bends_max_per_edge": 0,
      "split_rejoin": false
    },
    "roots__pad_03:right": {
      "source": "roots__pad_03",
      "source_port": "right",
      "edges": 1,
      "rendering_anchors": 1,
      "branch_count": 0,
      "crossing_points": 0,
      "crossing_pair_incidents": 0,
      "crossed_edge_count": 0,
      "manhattan_length_px": 130.088,
      "horizontal_length_px": 130.088,
      "vertical_length_px": 0,
      "bends_total": 0,
      "bends_max_per_edge": 0,
      "split_rejoin": false
    },
    "roots__pad_04:right": {
      "source": "roots__pad_04",
      "source_port": "right",
      "edges": 1,
      "rendering_anchors": 1,
      "branch_count": 0,
      "crossing_points": 0,
      "crossing_pair_incidents": 0,
      "crossed_edge_count": 0,
      "manhattan_length_px": 304.37,
      "horizontal_length_px": 304.37,
      "vertical_length_px": 0,
      "bends_total": 0,
      "bends_max_per_edge": 0,
      "split_rejoin": false
    },
    "roots__pad_05:right": {
      "source": "roots__pad_05",
      "source_port": "right",
      "edges": 1,
      "rendering_anchors": 1,
      "branch_count": 0,
      "crossing_points": 0,
      "crossing_pair_incidents": 0,
      "crossed_edge_count": 0,
      "manhattan_length_px": 130.088,
      "horizontal_length_px": 130.088,
      "vertical_length_px": 0,
      "bends_total": 0,
      "bends_max_per_edge": 0,
      "split_rejoin": false
    },
    "roots__pad_06:right": {
      "source": "roots__pad_06",
      "source_port": "right",
      "edges": 1,
      "rendering_anchors": 1,
      "branch_count": 0,
      "crossing_points": 0,
      "crossing_pair_incidents": 0,
      "crossed_edge_count": 0,
      "manhattan_length_px": 304.37,
      "horizontal_length_px": 304.37,
      "vertical_length_px": 0,
      "bends_total": 0,
      "bends_max_per_edge": 0,
      "split_rejoin": false
    },
    "roots__pad_07:right": {
      "source": "roots__pad_07",
      "source_port": "right",
      "edges": 1,
      "rendering_anchors": 1,
      "branch_count": 0,
      "crossing_points": 0,
      "crossing_pair_incidents": 0,
      "crossed_edge_count": 0,
      "manhattan_length_px": 130.088,
      "horizontal_length_px": 130.088,
      "vertical_length_px": 0,
      "bends_total": 0,
      "bends_max_per_edge": 0,
      "split_rejoin": false
    },
    "roots__pad_08:right": {
      "source": "roots__pad_08",
      "source_port": "right",
      "edges": 1,
      "rendering_anchors": 1,
      "branch_count": 0,
      "crossing_points": 0,
      "crossing_pair_incidents": 0,
      "crossed_edge_count": 0,
      "manhattan_length_px": 304.37,
      "horizontal_length_px": 304.37,
      "vertical_length_px": 0,
      "bends_total": 0,
      "bends_max_per_edge": 0,
      "split_rejoin": false
    },
    "roots__pad_09:right": {
      "source": "roots__pad_09",
      "source_port": "right",
      "edges": 1,
      "rendering_anchors": 1,
      "branch_count": 0,
      "crossing_points": 0,
      "crossing_pair_incidents": 0,
      "crossed_edge_count": 0,
      "manhattan_length_px": 130.088,
      "horizontal_length_px": 130.088,
      "vertical_length_px": 0,
      "bends_total": 0,
      "bends_max_per_edge": 0,
      "split_rejoin": false
    },
    "roots__pad_10:right": {
      "source": "roots__pad_10",
      "source_port": "right",
      "edges": 1,
      "rendering_anchors": 1,
      "branch_count": 0,
      "crossing_points": 0,
      "crossing_pair_incidents": 0,
      "crossed_edge_count": 0,
      "manhattan_length_px": 304.37,
      "horizontal_length_px": 304.37,
      "vertical_length_px": 0,
      "bends_total": 0,
      "bends_max_per_edge": 0,
      "split_rejoin": false
    },
    "roots__pad_11:right": {
      "source": "roots__pad_11",
      "source_port": "right",
      "edges": 1,
      "rendering_anchors": 1,
      "branch_count": 0,
      "crossing_points": 0,
      "crossing_pair_incidents": 0,
      "crossed_edge_count": 0,
      "manhattan_length_px": 130.088,
      "horizontal_length_px": 130.088,
      "vertical_length_px": 0,
      "bends_total": 0,
      "bends_max_per_edge": 0,
      "split_rejoin": false
    },
    "weave__merge_00:right": {
      "source": "weave__merge_00",
      "source_port": "right",
      "edges": 1,
      "rendering_anchors": 1,
      "branch_count": 0,
      "crossing_points": 0,
      "crossing_pair_incidents": 0,
      "crossed_edge_count": 0,
      "manhattan_length_px": 304.37,
      "horizontal_length_px": 304.37,
      "vertical_length_px": 0,
      "bends_total": 0,
      "bends_max_per_edge": 0,
      "split_rejoin": false
    },
    "weave__merge_01:right": {
      "source": "weave__merge_01",
      "source_port": "right",
      "edges": 1,
      "rendering_anchors": 1,
      "branch_count": 0,
      "crossing_points": 2,
      "crossing_pair_incidents": 2,
      "crossed_edge_count": 2,
      "manhattan_length_px": 304.37,
      "horizontal_length_px": 304.37,
      "vertical_length_px": 0,
      "bends_total": 0,
      "bends_max_per_edge": 0,
      "split_rejoin": false
    },
    "weave__merge_02:right": {
      "source": "weave__merge_02",
      "source_port": "right",
      "edges": 1,
      "rendering_anchors": 1,
      "branch_count": 0,
      "crossing_points": 0,
      "crossing_pair_incidents": 0,
      "crossed_edge_count": 0,
      "manhattan_length_px": 304.37,
      "horizontal_length_px": 304.37,
      "vertical_length_px": 0,
      "bends_total": 0,
      "bends_max_per_edge": 0,
      "split_rejoin": false
    },
    "weave__merge_03:right": {
      "source": "weave__merge_03",
      "source_port": "right",
      "edges": 1,
      "rendering_anchors": 1,
      "branch_count": 0,
      "crossing_points": 0,
      "crossing_pair_incidents": 0,
      "crossed_edge_count": 0,
      "manhattan_length_px": 304.37,
      "horizontal_length_px": 304.37,
      "vertical_length_px": 0,
      "bends_total": 0,
      "bends_max_per_edge": 0,
      "split_rejoin": false
    },
    "weave__merge_04:right": {
      "source": "weave__merge_04",
      "source_port": "right",
      "edges": 1,
      "rendering_anchors": 1,
      "branch_count": 0,
      "crossing_points": 2,
      "crossing_pair_incidents": 3,
      "crossed_edge_count": 3,
      "manhattan_length_px": 304.37,
      "horizontal_length_px": 304.37,
      "vertical_length_px": 0,
      "bends_total": 0,
      "bends_max_per_edge": 0,
      "split_rejoin": false
    },
    "weave__merge_05:right": {
      "source": "weave__merge_05",
      "source_port": "right",
      "edges": 1,
      "rendering_anchors": 1,
      "branch_count": 0,
      "crossing_points": 0,
      "crossing_pair_incidents": 0,
      "crossed_edge_count": 0,
      "manhattan_length_px": 304.37,
      "horizontal_length_px": 304.37,
      "vertical_length_px": 0,
      "bends_total": 0,
      "bends_max_per_edge": 0,
      "split_rejoin": false
    },
    "weave__merge_06:right": {
      "source": "weave__merge_06",
      "source_port": "right",
      "edges": 1,
      "rendering_anchors": 1,
      "branch_count": 0,
      "crossing_points": 1,
      "crossing_pair_incidents": 1,
      "crossed_edge_count": 1,
      "manhattan_length_px": 304.37,
      "horizontal_length_px": 304.37,
      "vertical_length_px": 0,
      "bends_total": 0,
      "bends_max_per_edge": 0,
      "split_rejoin": false
    },
    "weave__merge_07:right": {
      "source": "weave__merge_07",
      "source_port": "right",
      "edges": 1,
      "rendering_anchors": 1,
      "branch_count": 0,
      "crossing_points": 0,
      "crossing_pair_incidents": 0,
      "crossed_edge_count": 0,
      "manhattan_length_px": 304.37,
      "horizontal_length_px": 304.37,
      "vertical_length_px": 0,
      "bends_total": 0,
      "bends_max_per_edge": 0,
      "split_rejoin": false
    },
    "weave__public_from:right": {
      "source": "weave__public_from",
      "source_port": "right",
      "edges": 6,
      "rendering_anchors": 1,
      "branch_count": 5,
      "crossing_points": 9,
      "crossing_pair_incidents": 23,
      "crossed_edge_count": 8,
      "manhattan_length_px": 5002.6146,
      "horizontal_length_px": 2786.55,
      "vertical_length_px": 2216.0646,
      "bends_total": 18,
      "bends_max_per_edge": 4,
      "split_rejoin": false
    },
    "weave__public_gate:right": {
      "source": "weave__public_gate",
      "source_port": "right",
      "edges": 5,
      "rendering_anchors": 1,
      "branch_count": 4,
      "crossing_points": 10,
      "crossing_pair_incidents": 30,
      "crossed_edge_count": 11,
      "manhattan_length_px": 5042.3778,
      "horizontal_length_px": 2486.31,
      "vertical_length_px": 2556.0678,
      "bends_total": 16,
      "bends_max_per_edge": 4,
      "split_rejoin": false
    },
    "weave__public_source:right": {
      "source": "weave__public_source",
      "source_port": "right",
      "edges": 5,
      "rendering_anchors": 1,
      "branch_count": 4,
      "crossing_points": 6,
      "crossing_pair_incidents": 23,
      "crossed_edge_count": 11,
      "manhattan_length_px": 4293.9804,
      "horizontal_length_px": 2187.94,
      "vertical_length_px": 2106.0404,
      "bends_total": 12,
      "bends_max_per_edge": 4,
      "split_rejoin": false
    },
    "weave__select_00:right": {
      "source": "weave__select_00",
      "source_port": "right",
      "edges": 1,
      "rendering_anchors": 1,
      "branch_count": 0,
      "crossing_points": 0,
      "crossing_pair_incidents": 0,
      "crossed_edge_count": 0,
      "manhattan_length_px": 127.53,
      "horizontal_length_px": 127.53,
      "vertical_length_px": 0,
      "bends_total": 0,
      "bends_max_per_edge": 0,
      "split_rejoin": false
    },
    "weave__select_01:right": {
      "source": "weave__select_01",
      "source_port": "right",
      "edges": 1,
      "rendering_anchors": 1,
      "branch_count": 0,
      "crossing_points": 0,
      "crossing_pair_incidents": 0,
      "crossed_edge_count": 0,
      "manhattan_length_px": 127.53,
      "horizontal_length_px": 127.53,
      "vertical_length_px": 0,
      "bends_total": 0,
      "bends_max_per_edge": 0,
      "split_rejoin": false
    },
    "weave__select_02:right": {
      "source": "weave__select_02",
      "source_port": "right",
      "edges": 1,
      "rendering_anchors": 1,
      "branch_count": 0,
      "crossing_points": 0,
      "crossing_pair_incidents": 0,
      "crossed_edge_count": 0,
      "manhattan_length_px": 127.53,
      "horizontal_length_px": 127.53,
      "vertical_length_px": 0,
      "bends_total": 0,
      "bends_max_per_edge": 0,
      "split_rejoin": false
    },
    "weave__select_03:right": {
      "source": "weave__select_03",
      "source_port": "right",
      "edges": 1,
      "rendering_anchors": 1,
      "branch_count": 0,
      "crossing_points": 0,
      "crossing_pair_incidents": 0,
      "crossed_edge_count": 0,
      "manhattan_length_px": 127.53,
      "horizontal_length_px": 127.53,
      "vertical_length_px": 0,
      "bends_total": 0,
      "bends_max_per_edge": 0,
      "split_rejoin": false
    },
    "weave__select_04:right": {
      "source": "weave__select_04",
      "source_port": "right",
      "edges": 1,
      "rendering_anchors": 1,
      "branch_count": 0,
      "crossing_points": 0,
      "crossing_pair_incidents": 0,
      "crossed_edge_count": 0,
      "manhattan_length_px": 127.53,
      "horizontal_length_px": 127.53,
      "vertical_length_px": 0,
      "bends_total": 0,
      "bends_max_per_edge": 0,
      "split_rejoin": false
    },
    "weave__select_05:right": {
      "source": "weave__select_05",
      "source_port": "right",
      "edges": 1,
      "rendering_anchors": 1,
      "branch_count": 0,
      "crossing_points": 0,
      "crossing_pair_incidents": 0,
      "crossed_edge_count": 0,
      "manhattan_length_px": 127.53,
      "horizontal_length_px": 127.53,
      "vertical_length_px": 0,
      "bends_total": 0,
      "bends_max_per_edge": 0,
      "split_rejoin": false
    },
    "weave__select_06:right": {
      "source": "weave__select_06",
      "source_port": "right",
      "edges": 1,
      "rendering_anchors": 1,
      "branch_count": 0,
      "crossing_points": 0,
      "crossing_pair_incidents": 0,
      "crossed_edge_count": 0,
      "manhattan_length_px": 127.53,
      "horizontal_length_px": 127.53,
      "vertical_length_px": 0,
      "bends_total": 0,
      "bends_max_per_edge": 0,
      "split_rejoin": false
    },
    "weave__select_07:right": {
      "source": "weave__select_07",
      "source_port": "right",
      "edges": 1,
      "rendering_anchors": 1,
      "branch_count": 0,
      "crossing_points": 0,
      "crossing_pair_incidents": 0,
      "crossed_edge_count": 0,
      "manhattan_length_px": 127.53,
      "horizontal_length_px": 127.53,
      "vertical_length_px": 0,
      "bends_total": 0,
      "bends_max_per_edge": 0,
      "split_rejoin": false
    },
    "weave__sparse_00:right": {
      "source": "weave__sparse_00",
      "source_port": "right",
      "edges": 1,
      "rendering_anchors": 1,
      "branch_count": 0,
      "crossing_points": 0,
      "crossing_pair_incidents": 0,
      "crossed_edge_count": 0,
      "manhattan_length_px": 108.71,
      "horizontal_length_px": 108.71,
      "vertical_length_px": 0,
      "bends_total": 0,
      "bends_max_per_edge": 0,
      "split_rejoin": false
    },
    "weave__sparse_01:right": {
      "source": "weave__sparse_01",
      "source_port": "right",
      "edges": 1,
      "rendering_anchors": 1,
      "branch_count": 0,
      "crossing_points": 0,
      "crossing_pair_incidents": 0,
      "crossed_edge_count": 0,
      "manhattan_length_px": 102.71,
      "horizontal_length_px": 102.71,
      "vertical_length_px": 0,
      "bends_total": 0,
      "bends_max_per_edge": 0,
      "split_rejoin": false
    },
    "weave__sparse_02:right": {
      "source": "weave__sparse_02",
      "source_port": "right",
      "edges": 1,
      "rendering_anchors": 1,
      "branch_count": 0,
      "crossing_points": 0,
      "crossing_pair_incidents": 0,
      "crossed_edge_count": 0,
      "manhattan_length_px": 102.71,
      "horizontal_length_px": 102.71,
      "vertical_length_px": 0,
      "bends_total": 0,
      "bends_max_per_edge": 0,
      "split_rejoin": false
    },
    "weave__sparse_03:right": {
      "source": "weave__sparse_03",
      "source_port": "right",
      "edges": 1,
      "rendering_anchors": 1,
      "branch_count": 0,
      "crossing_points": 0,
      "crossing_pair_incidents": 0,
      "crossed_edge_count": 0,
      "manhattan_length_px": 306.24,
      "horizontal_length_px": 306.24,
      "vertical_length_px": 0,
      "bends_total": 0,
      "bends_max_per_edge": 0,
      "split_rejoin": false
    },
    "weave__sparse_04:right": {
      "source": "weave__sparse_04",
      "source_port": "right",
      "edges": 1,
      "rendering_anchors": 1,
      "branch_count": 0,
      "crossing_points": 0,
      "crossing_pair_incidents": 0,
      "crossed_edge_count": 0,
      "manhattan_length_px": 102.71,
      "horizontal_length_px": 102.71,
      "vertical_length_px": 0,
      "bends_total": 0,
      "bends_max_per_edge": 0,
      "split_rejoin": false
    },
    "weave__sparse_05:right": {
      "source": "weave__sparse_05",
      "source_port": "right",
      "edges": 1,
      "rendering_anchors": 1,
      "branch_count": 0,
      "crossing_points": 0,
      "crossing_pair_incidents": 0,
      "crossed_edge_count": 0,
      "manhattan_length_px": 102.71,
      "horizontal_length_px": 102.71,
      "vertical_length_px": 0,
      "bends_total": 0,
      "bends_max_per_edge": 0,
      "split_rejoin": false
    },
    "weave__sparse_06:right": {
      "source": "weave__sparse_06",
      "source_port": "right",
      "edges": 1,
      "rendering_anchors": 1,
      "branch_count": 0,
      "crossing_points": 0,
      "crossing_pair_incidents": 0,
      "crossed_edge_count": 0,
      "manhattan_length_px": 108.71,
      "horizontal_length_px": 108.71,
      "vertical_length_px": 0,
      "bends_total": 0,
      "bends_max_per_edge": 0,
      "split_rejoin": false
    },
    "weave__sparse_07:right": {
      "source": "weave__sparse_07",
      "source_port": "right",
      "edges": 1,
      "rendering_anchors": 1,
      "branch_count": 0,
      "crossing_points": 0,
      "crossing_pair_incidents": 0,
      "crossed_edge_count": 0,
      "manhattan_length_px": 102.71,
      "horizontal_length_px": 102.71,
      "vertical_length_px": 0,
      "bends_total": 0,
      "bends_max_per_edge": 0,
      "split_rejoin": false
    },
    "weave__sparse_08:right": {
      "source": "weave__sparse_08",
      "source_port": "right",
      "edges": 1,
      "rendering_anchors": 1,
      "branch_count": 0,
      "crossing_points": 0,
      "crossing_pair_incidents": 0,
      "crossed_edge_count": 0,
      "manhattan_length_px": 102.71,
      "horizontal_length_px": 102.71,
      "vertical_length_px": 0,
      "bends_total": 0,
      "bends_max_per_edge": 0,
      "split_rejoin": false
    },
    "weave__sparse_09:right": {
      "source": "weave__sparse_09",
      "source_port": "right",
      "edges": 1,
      "rendering_anchors": 1,
      "branch_count": 0,
      "crossing_points": 0,
      "crossing_pair_incidents": 0,
      "crossed_edge_count": 0,
      "manhattan_length_px": 108.71,
      "horizontal_length_px": 108.71,
      "vertical_length_px": 0,
      "bends_total": 0,
      "bends_max_per_edge": 0,
      "split_rejoin": false
    },
    "weave__sparse_10:right": {
      "source": "weave__sparse_10",
      "source_port": "right",
      "edges": 1,
      "rendering_anchors": 1,
      "branch_count": 0,
      "crossing_points": 0,
      "crossing_pair_incidents": 0,
      "crossed_edge_count": 0,
      "manhattan_length_px": 102.71,
      "horizontal_length_px": 102.71,
      "vertical_length_px": 0,
      "bends_total": 0,
      "bends_max_per_edge": 0,
      "split_rejoin": false
    },
    "weave__sparse_11:right": {
      "source": "weave__sparse_11",
      "source_port": "right",
      "edges": 1,
      "rendering_anchors": 1,
      "branch_count": 0,
      "crossing_points": 0,
      "crossing_pair_incidents": 0,
      "crossed_edge_count": 0,
      "manhattan_length_px": 300.24,
      "horizontal_length_px": 300.24,
      "vertical_length_px": 0,
      "bends_total": 0,
      "bends_max_per_edge": 0,
      "split_rejoin": false
    },
    "weave__sparse_12:right": {
      "source": "weave__sparse_12",
      "source_port": "right",
      "edges": 1,
      "rendering_anchors": 1,
      "branch_count": 0,
      "crossing_points": 0,
      "crossing_pair_incidents": 0,
      "crossed_edge_count": 0,
      "manhattan_length_px": 306.24,
      "horizontal_length_px": 306.24,
      "vertical_length_px": 0,
      "bends_total": 0,
      "bends_max_per_edge": 0,
      "split_rejoin": false
    },
    "weave__sparse_13:right": {
      "source": "weave__sparse_13",
      "source_port": "right",
      "edges": 1,
      "rendering_anchors": 1,
      "branch_count": 0,
      "crossing_points": 0,
      "crossing_pair_incidents": 0,
      "crossed_edge_count": 0,
      "manhattan_length_px": 102.71,
      "horizontal_length_px": 102.71,
      "vertical_length_px": 0,
      "bends_total": 0,
      "bends_max_per_edge": 0,
      "split_rejoin": false
    },
    "weave__sparse_14:right": {
      "source": "weave__sparse_14",
      "source_port": "right",
      "edges": 1,
      "rendering_anchors": 1,
      "branch_count": 0,
      "crossing_points": 0,
      "crossing_pair_incidents": 0,
      "crossed_edge_count": 0,
      "manhattan_length_px": 102.71,
      "horizontal_length_px": 102.71,
      "vertical_length_px": 0,
      "bends_total": 0,
      "bends_max_per_edge": 0,
      "split_rejoin": false
    },
    "weave__sparse_15:right": {
      "source": "weave__sparse_15",
      "source_port": "right",
      "edges": 1,
      "rendering_anchors": 1,
      "branch_count": 0,
      "crossing_points": 0,
      "crossing_pair_incidents": 0,
      "crossed_edge_count": 0,
      "manhattan_length_px": 108.71,
      "horizontal_length_px": 108.71,
      "vertical_length_px": 0,
      "bends_total": 0,
      "bends_max_per_edge": 0,
      "split_rejoin": false
    }
  },
  "edges": [
    {
      "edge_id": "svg-edge-0000",
      "source": "weave__merge_02",
      "target": "weave__select_02",
      "source_port": "right",
      "target_port": "0",
      "points": [
        [
          488.17,
          146.0039
        ],
        [
          792.54,
          146.0039
        ]
      ],
      "segments": 1,
      "bends": 0,
      "manhattan_length_px": 304.37,
      "horizontal_length_px": 304.37,
      "vertical_length_px": 0,
      "max_vertical_segment_px": 0.0,
      "crossing_points": 0,
      "crossing_pair_incidents": 0,
      "crossed_edge_count": 0,
      "source_port_fanout": 1,
      "branch_siblings": 0
    },
    {
      "edge_id": "svg-edge-0001",
      "source": "weave__sparse_09",
      "target": "weave__merge_01",
      "source_port": "right",
      "target_port": "1",
      "points": [
        [
          355.46,
          1544.0363
        ],
        [
          464.17,
          1544.0363
        ]
      ],
      "segments": 1,
      "bends": 0,
      "manhattan_length_px": 108.71,
      "horizontal_length_px": 108.71,
      "vertical_length_px": 0,
      "max_vertical_segment_px": 0.0,
      "crossing_points": 0,
      "crossing_pair_incidents": 0,
      "crossed_edge_count": 0,
      "source_port_fanout": 1,
      "branch_siblings": 0
    },
    {
      "edge_id": "svg-edge-0002",
      "source": "roots__local_b_09",
      "target": "roots__pad_09",
      "source_port": "right",
      "target_port": "2",
      "points": [
        [
          358.87,
          4163.1025
        ],
        [
          464.17,
          4163.1025
        ]
      ],
      "segments": 1,
      "bends": 0,
      "manhattan_length_px": 105.3,
      "horizontal_length_px": 105.3,
      "vertical_length_px": 0,
      "max_vertical_segment_px": 0.0,
      "crossing_points": 0,
      "crossing_pair_incidents": 0,
      "crossed_edge_count": 0,
      "source_port_fanout": 1,
      "branch_siblings": 0
    },
    {
      "edge_id": "svg-edge-0003",
      "source": "roots__pad_09",
      "target": "roots__div_09",
      "source_port": "right",
      "target_port": "left",
      "points": [
        [
          488.17,
          4107.1011
        ],
        [
          618.258,
          4107.1011
        ]
      ],
      "segments": 1,
      "bends": 0,
      "manhattan_length_px": 130.088,
      "horizontal_length_px": 130.088,
      "vertical_length_px": 0,
      "max_vertical_segment_px": 0.0,
      "crossing_points": 0,
      "crossing_pair_incidents": 0,
      "crossed_edge_count": 0,
      "source_port_fanout": 1,
      "branch_siblings": 0
    },
    {
      "edge_id": "svg-edge-0004",
      "source": "roots__div_09",
      "target": "roots__cell_09",
      "source_port": "right",
      "target_port": "left",
      "points": [
        [
          639.042,
          4107.1011
        ],
        [
          792.54,
          4107.1011
        ]
      ],
      "segments": 1,
      "bends": 0,
      "manhattan_length_px": 153.498,
      "horizontal_length_px": 153.498,
      "vertical_length_px": 0,
      "max_vertical_segment_px": 0.0,
      "crossing_points": 0,
      "crossing_pair_incidents": 0,
      "crossed_edge_count": 0,
      "source_port_fanout": 1,
      "branch_siblings": 0
    },
    {
      "edge_id": "svg-edge-0005",
      "source": "roots__cell_09",
      "target": "roots__clock_09",
      "source_port": "right",
      "target_port": "left",
      "points": [
        [
          814.54,
          4107.1011
        ],
        [
          944.07,
          4107.1011
        ]
      ],
      "segments": 1,
      "bends": 0,
      "manhattan_length_px": 129.53,
      "horizontal_length_px": 129.53,
      "vertical_length_px": 0,
      "max_vertical_segment_px": 0.0,
      "crossing_points": 0,
      "crossing_pair_incidents": 0,
      "crossed_edge_count": 0,
      "source_port_fanout": 1,
      "branch_siblings": 0
    },
    {
      "edge_id": "svg-edge-0006",
      "source": "roots__local_b_10",
      "target": "roots__pad_10",
      "source_port": "right",
      "target_port": "0",
      "points": [
        [
          364.87,
          4284.1105
        ],
        [
          464.17,
          4284.1105
        ]
      ],
      "segments": 1,
      "bends": 0,
      "manhattan_length_px": 99.3,
      "horizontal_length_px": 99.3,
      "vertical_length_px": 0,
      "max_vertical_segment_px": 0.0,
      "crossing_points": 0,
      "crossing_pair_incidents": 0,
      "crossed_edge_count": 0,
      "source_port_fanout": 1,
      "branch_siblings": 0
    },
    {
      "edge_id": "svg-edge-0007",
      "source": "roots__common_from",
      "target": "roots__pad_10",
      "source_port": "right",
      "target_port": "1",
      "points": [
        [
          163.93,
          2942.0687
        ],
        [
          255.86,
          2942.0687
        ],
        [
          255.86,
          4340.1119
        ],
        [
          464.17,
          4340.1119
        ]
      ],
      "segments": 3,
      "bends": 2,
      "manhattan_length_px": 1698.2832,
      "horizontal_length_px": 300.24,
      "vertical_length_px": 1398.0432,
      "max_vertical_segment_px": 1398.0432,
      "crossing_points": 5,
      "crossing_pair_incidents": 9,
      "crossed_edge_count": 6,
      "source_port_fanout": 4,
      "branch_siblings": 3
    },
    {
      "edge_id": "svg-edge-0008",
      "source": "roots__local_a_10",
      "target": "roots__pad_10",
      "source_port": "right",
      "target_port": "2",
      "points": [
        [
          358.87,
          4396.1133
        ],
        [
          464.17,
          4396.1133
        ]
      ],
      "segments": 1,
      "bends": 0,
      "manhattan_length_px": 105.3,
      "horizontal_length_px": 105.3,
      "vertical_length_px": 0,
      "max_vertical_segment_px": 0.0,
      "crossing_points": 0,
      "crossing_pair_incidents": 0,
      "crossed_edge_count": 0,
      "source_port_fanout": 1,
      "branch_siblings": 0
    },
    {
      "edge_id": "svg-edge-0009",
      "source": "roots__pad_10",
      "target": "roots__cell_10",
      "source_port": "right",
      "target_port": "left",
      "points": [
        [
          488.17,
          4340.1119
        ],
        [
          792.54,
          4340.1119
        ]
      ],
      "segments": 1,
      "bends": 0,
      "manhattan_length_px": 304.37,
      "horizontal_length_px": 304.37,
      "vertical_length_px": 0,
      "max_vertical_segment_px": 0.0,
      "crossing_points": 0,
      "crossing_pair_incidents": 0,
      "crossed_edge_count": 0,
      "source_port_fanout": 1,
      "branch_siblings": 0
    },
    {
      "edge_id": "svg-edge-0010",
      "source": "roots__cell_10",
      "target": "roots__clock_10",
      "source_port": "right",
      "target_port": "left",
      "points": [
        [
          814.54,
          4340.1119
        ],
        [
          944.07,
          4340.1119
        ]
      ],
      "segments": 1,
      "bends": 0,
      "manhattan_length_px": 129.53,
      "horizontal_length_px": 129.53,
      "vertical_length_px": 0,
      "max_vertical_segment_px": 0.0,
      "crossing_points": 0,
      "crossing_pair_incidents": 0,
      "crossed_edge_count": 0,
      "source_port_fanout": 1,
      "branch_siblings": 0
    },
    {
      "edge_id": "svg-edge-0011",
      "source": "roots__local_a_11",
      "target": "roots__pad_11",
      "source_port": "right",
      "target_port": "0",
      "points": [
        [
          364.87,
          4517.1213
        ],
        [
          464.17,
          4517.1213
        ]
      ],
      "segments": 1,
      "bends": 0,
      "manhattan_length_px": 99.3,
      "horizontal_length_px": 99.3,
      "vertical_length_px": 0,
      "max_vertical_segment_px": 0.0,
      "crossing_points": 0,
      "crossing_pair_incidents": 0,
      "crossed_edge_count": 0,
      "source_port_fanout": 1,
      "branch_siblings": 0
    },
    {
      "edge_id": "svg-edge-0012",
      "source": "weave__public_from",
      "target": "weave__merge_01",
      "source_port": "right",
      "target_port": "2",
      "points": [
        [
          163.93,
          1250.5208
        ],
        [
          265.86,
          1250.5208
        ],
        [
          265.86,
          1600.0377
        ],
        [
          464.17,
          1600.0377
        ]
      ],
      "segments": 3,
      "bends": 2,
      "manhattan_length_px": 649.7569,
      "horizontal_length_px": 300.24,
      "vertical_length_px": 349.5169,
      "max_vertical_segment_px": 349.5169,
      "crossing_points": 1,
      "crossing_pair_incidents": 1,
      "crossed_edge_count": 1,
      "source_port_fanout": 6,
      "branch_siblings": 5
    },
    {
      "edge_id": "svg-edge-0013",
      "source": "roots__local_b_11",
      "target": "roots__pad_11",
      "source_port": "right",
      "target_port": "1",
      "points": [
        [
          364.87,
          4573.1227
        ],
        [
          464.17,
          4573.1227
        ]
      ],
      "segments": 1,
      "bends": 0,
      "manhattan_length_px": 99.3,
      "horizontal_length_px": 99.3,
      "vertical_length_px": 0,
      "max_vertical_segment_px": 0.0,
      "crossing_points": 0,
      "crossing_pair_incidents": 0,
      "crossed_edge_count": 0,
      "source_port_fanout": 1,
      "branch_siblings": 0
    },
    {
      "edge_id": "svg-edge-0014",
      "source": "roots__common_gate_root",
      "target": "roots__pad_11",
      "source_port": "right",
      "target_port": "2",
      "points": [
        [
          163.93,
          3231.0809
        ],
        [
          265.86,
          3231.0809
        ],
        [
          265.86,
          4629.1241
        ],
        [
          464.17,
          4629.1241
        ]
      ],
      "segments": 3,
      "bends": 2,
      "manhattan_length_px": 1698.2832,
      "horizontal_length_px": 300.24,
      "vertical_length_px": 1398.0432,
      "max_vertical_segment_px": 1398.0432,
      "crossing_points": 6,
      "crossing_pair_incidents": 8,
      "crossed_edge_count": 4,
      "source_port_fanout": 4,
      "branch_siblings": 3
    },
    {
      "edge_id": "svg-edge-0015",
      "source": "roots__pad_11",
      "target": "roots__div_11",
      "source_port": "right",
      "target_port": "left",
      "points": [
        [
          488.17,
          4573.1227
        ],
        [
          618.258,
          4573.1227
        ]
      ],
      "segments": 1,
      "bends": 0,
      "manhattan_length_px": 130.088,
      "horizontal_length_px": 130.088,
      "vertical_length_px": 0,
      "max_vertical_segment_px": 0.0,
      "crossing_points": 0,
      "crossing_pair_incidents": 0,
      "crossed_edge_count": 0,
      "source_port_fanout": 1,
      "branch_siblings": 0
    },
    {
      "edge_id": "svg-edge-0016",
      "source": "roots__div_11",
      "target": "roots__cell_11",
      "source_port": "right",
      "target_port": "left",
      "points": [
        [
          639.042,
          4573.1227
        ],
        [
          792.54,
          4573.1227
        ]
      ],
      "segments": 1,
      "bends": 0,
      "manhattan_length_px": 153.498,
      "horizontal_length_px": 153.498,
      "vertical_length_px": 0,
      "max_vertical_segment_px": 0.0,
      "crossing_points": 0,
      "crossing_pair_incidents": 0,
      "crossed_edge_count": 0,
      "source_port_fanout": 1,
      "branch_siblings": 0
    },
    {
      "edge_id": "svg-edge-0017",
      "source": "roots__cell_11",
      "target": "roots__clock_11",
      "source_port": "right",
      "target_port": "left",
      "points": [
        [
          814.54,
          4573.1227
        ],
        [
          944.07,
          4573.1227
        ]
      ],
      "segments": 1,
      "bends": 0,
      "manhattan_length_px": 129.53,
      "horizontal_length_px": 129.53,
      "vertical_length_px": 0,
      "max_vertical_segment_px": 0.0,
      "crossing_points": 0,
      "crossing_pair_incidents": 0,
      "crossed_edge_count": 0,
      "source_port_fanout": 1,
      "branch_siblings": 0
    },
    {
      "edge_id": "svg-edge-0018",
      "source": "ports__from_a",
      "target": "ports__gate_a",
      "source_port": "right",
      "target_port": "left",
      "points": [
        [
          163.93,
          4770.1296
        ],
        [
          467.17,
          4770.1296
        ]
      ],
      "segments": 1,
      "bends": 0,
      "manhattan_length_px": 303.24,
      "horizontal_length_px": 303.24,
      "vertical_length_px": 0,
      "max_vertical_segment_px": 0.0,
      "crossing_points": 0,
      "crossing_pair_incidents": 0,
      "crossed_edge_count": 0,
      "source_port_fanout": 1,
      "branch_siblings": 0
    },
    {
      "edge_id": "svg-edge-0019",
      "source": "ports__from_b",
      "target": "ports__gate_b",
      "source_port": "right",
      "target_port": "left",
      "points": [
        [
          163.93,
          4826.1296
        ],
        [
          324.69,
          4826.1296
        ]
      ],
      "segments": 1,
      "bends": 0,
      "manhattan_length_px": 160.76,
      "horizontal_length_px": 160.76,
      "vertical_length_px": 0,
      "max_vertical_segment_px": 0.0,
      "crossing_points": 0,
      "crossing_pair_incidents": 0,
      "crossed_edge_count": 0,
      "source_port_fanout": 1,
      "branch_siblings": 0
    },
    {
      "edge_id": "svg-edge-0020",
      "source": "ports__gate_b",
      "target": "ports__div_b",
      "source_port": "right",
      "target_port": "left",
      "points": [
        [
          353.69,
          4826.1296
        ],
        [
          465.778,
          4826.1296
        ]
      ],
      "segments": 1,
      "bends": 0,
      "manhattan_length_px": 112.088,
      "horizontal_length_px": 112.088,
      "vertical_length_px": 0,
      "max_vertical_segment_px": 0.0,
      "crossing_points": 0,
      "crossing_pair_incidents": 0,
      "crossed_edge_count": 0,
      "source_port_fanout": 1,
      "branch_siblings": 0
    },
    {
      "edge_id": "svg-edge-0021",
      "source": "ports__gate_a",
      "target": "ports__sel",
      "source_port": "right",
      "target_port": "0",
      "points": [
        [
          496.17,
          4770.1296
        ],
        [
          616.65,
          4770.1296
        ]
      ],
      "segments": 1,
      "bends": 0,
      "manhattan_length_px": 120.48,
      "horizontal_length_px": 120.48,
      "vertical_length_px": 0,
      "max_vertical_segment_px": 0.0,
      "crossing_points": 0,
      "crossing_pair_incidents": 0,
      "crossed_edge_count": 0,
      "source_port_fanout": 2,
      "branch_siblings": 1
    },
    {
      "edge_id": "svg-edge-0022",
      "source": "ports__div_b",
      "target": "ports__sel",
      "source_port": "right",
      "target_port": "1",
      "points": [
        [
          486.562,
          4826.1296
        ],
        [
          616.65,
          4826.1296
        ]
      ],
      "segments": 1,
      "bends": 0,
      "manhattan_length_px": 130.088,
      "horizontal_length_px": 130.088,
      "vertical_length_px": 0,
      "max_vertical_segment_px": 0.0,
      "crossing_points": 1,
      "crossing_pair_incidents": 1,
      "crossed_edge_count": 1,
      "source_port_fanout": 1,
      "branch_siblings": 0
    },
    {
      "edge_id": "svg-edge-0023",
      "source": "weave__merge_07",
      "target": "weave__select_07",
      "source_port": "right",
      "target_port": "0",
      "points": [
        [
          488.17,
          845.0147
        ],
        [
          792.54,
          845.0147
        ]
      ],
      "segments": 1,
      "bends": 0,
      "manhattan_length_px": 304.37,
      "horizontal_length_px": 304.37,
      "vertical_length_px": 0,
      "max_vertical_segment_px": 0.0,
      "crossing_points": 0,
      "crossing_pair_incidents": 0,
      "crossed_edge_count": 0,
      "source_port_fanout": 1,
      "branch_siblings": 0
    },
    {
      "edge_id": "svg-edge-0024",
      "source": "ports__sel",
      "target": "ports__cell",
      "source_port": "right",
      "target_port": "left",
      "points": [
        [
          640.65,
          4798.1296
        ],
        [
          792.54,
          4798.1296
        ]
      ],
      "segments": 1,
      "bends": 0,
      "manhattan_length_px": 151.89,
      "horizontal_length_px": 151.89,
      "vertical_length_px": 0,
      "max_vertical_segment_px": 0.0,
      "crossing_points": 0,
      "crossing_pair_incidents": 0,
      "crossed_edge_count": 0,
      "source_port_fanout": 1,
      "branch_siblings": 0
    },
    {
      "edge_id": "svg-edge-0025",
      "source": "ports__cell",
      "target": "ports__clock",
      "source_port": "right",
      "target_port": "left",
      "points": [
        [
          814.54,
          4798.1296
        ],
        [
          944.07,
          4798.1296
        ]
      ],
      "segments": 1,
      "bends": 0,
      "manhattan_length_px": 129.53,
      "horizontal_length_px": 129.53,
      "vertical_length_px": 0,
      "max_vertical_segment_px": 0.0,
      "crossing_points": 0,
      "crossing_pair_incidents": 0,
      "crossed_edge_count": 0,
      "source_port_fanout": 1,
      "branch_siblings": 0
    },
    {
      "edge_id": "svg-edge-0026",
      "source": "ports__gate_a",
      "target": "ports__gate_a_tap",
      "source_port": "right",
      "target_port": "left",
      "points": [
        [
          496.17,
          4770.1296
        ],
        [
          544.0,
          4770.1296
        ],
        [
          544.0,
          4883.1296
        ],
        [
          944.07,
          4883.1296
        ]
      ],
      "segments": 3,
      "bends": 2,
      "manhattan_length_px": 560.9,
      "horizontal_length_px": 447.9,
      "vertical_length_px": 113.0,
      "max_vertical_segment_px": 113.0,
      "crossing_points": 1,
      "crossing_pair_incidents": 1,
      "crossed_edge_count": 1,
      "source_port_fanout": 2,
      "branch_siblings": 1
    },
    {
      "edge_id": "svg-edge-0027",
      "source": "weave__public_gate",
      "target": "weave__select_07",
      "source_port": "right",
      "target_port": "1",
      "points": [
        [
          163.93,
          901.0147
        ],
        [
          245.86,
          901.0147
        ],
        [
          245.86,
          958.0216
        ],
        [
          696.48,
          958.0216
        ],
        [
          696.48,
          901.0147
        ],
        [
          792.54,
          901.0147
        ]
      ],
      "segments": 5,
      "bends": 4,
      "manhattan_length_px": 742.6238,
      "horizontal_length_px": 628.61,
      "vertical_length_px": 114.0138,
      "max_vertical_segment_px": 57.0069,
      "crossing_points": 2,
      "crossing_pair_incidents": 4,
      "crossed_edge_count": 4,
      "source_port_fanout": 5,
      "branch_siblings": 4
    },
    {
      "edge_id": "svg-edge-0028",
      "source": "weave__select_04",
      "target": "weave__clock_04",
      "source_port": "right",
      "target_port": "left",
      "points": [
        [
          816.54,
          1339.0255
        ],
        [
          944.07,
          1339.0255
        ]
      ],
      "segments": 1,
      "bends": 0,
      "manhattan_length_px": 127.53,
      "horizontal_length_px": 127.53,
      "vertical_length_px": 0,
      "max_vertical_segment_px": 0.0,
      "crossing_points": 0,
      "crossing_pair_incidents": 0,
      "crossed_edge_count": 0,
      "source_port_fanout": 1,
      "branch_siblings": 0
    },
    {
      "edge_id": "svg-edge-0029",
      "source": "weave__merge_05",
      "target": "weave__select_05",
      "source_port": "right",
      "target_port": "0",
      "points": [
        [
          488.17,
          379.0039
        ],
        [
          792.54,
          379.0039
        ]
      ],
      "segments": 1,
      "bends": 0,
      "manhattan_length_px": 304.37,
      "horizontal_length_px": 304.37,
      "vertical_length_px": 0,
      "max_vertical_segment_px": 0.0,
      "crossing_points": 0,
      "crossing_pair_incidents": 0,
      "crossed_edge_count": 0,
      "source_port_fanout": 1,
      "branch_siblings": 0
    },
    {
      "edge_id": "svg-edge-0030",
      "source": "weave__public_source",
      "target": "weave__select_05",
      "source_port": "right",
      "target_port": "1",
      "points": [
        [
          157.93,
          556.0025
        ],
        [
          255.86,
          556.0025
        ],
        [
          255.86,
          492.0108
        ],
        [
          696.48,
          492.0108
        ],
        [
          696.48,
          435.0039
        ],
        [
          792.54,
          435.0039
        ]
      ],
      "segments": 5,
      "bends": 4,
      "manhattan_length_px": 755.6086,
      "horizontal_length_px": 634.61,
      "vertical_length_px": 120.9986,
      "max_vertical_segment_px": 63.9917,
      "crossing_points": 1,
      "crossing_pair_incidents": 2,
      "crossed_edge_count": 2,
      "source_port_fanout": 5,
      "branch_siblings": 4
    },
    {
      "edge_id": "svg-edge-0031",
      "source": "weave__merge_03",
      "target": "weave__select_03",
      "source_port": "right",
      "target_port": "0",
      "points": [
        [
          488.17,
          612.0039
        ],
        [
          792.54,
          612.0039
        ]
      ],
      "segments": 1,
      "bends": 0,
      "manhattan_length_px": 304.37,
      "horizontal_length_px": 304.37,
      "vertical_length_px": 0,
      "max_vertical_segment_px": 0.0,
      "crossing_points": 0,
      "crossing_pair_incidents": 0,
      "crossed_edge_count": 0,
      "source_port_fanout": 1,
      "branch_siblings": 0
    },
    {
      "edge_id": "svg-edge-0032",
      "source": "weave__public_from",
      "target": "weave__select_03",
      "source_port": "right",
      "target_port": "1",
      "points": [
        [
          163.93,
          1250.5208
        ],
        [
          265.86,
          1250.5208
        ],
        [
          265.86,
          725.0108
        ],
        [
          706.48,
          725.0108
        ],
        [
          706.48,
          668.0039
        ],
        [
          792.54,
          668.0039
        ]
      ],
      "segments": 5,
      "bends": 4,
      "manhattan_length_px": 1211.1269,
      "horizontal_length_px": 628.61,
      "vertical_length_px": 582.5169,
      "max_vertical_segment_px": 525.51,
      "crossing_points": 4,
      "crossing_pair_incidents": 5,
      "crossed_edge_count": 5,
      "source_port_fanout": 6,
      "branch_siblings": 5
    },
    {
      "edge_id": "svg-edge-0033",
      "source": "weave__sparse_14",
      "target": "weave__merge_07",
      "source_port": "right",
      "target_port": "0",
      "points": [
        [
          361.46,
          789.0133
        ],
        [
          464.17,
          789.0133
        ]
      ],
      "segments": 1,
      "bends": 0,
      "manhattan_length_px": 102.71,
      "horizontal_length_px": 102.71,
      "vertical_length_px": 0,
      "max_vertical_segment_px": 0.0,
      "crossing_points": 0,
      "crossing_pair_incidents": 0,
      "crossed_edge_count": 0,
      "source_port_fanout": 1,
      "branch_siblings": 0
    },
    {
      "edge_id": "svg-edge-0034",
      "source": "weave__public_source",
      "target": "weave__select_02",
      "source_port": "right",
      "target_port": "1",
      "points": [
        [
          157.93,
          556.0025
        ],
        [
          255.86,
          556.0025
        ],
        [
          255.86,
          259.0108
        ],
        [
          696.48,
          259.0108
        ],
        [
          696.48,
          202.0039
        ],
        [
          792.54,
          202.0039
        ]
      ],
      "segments": 5,
      "bends": 4,
      "manhattan_length_px": 988.6086,
      "horizontal_length_px": 634.61,
      "vertical_length_px": 353.9986,
      "max_vertical_segment_px": 296.9917,
      "crossing_points": 2,
      "crossing_pair_incidents": 3,
      "crossed_edge_count": 2,
      "source_port_fanout": 5,
      "branch_siblings": 4
    },
    {
      "edge_id": "svg-edge-0035",
      "source": "weave__sparse_05",
      "target": "weave__merge_07",
      "source_port": "right",
      "target_port": "1",
      "points": [
        [
          361.46,
          845.0147
        ],
        [
          464.17,
          845.0147
        ]
      ],
      "segments": 1,
      "bends": 0,
      "manhattan_length_px": 102.71,
      "horizontal_length_px": 102.71,
      "vertical_length_px": 0,
      "max_vertical_segment_px": 0.0,
      "crossing_points": 0,
      "crossing_pair_incidents": 0,
      "crossed_edge_count": 0,
      "source_port_fanout": 1,
      "branch_siblings": 0
    },
    {
      "edge_id": "svg-edge-0036",
      "source": "weave__public_from",
      "target": "weave__merge_07",
      "source_port": "right",
      "target_port": "2",
      "points": [
        [
          163.93,
          1250.5208
        ],
        [
          265.86,
          1250.5208
        ],
        [
          265.86,
          901.0161
        ],
        [
          464.17,
          901.0161
        ]
      ],
      "segments": 3,
      "bends": 2,
      "manhattan_length_px": 649.7447,
      "horizontal_length_px": 300.24,
      "vertical_length_px": 349.5047,
      "max_vertical_segment_px": 349.5047,
      "crossing_points": 4,
      "crossing_pair_incidents": 5,
      "crossed_edge_count": 5,
      "source_port_fanout": 6,
      "branch_siblings": 5
    },
    {
      "edge_id": "svg-edge-0037",
      "source": "weave__public_source",
      "target": "weave__merge_06",
      "source_port": "right",
      "target_port": "0",
      "points": [
        [
          157.93,
          556.0025
        ],
        [
          255.86,
          556.0025
        ],
        [
          255.86,
          1721.0349
        ],
        [
          464.17,
          1721.0349
        ]
      ],
      "segments": 3,
      "bends": 2,
      "manhattan_length_px": 1471.2724,
      "horizontal_length_px": 306.24,
      "vertical_length_px": 1165.0324,
      "max_vertical_segment_px": 1165.0324,
      "crossing_points": 4,
      "crossing_pair_incidents": 11,
      "crossed_edge_count": 11,
      "source_port_fanout": 5,
      "branch_siblings": 4
    },
    {
      "edge_id": "svg-edge-0038",
      "source": "weave__sparse_12",
      "target": "weave__merge_06",
      "source_port": "right",
      "target_port": "1",
      "points": [
        [
          157.93,
          1777.0363
        ],
        [
          464.17,
          1777.0363
        ]
      ],
      "segments": 1,
      "bends": 0,
      "manhattan_length_px": 306.24,
      "horizontal_length_px": 306.24,
      "vertical_length_px": 0,
      "max_vertical_segment_px": 0.0,
      "crossing_points": 0,
      "crossing_pair_incidents": 0,
      "crossed_edge_count": 0,
      "source_port_fanout": 1,
      "branch_siblings": 0
    },
    {
      "edge_id": "svg-edge-0039",
      "source": "weave__sparse_03",
      "target": "weave__merge_06",
      "source_port": "right",
      "target_port": "2",
      "points": [
        [
          157.93,
          1833.0377
        ],
        [
          464.17,
          1833.0377
        ]
      ],
      "segments": 1,
      "bends": 0,
      "manhattan_length_px": 306.24,
      "horizontal_length_px": 306.24,
      "vertical_length_px": 0,
      "max_vertical_segment_px": 0.0,
      "crossing_points": 0,
      "crossing_pair_incidents": 0,
      "crossed_edge_count": 0,
      "source_port_fanout": 1,
      "branch_siblings": 0
    },
    {
      "edge_id": "svg-edge-0040",
      "source": "weave__sparse_08",
      "target": "weave__merge_04",
      "source_port": "right",
      "target_port": "0",
      "points": [
        [
          361.46,
          1255.0241
        ],
        [
          464.17,
          1255.0241
        ]
      ],
      "segments": 1,
      "bends": 0,
      "manhattan_length_px": 102.71,
      "horizontal_length_px": 102.71,
      "vertical_length_px": 0,
      "max_vertical_segment_px": 0.0,
      "crossing_points": 0,
      "crossing_pair_incidents": 0,
      "crossed_edge_count": 0,
      "source_port_fanout": 1,
      "branch_siblings": 0
    },
    {
      "edge_id": "svg-edge-0041",
      "source": "weave__sparse_15",
      "target": "weave__merge_04",
      "source_port": "right",
      "target_port": "1",
      "points": [
        [
          355.46,
          1311.0255
        ],
        [
          464.17,
          1311.0255
        ]
      ],
      "segments": 1,
      "bends": 0,
      "manhattan_length_px": 108.71,
      "horizontal_length_px": 108.71,
      "vertical_length_px": 0,
      "max_vertical_segment_px": 0.0,
      "crossing_points": 0,
      "crossing_pair_incidents": 0,
      "crossed_edge_count": 0,
      "source_port_fanout": 1,
      "branch_siblings": 0
    },
    {
      "edge_id": "svg-edge-0042",
      "source": "weave__public_from",
      "target": "weave__merge_04",
      "source_port": "right",
      "target_port": "2",
      "points": [
        [
          163.93,
          1250.5208
        ],
        [
          265.86,
          1250.5208
        ],
        [
          265.86,
          1367.0269
        ],
        [
          464.17,
          1367.0269
        ]
      ],
      "segments": 3,
      "bends": 2,
      "manhattan_length_px": 416.7461,
      "horizontal_length_px": 300.24,
      "vertical_length_px": 116.5061,
      "max_vertical_segment_px": 116.5061,
      "crossing_points": 1,
      "crossing_pair_incidents": 1,
      "crossed_edge_count": 1,
      "source_port_fanout": 6,
      "branch_siblings": 5
    },
    {
      "edge_id": "svg-edge-0043",
      "source": "weave__select_02",
      "target": "weave__clock_02",
      "source_port": "right",
      "target_port": "left",
      "points": [
        [
          816.54,
          174.0039
        ],
        [
          944.07,
          174.0039
        ]
      ],
      "segments": 1,
      "bends": 0,
      "manhattan_length_px": 127.53,
      "horizontal_length_px": 127.53,
      "vertical_length_px": 0,
      "max_vertical_segment_px": 0.0,
      "crossing_points": 0,
      "crossing_pair_incidents": 0,
      "crossed_edge_count": 0,
      "source_port_fanout": 1,
      "branch_siblings": 0
    },
    {
      "edge_id": "svg-edge-0044",
      "source": "weave__merge_06",
      "target": "weave__select_06",
      "source_port": "right",
      "target_port": "0",
      "points": [
        [
          488.17,
          1777.0363
        ],
        [
          792.54,
          1777.0363
        ]
      ],
      "segments": 1,
      "bends": 0,
      "manhattan_length_px": 304.37,
      "horizontal_length_px": 304.37,
      "vertical_length_px": 0,
      "max_vertical_segment_px": 0.0,
      "crossing_points": 1,
      "crossing_pair_incidents": 1,
      "crossed_edge_count": 1,
      "source_port_fanout": 1,
      "branch_siblings": 0
    },
    {
      "edge_id": "svg-edge-0045",
      "source": "weave__select_05",
      "target": "weave__clock_05",
      "source_port": "right",
      "target_port": "left",
      "points": [
        [
          816.54,
          407.0039
        ],
        [
          944.07,
          407.0039
        ]
      ],
      "segments": 1,
      "bends": 0,
      "manhattan_length_px": 127.53,
      "horizontal_length_px": 127.53,
      "vertical_length_px": 0,
      "max_vertical_segment_px": 0.0,
      "crossing_points": 0,
      "crossing_pair_incidents": 0,
      "crossed_edge_count": 0,
      "source_port_fanout": 1,
      "branch_siblings": 0
    },
    {
      "edge_id": "svg-edge-0046",
      "source": "weave__public_from",
      "target": "weave__select_06",
      "source_port": "right",
      "target_port": "1",
      "points": [
        [
          163.93,
          1250.5208
        ],
        [
          265.86,
          1250.5208
        ],
        [
          265.86,
          1191.0216
        ],
        [
          726.48,
          1191.0216
        ],
        [
          726.48,
          1833.0363
        ],
        [
          792.54,
          1833.0363
        ]
      ],
      "segments": 5,
      "bends": 4,
      "manhattan_length_px": 1330.1239,
      "horizontal_length_px": 628.61,
      "vertical_length_px": 701.5139,
      "max_vertical_segment_px": 642.0147,
      "crossing_points": 7,
      "crossing_pair_incidents": 8,
      "crossed_edge_count": 6,
      "source_port_fanout": 6,
      "branch_siblings": 5
    },
    {
      "edge_id": "svg-edge-0047",
      "source": "weave__public_source",
      "target": "weave__merge_03",
      "source_port": "right",
      "target_port": "0",
      "points": [
        [
          157.93,
          556.0025
        ],
        [
          464.17,
          556.0025
        ]
      ],
      "segments": 1,
      "bends": 0,
      "manhattan_length_px": 306.24,
      "horizontal_length_px": 306.24,
      "vertical_length_px": 0,
      "max_vertical_segment_px": 0.0,
      "crossing_points": 1,
      "crossing_pair_incidents": 2,
      "crossed_edge_count": 2,
      "source_port_fanout": 5,
      "branch_siblings": 4
    },
    {
      "edge_id": "svg-edge-0048",
      "source": "weave__sparse_06",
      "target": "weave__merge_03",
      "source_port": "right",
      "target_port": "1",
      "points": [
        [
          355.46,
          612.0039
        ],
        [
          464.17,
          612.0039
        ]
      ],
      "segments": 1,
      "bends": 0,
      "manhattan_length_px": 108.71,
      "horizontal_length_px": 108.71,
      "vertical_length_px": 0,
      "max_vertical_segment_px": 0.0,
      "crossing_points": 0,
      "crossing_pair_incidents": 0,
      "crossed_edge_count": 0,
      "source_port_fanout": 1,
      "branch_siblings": 0
    },
    {
      "edge_id": "svg-edge-0049",
      "source": "weave__sparse_13",
      "target": "weave__merge_03",
      "source_port": "right",
      "target_port": "2",
      "points": [
        [
          361.46,
          668.0053
        ],
        [
          464.17,
          668.0053
        ]
      ],
      "segments": 1,
      "bends": 0,
      "manhattan_length_px": 102.71,
      "horizontal_length_px": 102.71,
      "vertical_length_px": 0,
      "max_vertical_segment_px": 0.0,
      "crossing_points": 0,
      "crossing_pair_incidents": 0,
      "crossed_edge_count": 0,
      "source_port_fanout": 1,
      "branch_siblings": 0
    },
    {
      "edge_id": "svg-edge-0050",
      "source": "weave__sparse_01",
      "target": "weave__merge_05",
      "source_port": "right",
      "target_port": "0",
      "points": [
        [
          361.46,
          323.0025
        ],
        [
          464.17,
          323.0025
        ]
      ],
      "segments": 1,
      "bends": 0,
      "manhattan_length_px": 102.71,
      "horizontal_length_px": 102.71,
      "vertical_length_px": 0,
      "max_vertical_segment_px": 0.0,
      "crossing_points": 0,
      "crossing_pair_incidents": 0,
      "crossed_edge_count": 0,
      "source_port_fanout": 1,
      "branch_siblings": 0
    },
    {
      "edge_id": "svg-edge-0051",
      "source": "weave__public_gate",
      "target": "weave__merge_05",
      "source_port": "right",
      "target_port": "1",
      "points": [
        [
          163.93,
          901.0147
        ],
        [
          245.86,
          901.0147
        ],
        [
          245.86,
          379.0039
        ],
        [
          464.17,
          379.0039
        ]
      ],
      "segments": 3,
      "bends": 2,
      "manhattan_length_px": 822.2508,
      "horizontal_length_px": 300.24,
      "vertical_length_px": 522.0108,
      "max_vertical_segment_px": 522.0108,
      "crossing_points": 2,
      "crossing_pair_incidents": 6,
      "crossed_edge_count": 5,
      "source_port_fanout": 5,
      "branch_siblings": 4
    },
    {
      "edge_id": "svg-edge-0052",
      "source": "weave__sparse_10",
      "target": "weave__merge_05",
      "source_port": "right",
      "target_port": "2",
      "points": [
        [
          361.46,
          435.0053
        ],
        [
          464.17,
          435.0053
        ]
      ],
      "segments": 1,
      "bends": 0,
      "manhattan_length_px": 102.71,
      "horizontal_length_px": 102.71,
      "vertical_length_px": 0,
      "max_vertical_segment_px": 0.0,
      "crossing_points": 0,
      "crossing_pair_incidents": 0,
      "crossed_edge_count": 0,
      "source_port_fanout": 1,
      "branch_siblings": 0
    },
    {
      "edge_id": "svg-edge-0053",
      "source": "weave__select_07",
      "target": "weave__clock_07",
      "source_port": "right",
      "target_port": "left",
      "points": [
        [
          816.54,
          873.0147
        ],
        [
          944.07,
          873.0147
        ]
      ],
      "segments": 1,
      "bends": 0,
      "manhattan_length_px": 127.53,
      "horizontal_length_px": 127.53,
      "vertical_length_px": 0,
      "max_vertical_segment_px": 0.0,
      "crossing_points": 0,
      "crossing_pair_incidents": 0,
      "crossed_edge_count": 0,
      "source_port_fanout": 1,
      "branch_siblings": 0
    },
    {
      "edge_id": "svg-edge-0054",
      "source": "weave__merge_00",
      "target": "weave__select_00",
      "source_port": "right",
      "target_port": "0",
      "points": [
        [
          488.17,
          1078.0147
        ],
        [
          792.54,
          1078.0147
        ]
      ],
      "segments": 1,
      "bends": 0,
      "manhattan_length_px": 304.37,
      "horizontal_length_px": 304.37,
      "vertical_length_px": 0,
      "max_vertical_segment_px": 0.0,
      "crossing_points": 0,
      "crossing_pair_incidents": 0,
      "crossed_edge_count": 0,
      "source_port_fanout": 1,
      "branch_siblings": 0
    },
    {
      "edge_id": "svg-edge-0055",
      "source": "weave__public_from",
      "target": "weave__select_00",
      "source_port": "right",
      "target_port": "1",
      "points": [
        [
          163.93,
          1250.5208
        ],
        [
          265.86,
          1250.5208
        ],
        [
          265.86,
          1191.0216
        ],
        [
          716.48,
          1191.0216
        ],
        [
          716.48,
          1134.0147
        ],
        [
          792.54,
          1134.0147
        ]
      ],
      "segments": 5,
      "bends": 4,
      "manhattan_length_px": 745.1161,
      "horizontal_length_px": 628.61,
      "vertical_length_px": 116.5061,
      "max_vertical_segment_px": 59.4992,
      "crossing_points": 2,
      "crossing_pair_incidents": 3,
      "crossed_edge_count": 3,
      "source_port_fanout": 6,
      "branch_siblings": 5
    },
    {
      "edge_id": "svg-edge-0056",
      "source": "weave__select_03",
      "target": "weave__clock_03",
      "source_port": "right",
      "target_port": "left",
      "points": [
        [
          816.54,
          640.0039
        ],
        [
          944.07,
          640.0039
        ]
      ],
      "segments": 1,
      "bends": 0,
      "manhattan_length_px": 127.53,
      "horizontal_length_px": 127.53,
      "vertical_length_px": 0,
      "max_vertical_segment_px": 0.0,
      "crossing_points": 0,
      "crossing_pair_incidents": 0,
      "crossed_edge_count": 0,
      "source_port_fanout": 1,
      "branch_siblings": 0
    },
    {
      "edge_id": "svg-edge-0057",
      "source": "weave__sparse_11",
      "target": "weave__merge_02",
      "source_port": "right",
      "target_port": "0",
      "points": [
        [
          163.93,
          90.0025
        ],
        [
          464.17,
          90.0025
        ]
      ],
      "segments": 1,
      "bends": 0,
      "manhattan_length_px": 300.24,
      "horizontal_length_px": 300.24,
      "vertical_length_px": 0,
      "max_vertical_segment_px": 0.0,
      "crossing_points": 0,
      "crossing_pair_incidents": 0,
      "crossed_edge_count": 0,
      "source_port_fanout": 1,
      "branch_siblings": 0
    },
    {
      "edge_id": "svg-edge-0058",
      "source": "weave__public_gate",
      "target": "weave__merge_02",
      "source_port": "right",
      "target_port": "1",
      "points": [
        [
          163.93,
          901.0147
        ],
        [
          245.86,
          901.0147
        ],
        [
          245.86,
          146.0039
        ],
        [
          464.17,
          146.0039
        ]
      ],
      "segments": 3,
      "bends": 2,
      "manhattan_length_px": 1055.2508,
      "horizontal_length_px": 300.24,
      "vertical_length_px": 755.0108,
      "max_vertical_segment_px": 755.0108,
      "crossing_points": 1,
      "crossing_pair_incidents": 5,
      "crossed_edge_count": 5,
      "source_port_fanout": 5,
      "branch_siblings": 4
    },
    {
      "edge_id": "svg-edge-0059",
      "source": "weave__sparse_04",
      "target": "weave__merge_02",
      "source_port": "right",
      "target_port": "2",
      "points": [
        [
          361.46,
          202.0053
        ],
        [
          464.17,
          202.0053
        ]
      ],
      "segments": 1,
      "bends": 0,
      "manhattan_length_px": 102.71,
      "horizontal_length_px": 102.71,
      "vertical_length_px": 0,
      "max_vertical_segment_px": 0.0,
      "crossing_points": 0,
      "crossing_pair_incidents": 0,
      "crossed_edge_count": 0,
      "source_port_fanout": 1,
      "branch_siblings": 0
    },
    {
      "edge_id": "svg-edge-0060",
      "source": "weave__merge_04",
      "target": "weave__select_04",
      "source_port": "right",
      "target_port": "0",
      "points": [
        [
          488.17,
          1311.0255
        ],
        [
          792.54,
          1311.0255
        ]
      ],
      "segments": 1,
      "bends": 0,
      "manhattan_length_px": 304.37,
      "horizontal_length_px": 304.37,
      "vertical_length_px": 0,
      "max_vertical_segment_px": 0.0,
      "crossing_points": 2,
      "crossing_pair_incidents": 3,
      "crossed_edge_count": 3,
      "source_port_fanout": 1,
      "branch_siblings": 0
    },
    {
      "edge_id": "svg-edge-0061",
      "source": "weave__public_gate",
      "target": "weave__select_04",
      "source_port": "right",
      "target_port": "1",
      "points": [
        [
          163.93,
          901.0147
        ],
        [
          245.86,
          901.0147
        ],
        [
          245.86,
          1207.0324
        ],
        [
          696.48,
          1207.0324
        ],
        [
          696.48,
          1367.0255
        ],
        [
          792.54,
          1367.0255
        ]
      ],
      "segments": 5,
      "bends": 4,
      "manhattan_length_px": 1094.6208,
      "horizontal_length_px": 628.61,
      "vertical_length_px": 466.0108,
      "max_vertical_segment_px": 306.0177,
      "crossing_points": 4,
      "crossing_pair_incidents": 7,
      "crossed_edge_count": 6,
      "source_port_fanout": 5,
      "branch_siblings": 4
    },
    {
      "edge_id": "svg-edge-0062",
      "source": "weave__select_06",
      "target": "weave__clock_06",
      "source_port": "right",
      "target_port": "left",
      "points": [
        [
          816.54,
          1805.0363
        ],
        [
          944.07,
          1805.0363
        ]
      ],
      "segments": 1,
      "bends": 0,
      "manhattan_length_px": 127.53,
      "horizontal_length_px": 127.53,
      "vertical_length_px": 0,
      "max_vertical_segment_px": 0.0,
      "crossing_points": 0,
      "crossing_pair_incidents": 0,
      "crossed_edge_count": 0,
      "source_port_fanout": 1,
      "branch_siblings": 0
    },
    {
      "edge_id": "svg-edge-0063",
      "source": "weave__select_01",
      "target": "weave__clock_01",
      "source_port": "right",
      "target_port": "left",
      "points": [
        [
          816.54,
          1572.0363
        ],
        [
          944.07,
          1572.0363
        ]
      ],
      "segments": 1,
      "bends": 0,
      "manhattan_length_px": 127.53,
      "horizontal_length_px": 127.53,
      "vertical_length_px": 0,
      "max_vertical_segment_px": 0.0,
      "crossing_points": 0,
      "crossing_pair_incidents": 0,
      "crossed_edge_count": 0,
      "source_port_fanout": 1,
      "branch_siblings": 0
    },
    {
      "edge_id": "svg-edge-0064",
      "source": "weave__merge_01",
      "target": "weave__select_01",
      "source_port": "right",
      "target_port": "0",
      "points": [
        [
          488.17,
          1544.0363
        ],
        [
          792.54,
          1544.0363
        ]
      ],
      "segments": 1,
      "bends": 0,
      "manhattan_length_px": 304.37,
      "horizontal_length_px": 304.37,
      "vertical_length_px": 0,
      "max_vertical_segment_px": 0.0,
      "crossing_points": 2,
      "crossing_pair_incidents": 2,
      "crossed_edge_count": 2,
      "source_port_fanout": 1,
      "branch_siblings": 0
    },
    {
      "edge_id": "svg-edge-0065",
      "source": "weave__public_gate",
      "target": "weave__select_01",
      "source_port": "right",
      "target_port": "1",
      "points": [
        [
          163.93,
          901.0147
        ],
        [
          245.86,
          901.0147
        ],
        [
          245.86,
          1207.0324
        ],
        [
          696.48,
          1207.0324
        ],
        [
          696.48,
          1600.0363
        ],
        [
          792.54,
          1600.0363
        ]
      ],
      "segments": 5,
      "bends": 4,
      "manhattan_length_px": 1327.6316,
      "horizontal_length_px": 628.61,
      "vertical_length_px": 699.0216,
      "max_vertical_segment_px": 393.0039,
      "crossing_points": 5,
      "crossing_pair_incidents": 8,
      "crossed_edge_count": 7,
      "source_port_fanout": 5,
      "branch_siblings": 4
    },
    {
      "edge_id": "svg-edge-0066",
      "source": "roots__common_source",
      "target": "roots__pad_00",
      "source_port": "right",
      "target_port": "0",
      "points": [
        [
          157.93,
          2653.0565
        ],
        [
          245.86,
          2653.0565
        ],
        [
          245.86,
          1954.0349
        ],
        [
          464.17,
          1954.0349
        ]
      ],
      "segments": 3,
      "bends": 2,
      "manhattan_length_px": 1005.2616,
      "horizontal_length_px": 306.24,
      "vertical_length_px": 699.0216,
      "max_vertical_segment_px": 699.0216,
      "crossing_points": 0,
      "crossing_pair_incidents": 0,
      "crossed_edge_count": 0,
      "source_port_fanout": 4,
      "branch_siblings": 3
    },
    {
      "edge_id": "svg-edge-0067",
      "source": "weave__public_source",
      "target": "weave__merge_00",
      "source_port": "right",
      "target_port": "0",
      "points": [
        [
          157.93,
          556.0025
        ],
        [
          255.86,
          556.0025
        ],
        [
          255.86,
          1022.0133
        ],
        [
          464.17,
          1022.0133
        ]
      ],
      "segments": 3,
      "bends": 2,
      "manhattan_length_px": 772.2508,
      "horizontal_length_px": 306.24,
      "vertical_length_px": 466.0108,
      "max_vertical_segment_px": 466.0108,
      "crossing_points": 3,
      "crossing_pair_incidents": 5,
      "crossed_edge_count": 5,
      "source_port_fanout": 5,
      "branch_siblings": 4
    },
    {
      "edge_id": "svg-edge-0068",
      "source": "roots__local_a_00",
      "target": "roots__pad_00",
      "source_port": "right",
      "target_port": "1",
      "points": [
        [
          364.87,
          2010.0363
        ],
        [
          464.17,
          2010.0363
        ]
      ],
      "segments": 1,
      "bends": 0,
      "manhattan_length_px": 99.3,
      "horizontal_length_px": 99.3,
      "vertical_length_px": 0,
      "max_vertical_segment_px": 0.0,
      "crossing_points": 0,
      "crossing_pair_incidents": 0,
      "crossed_edge_count": 0,
      "source_port_fanout": 1,
      "branch_siblings": 0
    },
    {
      "edge_id": "svg-edge-0069",
      "source": "roots__local_b_00",
      "target": "roots__pad_00",
      "source_port": "right",
      "target_port": "2",
      "points": [
        [
          358.87,
          2066.0377
        ],
        [
          464.17,
          2066.0377
        ]
      ],
      "segments": 1,
      "bends": 0,
      "manhattan_length_px": 105.3,
      "horizontal_length_px": 105.3,
      "vertical_length_px": 0,
      "max_vertical_segment_px": 0.0,
      "crossing_points": 0,
      "crossing_pair_incidents": 0,
      "crossed_edge_count": 0,
      "source_port_fanout": 1,
      "branch_siblings": 0
    },
    {
      "edge_id": "svg-edge-0070",
      "source": "roots__pad_00",
      "target": "roots__cell_00",
      "source_port": "right",
      "target_port": "left",
      "points": [
        [
          488.17,
          2010.0363
        ],
        [
          792.54,
          2010.0363
        ]
      ],
      "segments": 1,
      "bends": 0,
      "manhattan_length_px": 304.37,
      "horizontal_length_px": 304.37,
      "vertical_length_px": 0,
      "max_vertical_segment_px": 0.0,
      "crossing_points": 0,
      "crossing_pair_incidents": 0,
      "crossed_edge_count": 0,
      "source_port_fanout": 1,
      "branch_siblings": 0
    },
    {
      "edge_id": "svg-edge-0071",
      "source": "roots__cell_00",
      "target": "roots__clock_00",
      "source_port": "right",
      "target_port": "left",
      "points": [
        [
          814.54,
          2010.0363
        ],
        [
          944.07,
          2010.0363
        ]
      ],
      "segments": 1,
      "bends": 0,
      "manhattan_length_px": 129.53,
      "horizontal_length_px": 129.53,
      "vertical_length_px": 0,
      "max_vertical_segment_px": 0.0,
      "crossing_points": 0,
      "crossing_pair_incidents": 0,
      "crossed_edge_count": 0,
      "source_port_fanout": 1,
      "branch_siblings": 0
    },
    {
      "edge_id": "svg-edge-0072",
      "source": "roots__local_b_01",
      "target": "roots__pad_01",
      "source_port": "right",
      "target_port": "0",
      "points": [
        [
          364.87,
          2187.0457
        ],
        [
          464.17,
          2187.0457
        ]
      ],
      "segments": 1,
      "bends": 0,
      "manhattan_length_px": 99.3,
      "horizontal_length_px": 99.3,
      "vertical_length_px": 0,
      "max_vertical_segment_px": 0.0,
      "crossing_points": 0,
      "crossing_pair_incidents": 0,
      "crossed_edge_count": 0,
      "source_port_fanout": 1,
      "branch_siblings": 0
    },
    {
      "edge_id": "svg-edge-0073",
      "source": "roots__common_from",
      "target": "roots__pad_01",
      "source_port": "right",
      "target_port": "1",
      "points": [
        [
          163.93,
          2942.0687
        ],
        [
          255.86,
          2942.0687
        ],
        [
          255.86,
          2243.0471
        ],
        [
          464.17,
          2243.0471
        ]
      ],
      "segments": 3,
      "bends": 2,
      "manhattan_length_px": 999.2616,
      "horizontal_length_px": 300.24,
      "vertical_length_px": 699.0216,
      "max_vertical_segment_px": 699.0216,
      "crossing_points": 2,
      "crossing_pair_incidents": 3,
      "crossed_edge_count": 3,
      "source_port_fanout": 4,
      "branch_siblings": 3
    },
    {
      "edge_id": "svg-edge-0074",
      "source": "roots__local_a_01",
      "target": "roots__pad_01",
      "source_port": "right",
      "target_port": "2",
      "points": [
        [
          358.87,
          2299.0485
        ],
        [
          464.17,
          2299.0485
        ]
      ],
      "segments": 1,
      "bends": 0,
      "manhattan_length_px": 105.3,
      "horizontal_length_px": 105.3,
      "vertical_length_px": 0,
      "max_vertical_segment_px": 0.0,
      "crossing_points": 0,
      "crossing_pair_incidents": 0,
      "crossed_edge_count": 0,
      "source_port_fanout": 1,
      "branch_siblings": 0
    },
    {
      "edge_id": "svg-edge-0075",
      "source": "roots__pad_01",
      "target": "roots__div_01",
      "source_port": "right",
      "target_port": "left",
      "points": [
        [
          488.17,
          2243.0471
        ],
        [
          618.258,
          2243.0471
        ]
      ],
      "segments": 1,
      "bends": 0,
      "manhattan_length_px": 130.088,
      "horizontal_length_px": 130.088,
      "vertical_length_px": 0,
      "max_vertical_segment_px": 0.0,
      "crossing_points": 0,
      "crossing_pair_incidents": 0,
      "crossed_edge_count": 0,
      "source_port_fanout": 1,
      "branch_siblings": 0
    },
    {
      "edge_id": "svg-edge-0076",
      "source": "roots__div_01",
      "target": "roots__cell_01",
      "source_port": "right",
      "target_port": "left",
      "points": [
        [
          639.042,
          2243.0471
        ],
        [
          792.54,
          2243.0471
        ]
      ],
      "segments": 1,
      "bends": 0,
      "manhattan_length_px": 153.498,
      "horizontal_length_px": 153.498,
      "vertical_length_px": 0,
      "max_vertical_segment_px": 0.0,
      "crossing_points": 0,
      "crossing_pair_incidents": 0,
      "crossed_edge_count": 0,
      "source_port_fanout": 1,
      "branch_siblings": 0
    },
    {
      "edge_id": "svg-edge-0077",
      "source": "roots__cell_01",
      "target": "roots__clock_01",
      "source_port": "right",
      "target_port": "left",
      "points": [
        [
          814.54,
          2243.0471
        ],
        [
          944.07,
          2243.0471
        ]
      ],
      "segments": 1,
      "bends": 0,
      "manhattan_length_px": 129.53,
      "horizontal_length_px": 129.53,
      "vertical_length_px": 0,
      "max_vertical_segment_px": 0.0,
      "crossing_points": 0,
      "crossing_pair_incidents": 0,
      "crossed_edge_count": 0,
      "source_port_fanout": 1,
      "branch_siblings": 0
    },
    {
      "edge_id": "svg-edge-0078",
      "source": "weave__sparse_00",
      "target": "weave__merge_00",
      "source_port": "right",
      "target_port": "1",
      "points": [
        [
          355.46,
          1078.0147
        ],
        [
          464.17,
          1078.0147
        ]
      ],
      "segments": 1,
      "bends": 0,
      "manhattan_length_px": 108.71,
      "horizontal_length_px": 108.71,
      "vertical_length_px": 0,
      "max_vertical_segment_px": 0.0,
      "crossing_points": 0,
      "crossing_pair_incidents": 0,
      "crossed_edge_count": 0,
      "source_port_fanout": 1,
      "branch_siblings": 0
    },
    {
      "edge_id": "svg-edge-0079",
      "source": "roots__local_a_02",
      "target": "roots__pad_02",
      "source_port": "right",
      "target_port": "0",
      "points": [
        [
          364.87,
          2420.0565
        ],
        [
          464.17,
          2420.0565
        ]
      ],
      "segments": 1,
      "bends": 0,
      "manhattan_length_px": 99.3,
      "horizontal_length_px": 99.3,
      "vertical_length_px": 0,
      "max_vertical_segment_px": 0.0,
      "crossing_points": 0,
      "crossing_pair_incidents": 0,
      "crossed_edge_count": 0,
      "source_port_fanout": 1,
      "branch_siblings": 0
    },
    {
      "edge_id": "svg-edge-0080",
      "source": "roots__local_b_02",
      "target": "roots__pad_02",
      "source_port": "right",
      "target_port": "1",
      "points": [
        [
          364.87,
          2476.0579
        ],
        [
          464.17,
          2476.0579
        ]
      ],
      "segments": 1,
      "bends": 0,
      "manhattan_length_px": 99.3,
      "horizontal_length_px": 99.3,
      "vertical_length_px": 0,
      "max_vertical_segment_px": 0.0,
      "crossing_points": 0,
      "crossing_pair_incidents": 0,
      "crossed_edge_count": 0,
      "source_port_fanout": 1,
      "branch_siblings": 0
    },
    {
      "edge_id": "svg-edge-0081",
      "source": "roots__common_gate_root",
      "target": "roots__pad_02",
      "source_port": "right",
      "target_port": "2",
      "points": [
        [
          163.93,
          3231.0809
        ],
        [
          265.86,
          3231.0809
        ],
        [
          265.86,
          2532.0593
        ],
        [
          464.17,
          2532.0593
        ]
      ],
      "segments": 3,
      "bends": 2,
      "manhattan_length_px": 999.2616,
      "horizontal_length_px": 300.24,
      "vertical_length_px": 699.0216,
      "max_vertical_segment_px": 699.0216,
      "crossing_points": 4,
      "crossing_pair_incidents": 6,
      "crossed_edge_count": 6,
      "source_port_fanout": 4,
      "branch_siblings": 3
    },
    {
      "edge_id": "svg-edge-0082",
      "source": "roots__pad_02",
      "target": "roots__cell_02",
      "source_port": "right",
      "target_port": "left",
      "points": [
        [
          488.17,
          2476.0579
        ],
        [
          792.54,
          2476.0579
        ]
      ],
      "segments": 1,
      "bends": 0,
      "manhattan_length_px": 304.37,
      "horizontal_length_px": 304.37,
      "vertical_length_px": 0,
      "max_vertical_segment_px": 0.0,
      "crossing_points": 0,
      "crossing_pair_incidents": 0,
      "crossed_edge_count": 0,
      "source_port_fanout": 1,
      "branch_siblings": 0
    },
    {
      "edge_id": "svg-edge-0083",
      "source": "roots__cell_02",
      "target": "roots__clock_02",
      "source_port": "right",
      "target_port": "left",
      "points": [
        [
          814.54,
          2476.0579
        ],
        [
          944.07,
          2476.0579
        ]
      ],
      "segments": 1,
      "bends": 0,
      "manhattan_length_px": 129.53,
      "horizontal_length_px": 129.53,
      "vertical_length_px": 0,
      "max_vertical_segment_px": 0.0,
      "crossing_points": 0,
      "crossing_pair_incidents": 0,
      "crossed_edge_count": 0,
      "source_port_fanout": 1,
      "branch_siblings": 0
    },
    {
      "edge_id": "svg-edge-0084",
      "source": "roots__common_source",
      "target": "roots__pad_03",
      "source_port": "right",
      "target_port": "0",
      "points": [
        [
          157.93,
          2653.0565
        ],
        [
          464.17,
          2653.0565
        ]
      ],
      "segments": 1,
      "bends": 0,
      "manhattan_length_px": 306.24,
      "horizontal_length_px": 306.24,
      "vertical_length_px": 0,
      "max_vertical_segment_px": 0.0,
      "crossing_points": 2,
      "crossing_pair_incidents": 2,
      "crossed_edge_count": 2,
      "source_port_fanout": 4,
      "branch_siblings": 3
    },
    {
      "edge_id": "svg-edge-0085",
      "source": "roots__local_a_03",
      "target": "roots__pad_03",
      "source_port": "right",
      "target_port": "1",
      "points": [
        [
          364.87,
          2709.0579
        ],
        [
          464.17,
          2709.0579
        ]
      ],
      "segments": 1,
      "bends": 0,
      "manhattan_length_px": 99.3,
      "horizontal_length_px": 99.3,
      "vertical_length_px": 0,
      "max_vertical_segment_px": 0.0,
      "crossing_points": 0,
      "crossing_pair_incidents": 0,
      "crossed_edge_count": 0,
      "source_port_fanout": 1,
      "branch_siblings": 0
    },
    {
      "edge_id": "svg-edge-0086",
      "source": "roots__local_b_03",
      "target": "roots__pad_03",
      "source_port": "right",
      "target_port": "2",
      "points": [
        [
          358.87,
          2765.0593
        ],
        [
          464.17,
          2765.0593
        ]
      ],
      "segments": 1,
      "bends": 0,
      "manhattan_length_px": 105.3,
      "horizontal_length_px": 105.3,
      "vertical_length_px": 0,
      "max_vertical_segment_px": 0.0,
      "crossing_points": 0,
      "crossing_pair_incidents": 0,
      "crossed_edge_count": 0,
      "source_port_fanout": 1,
      "branch_siblings": 0
    },
    {
      "edge_id": "svg-edge-0087",
      "source": "roots__pad_03",
      "target": "roots__div_03",
      "source_port": "right",
      "target_port": "left",
      "points": [
        [
          488.17,
          2709.0579
        ],
        [
          618.258,
          2709.0579
        ]
      ],
      "segments": 1,
      "bends": 0,
      "manhattan_length_px": 130.088,
      "horizontal_length_px": 130.088,
      "vertical_length_px": 0,
      "max_vertical_segment_px": 0.0,
      "crossing_points": 0,
      "crossing_pair_incidents": 0,
      "crossed_edge_count": 0,
      "source_port_fanout": 1,
      "branch_siblings": 0
    },
    {
      "edge_id": "svg-edge-0088",
      "source": "roots__div_03",
      "target": "roots__cell_03",
      "source_port": "right",
      "target_port": "left",
      "points": [
        [
          639.042,
          2709.0579
        ],
        [
          792.54,
          2709.0579
        ]
      ],
      "segments": 1,
      "bends": 0,
      "manhattan_length_px": 153.498,
      "horizontal_length_px": 153.498,
      "vertical_length_px": 0,
      "max_vertical_segment_px": 0.0,
      "crossing_points": 0,
      "crossing_pair_incidents": 0,
      "crossed_edge_count": 0,
      "source_port_fanout": 1,
      "branch_siblings": 0
    },
    {
      "edge_id": "svg-edge-0089",
      "source": "weave__sparse_07",
      "target": "weave__merge_00",
      "source_port": "right",
      "target_port": "2",
      "points": [
        [
          361.46,
          1134.0161
        ],
        [
          464.17,
          1134.0161
        ]
      ],
      "segments": 1,
      "bends": 0,
      "manhattan_length_px": 102.71,
      "horizontal_length_px": 102.71,
      "vertical_length_px": 0,
      "max_vertical_segment_px": 0.0,
      "crossing_points": 0,
      "crossing_pair_incidents": 0,
      "crossed_edge_count": 0,
      "source_port_fanout": 1,
      "branch_siblings": 0
    },
    {
      "edge_id": "svg-edge-0090",
      "source": "roots__cell_03",
      "target": "roots__clock_03",
      "source_port": "right",
      "target_port": "left",
      "points": [
        [
          814.54,
          2709.0579
        ],
        [
          944.07,
          2709.0579
        ]
      ],
      "segments": 1,
      "bends": 0,
      "manhattan_length_px": 129.53,
      "horizontal_length_px": 129.53,
      "vertical_length_px": 0,
      "max_vertical_segment_px": 0.0,
      "crossing_points": 0,
      "crossing_pair_incidents": 0,
      "crossed_edge_count": 0,
      "source_port_fanout": 1,
      "branch_siblings": 0
    },
    {
      "edge_id": "svg-edge-0091",
      "source": "roots__local_b_04",
      "target": "roots__pad_04",
      "source_port": "right",
      "target_port": "0",
      "points": [
        [
          364.87,
          2886.0673
        ],
        [
          464.17,
          2886.0673
        ]
      ],
      "segments": 1,
      "bends": 0,
      "manhattan_length_px": 99.3,
      "horizontal_length_px": 99.3,
      "vertical_length_px": 0,
      "max_vertical_segment_px": 0.0,
      "crossing_points": 0,
      "crossing_pair_incidents": 0,
      "crossed_edge_count": 0,
      "source_port_fanout": 1,
      "branch_siblings": 0
    },
    {
      "edge_id": "svg-edge-0092",
      "source": "roots__common_from",
      "target": "roots__pad_04",
      "source_port": "right",
      "target_port": "1",
      "points": [
        [
          163.93,
          2942.0687
        ],
        [
          464.17,
          2942.0687
        ]
      ],
      "segments": 1,
      "bends": 0,
      "manhattan_length_px": 300.24,
      "horizontal_length_px": 300.24,
      "vertical_length_px": 0,
      "max_vertical_segment_px": 0.0,
      "crossing_points": 2,
      "crossing_pair_incidents": 3,
      "crossed_edge_count": 3,
      "source_port_fanout": 4,
      "branch_siblings": 3
    },
    {
      "edge_id": "svg-edge-0093",
      "source": "roots__local_a_04",
      "target": "roots__pad_04",
      "source_port": "right",
      "target_port": "2",
      "points": [
        [
          358.87,
          2998.0701
        ],
        [
          464.17,
          2998.0701
        ]
      ],
      "segments": 1,
      "bends": 0,
      "manhattan_length_px": 105.3,
      "horizontal_length_px": 105.3,
      "vertical_length_px": 0,
      "max_vertical_segment_px": 0.0,
      "crossing_points": 0,
      "crossing_pair_incidents": 0,
      "crossed_edge_count": 0,
      "source_port_fanout": 1,
      "branch_siblings": 0
    },
    {
      "edge_id": "svg-edge-0094",
      "source": "roots__pad_04",
      "target": "roots__cell_04",
      "source_port": "right",
      "target_port": "left",
      "points": [
        [
          488.17,
          2942.0687
        ],
        [
          792.54,
          2942.0687
        ]
      ],
      "segments": 1,
      "bends": 0,
      "manhattan_length_px": 304.37,
      "horizontal_length_px": 304.37,
      "vertical_length_px": 0,
      "max_vertical_segment_px": 0.0,
      "crossing_points": 0,
      "crossing_pair_incidents": 0,
      "crossed_edge_count": 0,
      "source_port_fanout": 1,
      "branch_siblings": 0
    },
    {
      "edge_id": "svg-edge-0095",
      "source": "roots__cell_04",
      "target": "roots__clock_04",
      "source_port": "right",
      "target_port": "left",
      "points": [
        [
          814.54,
          2942.0687
        ],
        [
          944.07,
          2942.0687
        ]
      ],
      "segments": 1,
      "bends": 0,
      "manhattan_length_px": 129.53,
      "horizontal_length_px": 129.53,
      "vertical_length_px": 0,
      "max_vertical_segment_px": 0.0,
      "crossing_points": 0,
      "crossing_pair_incidents": 0,
      "crossed_edge_count": 0,
      "source_port_fanout": 1,
      "branch_siblings": 0
    },
    {
      "edge_id": "svg-edge-0096",
      "source": "roots__local_a_05",
      "target": "roots__pad_05",
      "source_port": "right",
      "target_port": "0",
      "points": [
        [
          364.87,
          3119.0781
        ],
        [
          464.17,
          3119.0781
        ]
      ],
      "segments": 1,
      "bends": 0,
      "manhattan_length_px": 99.3,
      "horizontal_length_px": 99.3,
      "vertical_length_px": 0,
      "max_vertical_segment_px": 0.0,
      "crossing_points": 0,
      "crossing_pair_incidents": 0,
      "crossed_edge_count": 0,
      "source_port_fanout": 1,
      "branch_siblings": 0
    },
    {
      "edge_id": "svg-edge-0097",
      "source": "roots__local_b_05",
      "target": "roots__pad_05",
      "source_port": "right",
      "target_port": "1",
      "points": [
        [
          364.87,
          3175.0795
        ],
        [
          464.17,
          3175.0795
        ]
      ],
      "segments": 1,
      "bends": 0,
      "manhattan_length_px": 99.3,
      "horizontal_length_px": 99.3,
      "vertical_length_px": 0,
      "max_vertical_segment_px": 0.0,
      "crossing_points": 0,
      "crossing_pair_incidents": 0,
      "crossed_edge_count": 0,
      "source_port_fanout": 1,
      "branch_siblings": 0
    },
    {
      "edge_id": "svg-edge-0098",
      "source": "roots__common_gate_root",
      "target": "roots__pad_05",
      "source_port": "right",
      "target_port": "2",
      "points": [
        [
          163.93,
          3231.0809
        ],
        [
          464.17,
          3231.0809
        ]
      ],
      "segments": 1,
      "bends": 0,
      "manhattan_length_px": 300.24,
      "horizontal_length_px": 300.24,
      "vertical_length_px": 0,
      "max_vertical_segment_px": 0.0,
      "crossing_points": 2,
      "crossing_pair_incidents": 4,
      "crossed_edge_count": 4,
      "source_port_fanout": 4,
      "branch_siblings": 3
    },
    {
      "edge_id": "svg-edge-0099",
      "source": "roots__pad_05",
      "target": "roots__div_05",
      "source_port": "right",
      "target_port": "left",
      "points": [
        [
          488.17,
          3175.0795
        ],
        [
          618.258,
          3175.0795
        ]
      ],
      "segments": 1,
      "bends": 0,
      "manhattan_length_px": 130.088,
      "horizontal_length_px": 130.088,
      "vertical_length_px": 0,
      "max_vertical_segment_px": 0.0,
      "crossing_points": 0,
      "crossing_pair_incidents": 0,
      "crossed_edge_count": 0,
      "source_port_fanout": 1,
      "branch_siblings": 0
    },
    {
      "edge_id": "svg-edge-0100",
      "source": "weave__select_00",
      "target": "weave__clock_00",
      "source_port": "right",
      "target_port": "left",
      "points": [
        [
          816.54,
          1106.0147
        ],
        [
          944.07,
          1106.0147
        ]
      ],
      "segments": 1,
      "bends": 0,
      "manhattan_length_px": 127.53,
      "horizontal_length_px": 127.53,
      "vertical_length_px": 0,
      "max_vertical_segment_px": 0.0,
      "crossing_points": 0,
      "crossing_pair_incidents": 0,
      "crossed_edge_count": 0,
      "source_port_fanout": 1,
      "branch_siblings": 0
    },
    {
      "edge_id": "svg-edge-0101",
      "source": "roots__div_05",
      "target": "roots__cell_05",
      "source_port": "right",
      "target_port": "left",
      "points": [
        [
          639.042,
          3175.0795
        ],
        [
          792.54,
          3175.0795
        ]
      ],
      "segments": 1,
      "bends": 0,
      "manhattan_length_px": 153.498,
      "horizontal_length_px": 153.498,
      "vertical_length_px": 0,
      "max_vertical_segment_px": 0.0,
      "crossing_points": 0,
      "crossing_pair_incidents": 0,
      "crossed_edge_count": 0,
      "source_port_fanout": 1,
      "branch_siblings": 0
    },
    {
      "edge_id": "svg-edge-0102",
      "source": "roots__cell_05",
      "target": "roots__clock_05",
      "source_port": "right",
      "target_port": "left",
      "points": [
        [
          814.54,
          3175.0795
        ],
        [
          944.07,
          3175.0795
        ]
      ],
      "segments": 1,
      "bends": 0,
      "manhattan_length_px": 129.53,
      "horizontal_length_px": 129.53,
      "vertical_length_px": 0,
      "max_vertical_segment_px": 0.0,
      "crossing_points": 0,
      "crossing_pair_incidents": 0,
      "crossed_edge_count": 0,
      "source_port_fanout": 1,
      "branch_siblings": 0
    },
    {
      "edge_id": "svg-edge-0103",
      "source": "roots__common_source",
      "target": "roots__pad_06",
      "source_port": "right",
      "target_port": "0",
      "points": [
        [
          157.93,
          2653.0565
        ],
        [
          245.86,
          2653.0565
        ],
        [
          245.86,
          3352.0781
        ],
        [
          464.17,
          3352.0781
        ]
      ],
      "segments": 3,
      "bends": 2,
      "manhattan_length_px": 1005.2616,
      "horizontal_length_px": 306.24,
      "vertical_length_px": 699.0216,
      "max_vertical_segment_px": 699.0216,
      "crossing_points": 4,
      "crossing_pair_incidents": 12,
      "crossed_edge_count": 8,
      "source_port_fanout": 4,
      "branch_siblings": 3
    },
    {
      "edge_id": "svg-edge-0104",
      "source": "roots__local_a_06",
      "target": "roots__pad_06",
      "source_port": "right",
      "target_port": "1",
      "points": [
        [
          364.87,
          3408.0795
        ],
        [
          464.17,
          3408.0795
        ]
      ],
      "segments": 1,
      "bends": 0,
      "manhattan_length_px": 99.3,
      "horizontal_length_px": 99.3,
      "vertical_length_px": 0,
      "max_vertical_segment_px": 0.0,
      "crossing_points": 0,
      "crossing_pair_incidents": 0,
      "crossed_edge_count": 0,
      "source_port_fanout": 1,
      "branch_siblings": 0
    },
    {
      "edge_id": "svg-edge-0105",
      "source": "roots__local_b_06",
      "target": "roots__pad_06",
      "source_port": "right",
      "target_port": "2",
      "points": [
        [
          358.87,
          3464.0809
        ],
        [
          464.17,
          3464.0809
        ]
      ],
      "segments": 1,
      "bends": 0,
      "manhattan_length_px": 105.3,
      "horizontal_length_px": 105.3,
      "vertical_length_px": 0,
      "max_vertical_segment_px": 0.0,
      "crossing_points": 0,
      "crossing_pair_incidents": 0,
      "crossed_edge_count": 0,
      "source_port_fanout": 1,
      "branch_siblings": 0
    },
    {
      "edge_id": "svg-edge-0106",
      "source": "roots__pad_06",
      "target": "roots__cell_06",
      "source_port": "right",
      "target_port": "left",
      "points": [
        [
          488.17,
          3408.0795
        ],
        [
          792.54,
          3408.0795
        ]
      ],
      "segments": 1,
      "bends": 0,
      "manhattan_length_px": 304.37,
      "horizontal_length_px": 304.37,
      "vertical_length_px": 0,
      "max_vertical_segment_px": 0.0,
      "crossing_points": 0,
      "crossing_pair_incidents": 0,
      "crossed_edge_count": 0,
      "source_port_fanout": 1,
      "branch_siblings": 0
    },
    {
      "edge_id": "svg-edge-0107",
      "source": "roots__cell_06",
      "target": "roots__clock_06",
      "source_port": "right",
      "target_port": "left",
      "points": [
        [
          814.54,
          3408.0795
        ],
        [
          944.07,
          3408.0795
        ]
      ],
      "segments": 1,
      "bends": 0,
      "manhattan_length_px": 129.53,
      "horizontal_length_px": 129.53,
      "vertical_length_px": 0,
      "max_vertical_segment_px": 0.0,
      "crossing_points": 0,
      "crossing_pair_incidents": 0,
      "crossed_edge_count": 0,
      "source_port_fanout": 1,
      "branch_siblings": 0
    },
    {
      "edge_id": "svg-edge-0108",
      "source": "roots__local_b_07",
      "target": "roots__pad_07",
      "source_port": "right",
      "target_port": "0",
      "points": [
        [
          364.87,
          3585.0889
        ],
        [
          464.17,
          3585.0889
        ]
      ],
      "segments": 1,
      "bends": 0,
      "manhattan_length_px": 99.3,
      "horizontal_length_px": 99.3,
      "vertical_length_px": 0,
      "max_vertical_segment_px": 0.0,
      "crossing_points": 0,
      "crossing_pair_incidents": 0,
      "crossed_edge_count": 0,
      "source_port_fanout": 1,
      "branch_siblings": 0
    },
    {
      "edge_id": "svg-edge-0109",
      "source": "roots__common_from",
      "target": "roots__pad_07",
      "source_port": "right",
      "target_port": "1",
      "points": [
        [
          163.93,
          2942.0687
        ],
        [
          255.86,
          2942.0687
        ],
        [
          255.86,
          3641.0903
        ],
        [
          464.17,
          3641.0903
        ]
      ],
      "segments": 3,
      "bends": 2,
      "manhattan_length_px": 999.2616,
      "horizontal_length_px": 300.24,
      "vertical_length_px": 699.0216,
      "max_vertical_segment_px": 699.0216,
      "crossing_points": 4,
      "crossing_pair_incidents": 9,
      "crossed_edge_count": 6,
      "source_port_fanout": 4,
      "branch_siblings": 3
    },
    {
      "edge_id": "svg-edge-0110",
      "source": "roots__local_a_07",
      "target": "roots__pad_07",
      "source_port": "right",
      "target_port": "2",
      "points": [
        [
          358.87,
          3697.0917
        ],
        [
          464.17,
          3697.0917
        ]
      ],
      "segments": 1,
      "bends": 0,
      "manhattan_length_px": 105.3,
      "horizontal_length_px": 105.3,
      "vertical_length_px": 0,
      "max_vertical_segment_px": 0.0,
      "crossing_points": 0,
      "crossing_pair_incidents": 0,
      "crossed_edge_count": 0,
      "source_port_fanout": 1,
      "branch_siblings": 0
    },
    {
      "edge_id": "svg-edge-0111",
      "source": "weave__sparse_02",
      "target": "weave__merge_01",
      "source_port": "right",
      "target_port": "0",
      "points": [
        [
          361.46,
          1488.0349
        ],
        [
          464.17,
          1488.0349
        ]
      ],
      "segments": 1,
      "bends": 0,
      "manhattan_length_px": 102.71,
      "horizontal_length_px": 102.71,
      "vertical_length_px": 0,
      "max_vertical_segment_px": 0.0,
      "crossing_points": 0,
      "crossing_pair_incidents": 0,
      "crossed_edge_count": 0,
      "source_port_fanout": 1,
      "branch_siblings": 0
    },
    {
      "edge_id": "svg-edge-0112",
      "source": "roots__pad_07",
      "target": "roots__div_07",
      "source_port": "right",
      "target_port": "left",
      "points": [
        [
          488.17,
          3641.0903
        ],
        [
          618.258,
          3641.0903
        ]
      ],
      "segments": 1,
      "bends": 0,
      "manhattan_length_px": 130.088,
      "horizontal_length_px": 130.088,
      "vertical_length_px": 0,
      "max_vertical_segment_px": 0.0,
      "crossing_points": 0,
      "crossing_pair_incidents": 0,
      "crossed_edge_count": 0,
      "source_port_fanout": 1,
      "branch_siblings": 0
    },
    {
      "edge_id": "svg-edge-0113",
      "source": "roots__div_07",
      "target": "roots__cell_07",
      "source_port": "right",
      "target_port": "left",
      "points": [
        [
          639.042,
          3641.0903
        ],
        [
          792.54,
          3641.0903
        ]
      ],
      "segments": 1,
      "bends": 0,
      "manhattan_length_px": 153.498,
      "horizontal_length_px": 153.498,
      "vertical_length_px": 0,
      "max_vertical_segment_px": 0.0,
      "crossing_points": 0,
      "crossing_pair_incidents": 0,
      "crossed_edge_count": 0,
      "source_port_fanout": 1,
      "branch_siblings": 0
    },
    {
      "edge_id": "svg-edge-0114",
      "source": "roots__cell_07",
      "target": "roots__clock_07",
      "source_port": "right",
      "target_port": "left",
      "points": [
        [
          814.54,
          3641.0903
        ],
        [
          944.07,
          3641.0903
        ]
      ],
      "segments": 1,
      "bends": 0,
      "manhattan_length_px": 129.53,
      "horizontal_length_px": 129.53,
      "vertical_length_px": 0,
      "max_vertical_segment_px": 0.0,
      "crossing_points": 0,
      "crossing_pair_incidents": 0,
      "crossed_edge_count": 0,
      "source_port_fanout": 1,
      "branch_siblings": 0
    },
    {
      "edge_id": "svg-edge-0115",
      "source": "roots__local_a_08",
      "target": "roots__pad_08",
      "source_port": "right",
      "target_port": "0",
      "points": [
        [
          364.87,
          3818.0997
        ],
        [
          464.17,
          3818.0997
        ]
      ],
      "segments": 1,
      "bends": 0,
      "manhattan_length_px": 99.3,
      "horizontal_length_px": 99.3,
      "vertical_length_px": 0,
      "max_vertical_segment_px": 0.0,
      "crossing_points": 0,
      "crossing_pair_incidents": 0,
      "crossed_edge_count": 0,
      "source_port_fanout": 1,
      "branch_siblings": 0
    },
    {
      "edge_id": "svg-edge-0116",
      "source": "roots__local_b_08",
      "target": "roots__pad_08",
      "source_port": "right",
      "target_port": "1",
      "points": [
        [
          364.87,
          3874.1011
        ],
        [
          464.17,
          3874.1011
        ]
      ],
      "segments": 1,
      "bends": 0,
      "manhattan_length_px": 99.3,
      "horizontal_length_px": 99.3,
      "vertical_length_px": 0,
      "max_vertical_segment_px": 0.0,
      "crossing_points": 0,
      "crossing_pair_incidents": 0,
      "crossed_edge_count": 0,
      "source_port_fanout": 1,
      "branch_siblings": 0
    },
    {
      "edge_id": "svg-edge-0117",
      "source": "roots__common_gate_root",
      "target": "roots__pad_08",
      "source_port": "right",
      "target_port": "2",
      "points": [
        [
          163.93,
          3231.0809
        ],
        [
          265.86,
          3231.0809
        ],
        [
          265.86,
          3930.1025
        ],
        [
          464.17,
          3930.1025
        ]
      ],
      "segments": 3,
      "bends": 2,
      "manhattan_length_px": 999.2616,
      "horizontal_length_px": 300.24,
      "vertical_length_px": 699.0216,
      "max_vertical_segment_px": 699.0216,
      "crossing_points": 4,
      "crossing_pair_incidents": 6,
      "crossed_edge_count": 4,
      "source_port_fanout": 4,
      "branch_siblings": 3
    },
    {
      "edge_id": "svg-edge-0118",
      "source": "roots__pad_08",
      "target": "roots__cell_08",
      "source_port": "right",
      "target_port": "left",
      "points": [
        [
          488.17,
          3874.1011
        ],
        [
          792.54,
          3874.1011
        ]
      ],
      "segments": 1,
      "bends": 0,
      "manhattan_length_px": 304.37,
      "horizontal_length_px": 304.37,
      "vertical_length_px": 0,
      "max_vertical_segment_px": 0.0,
      "crossing_points": 0,
      "crossing_pair_incidents": 0,
      "crossed_edge_count": 0,
      "source_port_fanout": 1,
      "branch_siblings": 0
    },
    {
      "edge_id": "svg-edge-0119",
      "source": "roots__cell_08",
      "target": "roots__clock_08",
      "source_port": "right",
      "target_port": "left",
      "points": [
        [
          814.54,
          3874.1011
        ],
        [
          944.07,
          3874.1011
        ]
      ],
      "segments": 1,
      "bends": 0,
      "manhattan_length_px": 129.53,
      "horizontal_length_px": 129.53,
      "vertical_length_px": 0,
      "max_vertical_segment_px": 0.0,
      "crossing_points": 0,
      "crossing_pair_incidents": 0,
      "crossed_edge_count": 0,
      "source_port_fanout": 1,
      "branch_siblings": 0
    },
    {
      "edge_id": "svg-edge-0120",
      "source": "roots__common_source",
      "target": "roots__pad_09",
      "source_port": "right",
      "target_port": "0",
      "points": [
        [
          157.93,
          2653.0565
        ],
        [
          245.86,
          2653.0565
        ],
        [
          245.86,
          4051.0997
        ],
        [
          464.17,
          4051.0997
        ]
      ],
      "segments": 3,
      "bends": 2,
      "manhattan_length_px": 1704.2832,
      "horizontal_length_px": 306.24,
      "vertical_length_px": 1398.0432,
      "max_vertical_segment_px": 1398.0432,
      "crossing_points": 4,
      "crossing_pair_incidents": 10,
      "crossed_edge_count": 8,
      "source_port_fanout": 4,
      "branch_siblings": 3
    },
    {
      "edge_id": "svg-edge-0121",
      "source": "roots__local_a_09",
      "target": "roots__pad_09",
      "source_port": "right",
      "target_port": "1",
      "points": [
        [
          364.87,
          4107.1011
        ],
        [
          464.17,
          4107.1011
        ]
      ],
      "segments": 1,
      "bends": 0,
      "manhattan_length_px": 99.3,
      "horizontal_length_px": 99.3,
      "vertical_length_px": 0,
      "max_vertical_segment_px": 0.0,
      "crossing_points": 0,
      "crossing_pair_incidents": 0,
      "crossed_edge_count": 0,
      "source_port_fanout": 1,
      "branch_siblings": 0
    }
  ],
  "crossings": [
    {
      "point": [
        255.86,
        3231.0809
      ],
      "edges": [
        "svg-edge-0007",
        "svg-edge-0014"
      ],
      "segments": [
        1,
        0
      ]
    },
    {
      "point": [
        265.86,
        4340.1119
      ],
      "edges": [
        "svg-edge-0007",
        "svg-edge-0014"
      ],
      "segments": [
        2,
        1
      ]
    },
    {
      "point": [
        255.86,
        3231.0809
      ],
      "edges": [
        "svg-edge-0007",
        "svg-edge-0081"
      ],
      "segments": [
        1,
        0
      ]
    },
    {
      "point": [
        255.86,
        3231.0809
      ],
      "edges": [
        "svg-edge-0007",
        "svg-edge-0098"
      ],
      "segments": [
        1,
        0
      ]
    },
    {
      "point": [
        245.86,
        2942.0687
      ],
      "edges": [
        "svg-edge-0007",
        "svg-edge-0103"
      ],
      "segments": [
        0,
        1
      ]
    },
    {
      "point": [
        255.86,
        3352.0781
      ],
      "edges": [
        "svg-edge-0007",
        "svg-edge-0103"
      ],
      "segments": [
        1,
        2
      ]
    },
    {
      "point": [
        255.86,
        3231.0809
      ],
      "edges": [
        "svg-edge-0007",
        "svg-edge-0117"
      ],
      "segments": [
        1,
        0
      ]
    },
    {
      "point": [
        245.86,
        2942.0687
      ],
      "edges": [
        "svg-edge-0007",
        "svg-edge-0120"
      ],
      "segments": [
        0,
        1
      ]
    },
    {
      "point": [
        255.86,
        4051.0997
      ],
      "edges": [
        "svg-edge-0007",
        "svg-edge-0120"
      ],
      "segments": [
        1,
        2
      ]
    },
    {
      "point": [
        255.86,
        1250.5208
      ],
      "edges": [
        "svg-edge-0012",
        "svg-edge-0037"
      ],
      "segments": [
        0,
        1
      ]
    },
    {
      "point": [
        245.86,
        3231.0809
      ],
      "edges": [
        "svg-edge-0014",
        "svg-edge-0103"
      ],
      "segments": [
        0,
        1
      ]
    },
    {
      "point": [
        265.86,
        3352.0781
      ],
      "edges": [
        "svg-edge-0014",
        "svg-edge-0103"
      ],
      "segments": [
        1,
        2
      ]
    },
    {
      "point": [
        255.86,
        3231.0809
      ],
      "edges": [
        "svg-edge-0014",
        "svg-edge-0109"
      ],
      "segments": [
        0,
        1
      ]
    },
    {
      "point": [
        265.86,
        3641.0903
      ],
      "edges": [
        "svg-edge-0014",
        "svg-edge-0109"
      ],
      "segments": [
        1,
        2
      ]
    },
    {
      "point": [
        245.86,
        3231.0809
      ],
      "edges": [
        "svg-edge-0014",
        "svg-edge-0120"
      ],
      "segments": [
        0,
        1
      ]
    },
    {
      "point": [
        265.86,
        4051.0997
      ],
      "edges": [
        "svg-edge-0014",
        "svg-edge-0120"
      ],
      "segments": [
        1,
        2
      ]
    },
    {
      "point": [
        544.0,
        4826.1296
      ],
      "edges": [
        "svg-edge-0022",
        "svg-edge-0026"
      ],
      "segments": [
        0,
        1
      ]
    },
    {
      "point": [
        265.86,
        958.0216
      ],
      "edges": [
        "svg-edge-0027",
        "svg-edge-0032"
      ],
      "segments": [
        2,
        1
      ]
    },
    {
      "point": [
        265.86,
        958.0216
      ],
      "edges": [
        "svg-edge-0027",
        "svg-edge-0036"
      ],
      "segments": [
        2,
        1
      ]
    },
    {
      "point": [
        255.86,
        958.0216
      ],
      "edges": [
        "svg-edge-0027",
        "svg-edge-0037"
      ],
      "segments": [
        2,
        1
      ]
    },
    {
      "point": [
        255.86,
        958.0216
      ],
      "edges": [
        "svg-edge-0027",
        "svg-edge-0067"
      ],
      "segments": [
        2,
        1
      ]
    },
    {
      "point": [
        245.86,
        556.0025
      ],
      "edges": [
        "svg-edge-0030",
        "svg-edge-0051"
      ],
      "segments": [
        0,
        1
      ]
    },
    {
      "point": [
        245.86,
        556.0025
      ],
      "edges": [
        "svg-edge-0030",
        "svg-edge-0058"
      ],
      "segments": [
        0,
        1
      ]
    },
    {
      "point": [
        255.86,
        1250.5208
      ],
      "edges": [
        "svg-edge-0032",
        "svg-edge-0037"
      ],
      "segments": [
        0,
        1
      ]
    },
    {
      "point": [
        265.86,
        1207.0324
      ],
      "edges": [
        "svg-edge-0032",
        "svg-edge-0061"
      ],
      "segments": [
        1,
        2
      ]
    },
    {
      "point": [
        265.86,
        1207.0324
      ],
      "edges": [
        "svg-edge-0032",
        "svg-edge-0065"
      ],
      "segments": [
        1,
        2
      ]
    },
    {
      "point": [
        265.86,
        1022.0133
      ],
      "edges": [
        "svg-edge-0032",
        "svg-edge-0067"
      ],
      "segments": [
        1,
        2
      ]
    },
    {
      "point": [
        245.86,
        556.0025
      ],
      "edges": [
        "svg-edge-0034",
        "svg-edge-0051"
      ],
      "segments": [
        0,
        1
      ]
    },
    {
      "point": [
        255.86,
        379.0039
      ],
      "edges": [
        "svg-edge-0034",
        "svg-edge-0051"
      ],
      "segments": [
        1,
        2
      ]
    },
    {
      "point": [
        245.86,
        556.0025
      ],
      "edges": [
        "svg-edge-0034",
        "svg-edge-0058"
      ],
      "segments": [
        0,
        1
      ]
    },
    {
      "point": [
        255.86,
        1250.5208
      ],
      "edges": [
        "svg-edge-0036",
        "svg-edge-0037"
      ],
      "segments": [
        0,
        1
      ]
    },
    {
      "point": [
        265.86,
        1207.0324
      ],
      "edges": [
        "svg-edge-0036",
        "svg-edge-0061"
      ],
      "segments": [
        1,
        2
      ]
    },
    {
      "point": [
        265.86,
        1207.0324
      ],
      "edges": [
        "svg-edge-0036",
        "svg-edge-0065"
      ],
      "segments": [
        1,
        2
      ]
    },
    {
      "point": [
        265.86,
        1022.0133
      ],
      "edges": [
        "svg-edge-0036",
        "svg-edge-0067"
      ],
      "segments": [
        1,
        2
      ]
    },
    {
      "point": [
        255.86,
        1250.5208
      ],
      "edges": [
        "svg-edge-0037",
        "svg-edge-0042"
      ],
      "segments": [
        1,
        0
      ]
    },
    {
      "point": [
        255.86,
        1250.5208
      ],
      "edges": [
        "svg-edge-0037",
        "svg-edge-0046"
      ],
      "segments": [
        1,
        0
      ]
    },
    {
      "point": [
        245.86,
        556.0025
      ],
      "edges": [
        "svg-edge-0037",
        "svg-edge-0051"
      ],
      "segments": [
        0,
        1
      ]
    },
    {
      "point": [
        255.86,
        1250.5208
      ],
      "edges": [
        "svg-edge-0037",
        "svg-edge-0055"
      ],
      "segments": [
        1,
        0
      ]
    },
    {
      "point": [
        245.86,
        556.0025
      ],
      "edges": [
        "svg-edge-0037",
        "svg-edge-0058"
      ],
      "segments": [
        0,
        1
      ]
    },
    {
      "point": [
        255.86,
        1207.0324
      ],
      "edges": [
        "svg-edge-0037",
        "svg-edge-0061"
      ],
      "segments": [
        1,
        2
      ]
    },
    {
      "point": [
        255.86,
        1207.0324
      ],
      "edges": [
        "svg-edge-0037",
        "svg-edge-0065"
      ],
      "segments": [
        1,
        2
      ]
    },
    {
      "point": [
        726.48,
        1777.0363
      ],
      "edges": [
        "svg-edge-0044",
        "svg-edge-0046"
      ],
      "segments": [
        0,
        3
      ]
    },
    {
      "point": [
        726.48,
        1311.0255
      ],
      "edges": [
        "svg-edge-0046",
        "svg-edge-0060"
      ],
      "segments": [
        3,
        0
      ]
    },
    {
      "point": [
        265.86,
        1207.0324
      ],
      "edges": [
        "svg-edge-0046",
        "svg-edge-0061"
      ],
      "segments": [
        1,
        2
      ]
    },
    {
      "point": [
        726.48,
        1367.0255
      ],
      "edges": [
        "svg-edge-0046",
        "svg-edge-0061"
      ],
      "segments": [
        3,
        4
      ]
    },
    {
      "point": [
        726.48,
        1544.0363
      ],
      "edges": [
        "svg-edge-0046",
        "svg-edge-0064"
      ],
      "segments": [
        3,
        0
      ]
    },
    {
      "point": [
        265.86,
        1207.0324
      ],
      "edges": [
        "svg-edge-0046",
        "svg-edge-0065"
      ],
      "segments": [
        1,
        2
      ]
    },
    {
      "point": [
        726.48,
        1600.0363
      ],
      "edges": [
        "svg-edge-0046",
        "svg-edge-0065"
      ],
      "segments": [
        3,
        4
      ]
    },
    {
      "point": [
        245.86,
        556.0025
      ],
      "edges": [
        "svg-edge-0047",
        "svg-edge-0051"
      ],
      "segments": [
        0,
        1
      ]
    },
    {
      "point": [
        245.86,
        556.0025
      ],
      "edges": [
        "svg-edge-0047",
        "svg-edge-0058"
      ],
      "segments": [
        0,
        1
      ]
    },
    {
      "point": [
        245.86,
        556.0025
      ],
      "edges": [
        "svg-edge-0051",
        "svg-edge-0067"
      ],
      "segments": [
        1,
        0
      ]
    },
    {
      "point": [
        265.86,
        1207.0324
      ],
      "edges": [
        "svg-edge-0055",
        "svg-edge-0061"
      ],
      "segments": [
        1,
        2
      ]
    },
    {
      "point": [
        265.86,
        1207.0324
      ],
      "edges": [
        "svg-edge-0055",
        "svg-edge-0065"
      ],
      "segments": [
        1,
        2
      ]
    },
    {
      "point": [
        245.86,
        556.0025
      ],
      "edges": [
        "svg-edge-0058",
        "svg-edge-0067"
      ],
      "segments": [
        1,
        0
      ]
    },
    {
      "point": [
        696.48,
        1311.0255
      ],
      "edges": [
        "svg-edge-0060",
        "svg-edge-0061"
      ],
      "segments": [
        0,
        3
      ]
    },
    {
      "point": [
        696.48,
        1311.0255
      ],
      "edges": [
        "svg-edge-0060",
        "svg-edge-0065"
      ],
      "segments": [
        0,
        3
      ]
    },
    {
      "point": [
        696.48,
        1544.0363
      ],
      "edges": [
        "svg-edge-0064",
        "svg-edge-0065"
      ],
      "segments": [
        0,
        3
      ]
    },
    {
      "point": [
        255.86,
        2653.0565
      ],
      "edges": [
        "svg-edge-0073",
        "svg-edge-0084"
      ],
      "segments": [
        1,
        0
      ]
    },
    {
      "point": [
        245.86,
        2942.0687
      ],
      "edges": [
        "svg-edge-0073",
        "svg-edge-0103"
      ],
      "segments": [
        0,
        1
      ]
    },
    {
      "point": [
        245.86,
        2942.0687
      ],
      "edges": [
        "svg-edge-0073",
        "svg-edge-0120"
      ],
      "segments": [
        0,
        1
      ]
    },
    {
      "point": [
        265.86,
        2653.0565
      ],
      "edges": [
        "svg-edge-0081",
        "svg-edge-0084"
      ],
      "segments": [
        1,
        0
      ]
    },
    {
      "point": [
        265.86,
        2942.0687
      ],
      "edges": [
        "svg-edge-0081",
        "svg-edge-0092"
      ],
      "segments": [
        1,
        0
      ]
    },
    {
      "point": [
        245.86,
        3231.0809
      ],
      "edges": [
        "svg-edge-0081",
        "svg-edge-0103"
      ],
      "segments": [
        0,
        1
      ]
    },
    {
      "point": [
        255.86,
        3231.0809
      ],
      "edges": [
        "svg-edge-0081",
        "svg-edge-0109"
      ],
      "segments": [
        0,
        1
      ]
    },
    {
      "point": [
        245.86,
        3231.0809
      ],
      "edges": [
        "svg-edge-0081",
        "svg-edge-0120"
      ],
      "segments": [
        0,
        1
      ]
    },
    {
      "point": [
        245.86,
        2942.0687
      ],
      "edges": [
        "svg-edge-0092",
        "svg-edge-0103"
      ],
      "segments": [
        0,
        1
      ]
    },
    {
      "point": [
        245.86,
        2942.0687
      ],
      "edges": [
        "svg-edge-0092",
        "svg-edge-0120"
      ],
      "segments": [
        0,
        1
      ]
    },
    {
      "point": [
        245.86,
        3231.0809
      ],
      "edges": [
        "svg-edge-0098",
        "svg-edge-0103"
      ],
      "segments": [
        0,
        1
      ]
    },
    {
      "point": [
        255.86,
        3231.0809
      ],
      "edges": [
        "svg-edge-0098",
        "svg-edge-0109"
      ],
      "segments": [
        0,
        1
      ]
    },
    {
      "point": [
        245.86,
        3231.0809
      ],
      "edges": [
        "svg-edge-0098",
        "svg-edge-0120"
      ],
      "segments": [
        0,
        1
      ]
    },
    {
      "point": [
        245.86,
        2942.0687
      ],
      "edges": [
        "svg-edge-0103",
        "svg-edge-0109"
      ],
      "segments": [
        1,
        0
      ]
    },
    {
      "point": [
        255.86,
        3352.0781
      ],
      "edges": [
        "svg-edge-0103",
        "svg-edge-0109"
      ],
      "segments": [
        2,
        1
      ]
    },
    {
      "point": [
        245.86,
        3231.0809
      ],
      "edges": [
        "svg-edge-0103",
        "svg-edge-0117"
      ],
      "segments": [
        1,
        0
      ]
    },
    {
      "point": [
        265.86,
        3352.0781
      ],
      "edges": [
        "svg-edge-0103",
        "svg-edge-0117"
      ],
      "segments": [
        2,
        1
      ]
    },
    {
      "point": [
        255.86,
        3231.0809
      ],
      "edges": [
        "svg-edge-0109",
        "svg-edge-0117"
      ],
      "segments": [
        1,
        0
      ]
    },
    {
      "point": [
        265.86,
        3641.0903
      ],
      "edges": [
        "svg-edge-0109",
        "svg-edge-0117"
      ],
      "segments": [
        2,
        1
      ]
    },
    {
      "point": [
        245.86,
        2942.0687
      ],
      "edges": [
        "svg-edge-0109",
        "svg-edge-0120"
      ],
      "segments": [
        0,
        1
      ]
    },
    {
      "point": [
        245.86,
        3231.0809
      ],
      "edges": [
        "svg-edge-0117",
        "svg-edge-0120"
      ],
      "segments": [
        0,
        1
      ]
    }
  ],
  "overlaps": [],
  "annotation_quality": {
    "expected": 0,
    "rendered": 0,
    "missing": [],
    "unexpected": [],
    "duplicates": [],
    "text_mismatches": [],
    "line_mismatches": [],
    "profile_counts": {},
    "profiles_present": [],
    "annotation_overlaps": [],
    "node_overlaps": [],
    "edge_intersections": [],
    "outside_viewport": [],
    "owner_distances_px": {},
    "too_far": [],
    "decorative_elements": 0,
    "failure_count": 0
  },
  "witnesses": {
    "mixed_root_kinds": [
      "from",
      "gate",
      "source"
    ],
    "mixed_root_quality_failures": [],
    "split_rejoin_roots": [],
    "public_root_crossings": [],
    "low_use_left_crossing_roots": [],
    "root_relocation_witnesses": [],
    "avoidable_bend_edges": [],
    "port_order_inversions": [],
    "root_facility_split_witnesses": [],
    "physical_anchor_relocation_witnesses": [],
    "vertical_root_facility_bend_witnesses": [],
    "root_facility_column_lag_witnesses": [],
    "crossing_free_intervals": {
      "svg-edge-0000": [
        {
          "kind": "whole",
          "start": [
            488.17,
            146.0039
          ],
          "end": [
            792.54,
            146.0039
          ],
          "path_start_px": 0.0,
          "path_end_px": 304.37,
          "length_px": 304.37,
          "internal_bends": 0
        }
      ],
      "svg-edge-0001": [
        {
          "kind": "whole",
          "start": [
            355.46,
            1544.0363
          ],
          "end": [
            464.17,
            1544.0363
          ],
          "path_start_px": 0.0,
          "path_end_px": 108.71,
          "length_px": 108.71,
          "internal_bends": 0
        }
      ],
      "svg-edge-0002": [
        {
          "kind": "whole",
          "start": [
            358.87,
            4163.1025
          ],
          "end": [
            464.17,
            4163.1025
          ],
          "path_start_px": 0.0,
          "path_end_px": 105.3,
          "length_px": 105.3,
          "internal_bends": 0
        }
      ],
      "svg-edge-0003": [
        {
          "kind": "whole",
          "start": [
            488.17,
            4107.1011
          ],
          "end": [
            618.258,
            4107.1011
          ],
          "path_start_px": 0.0,
          "path_end_px": 130.088,
          "length_px": 130.088,
          "internal_bends": 0
        }
      ],
      "svg-edge-0004": [
        {
          "kind": "whole",
          "start": [
            639.042,
            4107.1011
          ],
          "end": [
            792.54,
            4107.1011
          ],
          "path_start_px": 0.0,
          "path_end_px": 153.498,
          "length_px": 153.498,
          "internal_bends": 0
        }
      ],
      "svg-edge-0005": [
        {
          "kind": "whole",
          "start": [
            814.54,
            4107.1011
          ],
          "end": [
            944.07,
            4107.1011
          ],
          "path_start_px": 0.0,
          "path_end_px": 129.53,
          "length_px": 129.53,
          "internal_bends": 0
        }
      ],
      "svg-edge-0006": [
        {
          "kind": "whole",
          "start": [
            364.87,
            4284.1105
          ],
          "end": [
            464.17,
            4284.1105
          ],
          "path_start_px": 0.0,
          "path_end_px": 99.3,
          "length_px": 99.3,
          "internal_bends": 0
        }
      ],
      "svg-edge-0007": [
        {
          "kind": "prefix",
          "start": [
            163.93,
            2942.0687
          ],
          "end": [
            245.86,
            2942.0687
          ],
          "path_start_px": 0.0,
          "path_end_px": 81.93,
          "length_px": 81.93,
          "internal_bends": 0
        },
        {
          "kind": "interior",
          "start": [
            245.86,
            2942.0687
          ],
          "end": [
            255.86,
            3231.0809
          ],
          "path_start_px": 81.93,
          "path_end_px": 380.9422,
          "length_px": 299.0122,
          "internal_bends": 1
        },
        {
          "kind": "interior",
          "start": [
            255.86,
            3231.0809
          ],
          "end": [
            255.86,
            3352.0781
          ],
          "path_start_px": 380.9422,
          "path_end_px": 501.9394,
          "length_px": 120.9972,
          "internal_bends": 0
        },
        {
          "kind": "interior",
          "start": [
            255.86,
            3352.0781
          ],
          "end": [
            255.86,
            4051.0997
          ],
          "path_start_px": 501.9394,
          "path_end_px": 1200.961,
          "length_px": 699.0216,
          "internal_bends": 0
        },
        {
          "kind": "interior",
          "start": [
            255.86,
            4051.0997
          ],
          "end": [
            265.86,
            4340.1119
          ],
          "path_start_px": 1200.961,
          "path_end_px": 1499.9732,
          "length_px": 299.0122,
          "internal_bends": 1
        },
        {
          "kind": "suffix",
          "start": [
            265.86,
            4340.1119
          ],
          "end": [
            464.17,
            4340.1119
          ],
          "path_start_px": 1499.9732,
          "path_end_px": 1698.2832,
          "length_px": 198.31,
          "internal_bends": 0
        }
      ],
      "svg-edge-0008": [
        {
          "kind": "whole",
          "start": [
            358.87,
            4396.1133
          ],
          "end": [
            464.17,
            4396.1133
          ],
          "path_start_px": 0.0,
          "path_end_px": 105.3,
          "length_px": 105.3,
          "internal_bends": 0
        }
      ],
      "svg-edge-0009": [
        {
          "kind": "whole",
          "start": [
            488.17,
            4340.1119
          ],
          "end": [
            792.54,
            4340.1119
          ],
          "path_start_px": 0.0,
          "path_end_px": 304.37,
          "length_px": 304.37,
          "internal_bends": 0
        }
      ],
      "svg-edge-0010": [
        {
          "kind": "whole",
          "start": [
            814.54,
            4340.1119
          ],
          "end": [
            944.07,
            4340.1119
          ],
          "path_start_px": 0.0,
          "path_end_px": 129.53,
          "length_px": 129.53,
          "internal_bends": 0
        }
      ],
      "svg-edge-0011": [
        {
          "kind": "whole",
          "start": [
            364.87,
            4517.1213
          ],
          "end": [
            464.17,
            4517.1213
          ],
          "path_start_px": 0.0,
          "path_end_px": 99.3,
          "length_px": 99.3,
          "internal_bends": 0
        }
      ],
      "svg-edge-0012": [
        {
          "kind": "prefix",
          "start": [
            163.93,
            1250.5208
          ],
          "end": [
            255.86,
            1250.5208
          ],
          "path_start_px": 0.0,
          "path_end_px": 91.93,
          "length_px": 91.93,
          "internal_bends": 0
        },
        {
          "kind": "suffix",
          "start": [
            255.86,
            1250.5208
          ],
          "end": [
            464.17,
            1600.0377
          ],
          "path_start_px": 91.93,
          "path_end_px": 649.7569,
          "length_px": 557.8269,
          "internal_bends": 2
        }
      ],
      "svg-edge-0013": [
        {
          "kind": "whole",
          "start": [
            364.87,
            4573.1227
          ],
          "end": [
            464.17,
            4573.1227
          ],
          "path_start_px": 0.0,
          "path_end_px": 99.3,
          "length_px": 99.3,
          "internal_bends": 0
        }
      ],
      "svg-edge-0014": [
        {
          "kind": "prefix",
          "start": [
            163.93,
            3231.0809
          ],
          "end": [
            245.86,
            3231.0809
          ],
          "path_start_px": 0.0,
          "path_end_px": 81.93,
          "length_px": 81.93,
          "internal_bends": 0
        },
        {
          "kind": "interior",
          "start": [
            245.86,
            3231.0809
          ],
          "end": [
            255.86,
            3231.0809
          ],
          "path_start_px": 81.93,
          "path_end_px": 91.93,
          "length_px": 10.0,
          "internal_bends": 0
        },
        {
          "kind": "interior",
          "start": [
            255.86,
            3231.0809
          ],
          "end": [
            265.86,
            3352.0781
          ],
          "path_start_px": 91.93,
          "path_end_px": 222.9272,
          "length_px": 130.9972,
          "internal_bends": 1
        },
        {
          "kind": "interior",
          "start": [
            265.86,
            3352.0781
          ],
          "end": [
            265.86,
            3641.0903
          ],
          "path_start_px": 222.9272,
          "path_end_px": 511.9394,
          "length_px": 289.0122,
          "internal_bends": 0
        },
        {
          "kind": "interior",
          "start": [
            265.86,
            3641.0903
          ],
          "end": [
            265.86,
            4051.0997
          ],
          "path_start_px": 511.9394,
          "path_end_px": 921.9488,
          "length_px": 410.0094,
          "internal_bends": 0
        },
        {
          "kind": "interior",
          "start": [
            265.86,
            4051.0997
          ],
          "end": [
            265.86,
            4340.1119
          ],
          "path_start_px": 921.9488,
          "path_end_px": 1210.961,
          "length_px": 289.0122,
          "internal_bends": 0
        },
        {
          "kind": "suffix",
          "start": [
            265.86,
            4340.1119
          ],
          "end": [
            464.17,
            4629.1241
          ],
          "path_start_px": 1210.961,
          "path_end_px": 1698.2832,
          "length_px": 487.3222,
          "internal_bends": 1
        }
      ],
      "svg-edge-0015": [
        {
          "kind": "whole",
          "start": [
            488.17,
            4573.1227
          ],
          "end": [
            618.258,
            4573.1227
          ],
          "path_start_px": 0.0,
          "path_end_px": 130.088,
          "length_px": 130.088,
          "internal_bends": 0
        }
      ],
      "svg-edge-0016": [
        {
          "kind": "whole",
          "start": [
            639.042,
            4573.1227
          ],
          "end": [
            792.54,
            4573.1227
          ],
          "path_start_px": 0.0,
          "path_end_px": 153.498,
          "length_px": 153.498,
          "internal_bends": 0
        }
      ],
      "svg-edge-0017": [
        {
          "kind": "whole",
          "start": [
            814.54,
            4573.1227
          ],
          "end": [
            944.07,
            4573.1227
          ],
          "path_start_px": 0.0,
          "path_end_px": 129.53,
          "length_px": 129.53,
          "internal_bends": 0
        }
      ],
      "svg-edge-0018": [
        {
          "kind": "whole",
          "start": [
            163.93,
            4770.1296
          ],
          "end": [
            467.17,
            4770.1296
          ],
          "path_start_px": 0.0,
          "path_end_px": 303.24,
          "length_px": 303.24,
          "internal_bends": 0
        }
      ],
      "svg-edge-0019": [
        {
          "kind": "whole",
          "start": [
            163.93,
            4826.1296
          ],
          "end": [
            324.69,
            4826.1296
          ],
          "path_start_px": 0.0,
          "path_end_px": 160.76,
          "length_px": 160.76,
          "internal_bends": 0
        }
      ],
      "svg-edge-0020": [
        {
          "kind": "whole",
          "start": [
            353.69,
            4826.1296
          ],
          "end": [
            465.778,
            4826.1296
          ],
          "path_start_px": 0.0,
          "path_end_px": 112.088,
          "length_px": 112.088,
          "internal_bends": 0
        }
      ],
      "svg-edge-0021": [
        {
          "kind": "whole",
          "start": [
            496.17,
            4770.1296
          ],
          "end": [
            616.65,
            4770.1296
          ],
          "path_start_px": 0.0,
          "path_end_px": 120.48,
          "length_px": 120.48,
          "internal_bends": 0
        }
      ],
      "svg-edge-0022": [
        {
          "kind": "prefix",
          "start": [
            486.562,
            4826.1296
          ],
          "end": [
            544.0,
            4826.1296
          ],
          "path_start_px": 0.0,
          "path_end_px": 57.438,
          "length_px": 57.438,
          "internal_bends": 0
        },
        {
          "kind": "suffix",
          "start": [
            544.0,
            4826.1296
          ],
          "end": [
            616.65,
            4826.1296
          ],
          "path_start_px": 57.438,
          "path_end_px": 130.088,
          "length_px": 72.65,
          "internal_bends": 0
        }
      ],
      "svg-edge-0023": [
        {
          "kind": "whole",
          "start": [
            488.17,
            845.0147
          ],
          "end": [
            792.54,
            845.0147
          ],
          "path_start_px": 0.0,
          "path_end_px": 304.37,
          "length_px": 304.37,
          "internal_bends": 0
        }
      ],
      "svg-edge-0024": [
        {
          "kind": "whole",
          "start": [
            640.65,
            4798.1296
          ],
          "end": [
            792.54,
            4798.1296
          ],
          "path_start_px": 0.0,
          "path_end_px": 151.89,
          "length_px": 151.89,
          "internal_bends": 0
        }
      ],
      "svg-edge-0025": [
        {
          "kind": "whole",
          "start": [
            814.54,
            4798.1296
          ],
          "end": [
            944.07,
            4798.1296
          ],
          "path_start_px": 0.0,
          "path_end_px": 129.53,
          "length_px": 129.53,
          "internal_bends": 0
        }
      ],
      "svg-edge-0026": [
        {
          "kind": "prefix",
          "start": [
            496.17,
            4770.1296
          ],
          "end": [
            544.0,
            4826.1296
          ],
          "path_start_px": 0.0,
          "path_end_px": 103.83,
          "length_px": 103.83,
          "internal_bends": 1
        },
        {
          "kind": "suffix",
          "start": [
            544.0,
            4826.1296
          ],
          "end": [
            944.07,
            4883.1296
          ],
          "path_start_px": 103.83,
          "path_end_px": 560.9,
          "length_px": 457.07,
          "internal_bends": 1
        }
      ],
      "svg-edge-0027": [
        {
          "kind": "prefix",
          "start": [
            163.93,
            901.0147
          ],
          "end": [
            255.86,
            958.0216
          ],
          "path_start_px": 0.0,
          "path_end_px": 148.9369,
          "length_px": 148.9369,
          "internal_bends": 2
        },
        {
          "kind": "interior",
          "start": [
            255.86,
            958.0216
          ],
          "end": [
            265.86,
            958.0216
          ],
          "path_start_px": 148.9369,
          "path_end_px": 158.9369,
          "length_px": 10.0,
          "internal_bends": 0
        },
        {
          "kind": "suffix",
          "start": [
            265.86,
            958.0216
          ],
          "end": [
            792.54,
            901.0147
          ],
          "path_start_px": 158.9369,
          "path_end_px": 742.6238,
          "length_px": 583.6869,
          "internal_bends": 2
        }
      ],
      "svg-edge-0028": [
        {
          "kind": "whole",
          "start": [
            816.54,
            1339.0255
          ],
          "end": [
            944.07,
            1339.0255
          ],
          "path_start_px": 0.0,
          "path_end_px": 127.53,
          "length_px": 127.53,
          "internal_bends": 0
        }
      ],
      "svg-edge-0029": [
        {
          "kind": "whole",
          "start": [
            488.17,
            379.0039
          ],
          "end": [
            792.54,
            379.0039
          ],
          "path_start_px": 0.0,
          "path_end_px": 304.37,
          "length_px": 304.37,
          "internal_bends": 0
        }
      ],
      "svg-edge-0030": [
        {
          "kind": "prefix",
          "start": [
            157.93,
            556.0025
          ],
          "end": [
            245.86,
            556.0025
          ],
          "path_start_px": 0.0,
          "path_end_px": 87.93,
          "length_px": 87.93,
          "internal_bends": 0
        },
        {
          "kind": "suffix",
          "start": [
            245.86,
            556.0025
          ],
          "end": [
            792.54,
            435.0039
          ],
          "path_start_px": 87.93,
          "path_end_px": 755.6086,
          "length_px": 667.6786,
          "internal_bends": 4
        }
      ],
      "svg-edge-0031": [
        {
          "kind": "whole",
          "start": [
            488.17,
            612.0039
          ],
          "end": [
            792.54,
            612.0039
          ],
          "path_start_px": 0.0,
          "path_end_px": 304.37,
          "length_px": 304.37,
          "internal_bends": 0
        }
      ],
      "svg-edge-0032": [
        {
          "kind": "prefix",
          "start": [
            163.93,
            1250.5208
          ],
          "end": [
            255.86,
            1250.5208
          ],
          "path_start_px": 0.0,
          "path_end_px": 91.93,
          "length_px": 91.93,
          "internal_bends": 0
        },
        {
          "kind": "interior",
          "start": [
            255.86,
            1250.5208
          ],
          "end": [
            265.86,
            1207.0324
          ],
          "path_start_px": 91.93,
          "path_end_px": 145.4184,
          "length_px": 53.4884,
          "internal_bends": 1
        },
        {
          "kind": "interior",
          "start": [
            265.86,
            1207.0324
          ],
          "end": [
            265.86,
            1022.0133
          ],
          "path_start_px": 145.4184,
          "path_end_px": 330.4375,
          "length_px": 185.0191,
          "internal_bends": 0
        },
        {
          "kind": "interior",
          "start": [
            265.86,
            1022.0133
          ],
          "end": [
            265.86,
            958.0216
          ],
          "path_start_px": 330.4375,
          "path_end_px": 394.4292,
          "length_px": 63.9917,
          "internal_bends": 0
        },
        {
          "kind": "suffix",
          "start": [
            265.86,
            958.0216
          ],
          "end": [
            792.54,
            668.0039
          ],
          "path_start_px": 394.4292,
          "path_end_px": 1211.1269,
          "length_px": 816.6977,
          "internal_bends": 3
        }
      ],
      "svg-edge-0033": [
        {
          "kind": "whole",
          "start": [
            361.46,
            789.0133
          ],
          "end": [
            464.17,
            789.0133
          ],
          "path_start_px": 0.0,
          "path_end_px": 102.71,
          "length_px": 102.71,
          "internal_bends": 0
        }
      ],
      "svg-edge-0034": [
        {
          "kind": "prefix",
          "start": [
            157.93,
            556.0025
          ],
          "end": [
            245.86,
            556.0025
          ],
          "path_start_px": 0.0,
          "path_end_px": 87.93,
          "length_px": 87.93,
          "internal_bends": 0
        },
        {
          "kind": "interior",
          "start": [
            245.86,
            556.0025
          ],
          "end": [
            255.86,
            379.0039
          ],
          "path_start_px": 87.93,
          "path_end_px": 274.9286,
          "length_px": 186.9986,
          "internal_bends": 1
        },
        {
          "kind": "suffix",
          "start": [
            255.86,
            379.0039
          ],
          "end": [
            792.54,
            202.0039
          ],
          "path_start_px": 274.9286,
          "path_end_px": 988.6086,
          "length_px": 713.68,
          "internal_bends": 3
        }
      ],
      "svg-edge-0035": [
        {
          "kind": "whole",
          "start": [
            361.46,
            845.0147
          ],
          "end": [
            464.17,
            845.0147
          ],
          "path_start_px": 0.0,
          "path_end_px": 102.71,
          "length_px": 102.71,
          "internal_bends": 0
        }
      ],
      "svg-edge-0036": [
        {
          "kind": "prefix",
          "start": [
            163.93,
            1250.5208
          ],
          "end": [
            255.86,
            1250.5208
          ],
          "path_start_px": 0.0,
          "path_end_px": 91.93,
          "length_px": 91.93,
          "internal_bends": 0
        },
        {
          "kind": "interior",
          "start": [
            255.86,
            1250.5208
          ],
          "end": [
            265.86,
            1207.0324
          ],
          "path_start_px": 91.93,
          "path_end_px": 145.4184,
          "length_px": 53.4884,
          "internal_bends": 1
        },
        {
          "kind": "interior",
          "start": [
            265.86,
            1207.0324
          ],
          "end": [
            265.86,
            1022.0133
          ],
          "path_start_px": 145.4184,
          "path_end_px": 330.4375,
          "length_px": 185.0191,
          "internal_bends": 0
        },
        {
          "kind": "interior",
          "start": [
            265.86,
            1022.0133
          ],
          "end": [
            265.86,
            958.0216
          ],
          "path_start_px": 330.4375,
          "path_end_px": 394.4292,
          "length_px": 63.9917,
          "internal_bends": 0
        },
        {
          "kind": "suffix",
          "start": [
            265.86,
            958.0216
          ],
          "end": [
            464.17,
            901.0161
          ],
          "path_start_px": 394.4292,
          "path_end_px": 649.7447,
          "length_px": 255.3155,
          "internal_bends": 1
        }
      ],
      "svg-edge-0037": [
        {
          "kind": "prefix",
          "start": [
            157.93,
            556.0025
          ],
          "end": [
            245.86,
            556.0025
          ],
          "path_start_px": 0.0,
          "path_end_px": 87.93,
          "length_px": 87.93,
          "internal_bends": 0
        },
        {
          "kind": "interior",
          "start": [
            245.86,
            556.0025
          ],
          "end": [
            255.86,
            958.0216
          ],
          "path_start_px": 87.93,
          "path_end_px": 499.9491,
          "length_px": 412.0191,
          "internal_bends": 1
        },
        {
          "kind": "interior",
          "start": [
            255.86,
            958.0216
          ],
          "end": [
            255.86,
            1207.0324
          ],
          "path_start_px": 499.9491,
          "path_end_px": 748.9599,
          "length_px": 249.0108,
          "internal_bends": 0
        },
        {
          "kind": "interior",
          "start": [
            255.86,
            1207.0324
          ],
          "end": [
            255.86,
            1250.5208
          ],
          "path_start_px": 748.9599,
          "path_end_px": 792.4483,
          "length_px": 43.4884,
          "internal_bends": 0
        },
        {
          "kind": "suffix",
          "start": [
            255.86,
            1250.5208
          ],
          "end": [
            464.17,
            1721.0349
          ],
          "path_start_px": 792.4483,
          "path_end_px": 1471.2724,
          "length_px": 678.8241,
          "internal_bends": 1
        }
      ],
      "svg-edge-0038": [
        {
          "kind": "whole",
          "start": [
            157.93,
            1777.0363
          ],
          "end": [
            464.17,
            1777.0363
          ],
          "path_start_px": 0.0,
          "path_end_px": 306.24,
          "length_px": 306.24,
          "internal_bends": 0
        }
      ],
      "svg-edge-0039": [
        {
          "kind": "whole",
          "start": [
            157.93,
            1833.0377
          ],
          "end": [
            464.17,
            1833.0377
          ],
          "path_start_px": 0.0,
          "path_end_px": 306.24,
          "length_px": 306.24,
          "internal_bends": 0
        }
      ],
      "svg-edge-0040": [
        {
          "kind": "whole",
          "start": [
            361.46,
            1255.0241
          ],
          "end": [
            464.17,
            1255.0241
          ],
          "path_start_px": 0.0,
          "path_end_px": 102.71,
          "length_px": 102.71,
          "internal_bends": 0
        }
      ],
      "svg-edge-0041": [
        {
          "kind": "whole",
          "start": [
            355.46,
            1311.0255
          ],
          "end": [
            464.17,
            1311.0255
          ],
          "path_start_px": 0.0,
          "path_end_px": 108.71,
          "length_px": 108.71,
          "internal_bends": 0
        }
      ],
      "svg-edge-0042": [
        {
          "kind": "prefix",
          "start": [
            163.93,
            1250.5208
          ],
          "end": [
            255.86,
            1250.5208
          ],
          "path_start_px": 0.0,
          "path_end_px": 91.93,
          "length_px": 91.93,
          "internal_bends": 0
        },
        {
          "kind": "suffix",
          "start": [
            255.86,
            1250.5208
          ],
          "end": [
            464.17,
            1367.0269
          ],
          "path_start_px": 91.93,
          "path_end_px": 416.7461,
          "length_px": 324.8161,
          "internal_bends": 2
        }
      ],
      "svg-edge-0043": [
        {
          "kind": "whole",
          "start": [
            816.54,
            174.0039
          ],
          "end": [
            944.07,
            174.0039
          ],
          "path_start_px": 0.0,
          "path_end_px": 127.53,
          "length_px": 127.53,
          "internal_bends": 0
        }
      ],
      "svg-edge-0044": [
        {
          "kind": "prefix",
          "start": [
            488.17,
            1777.0363
          ],
          "end": [
            726.48,
            1777.0363
          ],
          "path_start_px": 0.0,
          "path_end_px": 238.31,
          "length_px": 238.31,
          "internal_bends": 0
        },
        {
          "kind": "suffix",
          "start": [
            726.48,
            1777.0363
          ],
          "end": [
            792.54,
            1777.0363
          ],
          "path_start_px": 238.31,
          "path_end_px": 304.37,
          "length_px": 66.06,
          "internal_bends": 0
        }
      ],
      "svg-edge-0045": [
        {
          "kind": "whole",
          "start": [
            816.54,
            407.0039
          ],
          "end": [
            944.07,
            407.0039
          ],
          "path_start_px": 0.0,
          "path_end_px": 127.53,
          "length_px": 127.53,
          "internal_bends": 0
        }
      ],
      "svg-edge-0046": [
        {
          "kind": "prefix",
          "start": [
            163.93,
            1250.5208
          ],
          "end": [
            255.86,
            1250.5208
          ],
          "path_start_px": 0.0,
          "path_end_px": 91.93,
          "length_px": 91.93,
          "internal_bends": 0
        },
        {
          "kind": "interior",
          "start": [
            255.86,
            1250.5208
          ],
          "end": [
            265.86,
            1207.0324
          ],
          "path_start_px": 91.93,
          "path_end_px": 145.4184,
          "length_px": 53.4884,
          "internal_bends": 1
        },
        {
          "kind": "interior",
          "start": [
            265.86,
            1207.0324
          ],
          "end": [
            726.48,
            1311.0255
          ],
          "path_start_px": 145.4184,
          "path_end_px": 742.0531,
          "length_px": 596.6347,
          "internal_bends": 2
        },
        {
          "kind": "interior",
          "start": [
            726.48,
            1311.0255
          ],
          "end": [
            726.48,
            1367.0255
          ],
          "path_start_px": 742.0531,
          "path_end_px": 798.0531,
          "length_px": 56.0,
          "internal_bends": 0
        },
        {
          "kind": "interior",
          "start": [
            726.48,
            1367.0255
          ],
          "end": [
            726.48,
            1544.0363
          ],
          "path_start_px": 798.0531,
          "path_end_px": 975.0639,
          "length_px": 177.0108,
          "internal_bends": 0
        },
        {
          "kind": "interior",
          "start": [
            726.48,
            1544.0363
          ],
          "end": [
            726.48,
            1600.0363
          ],
          "path_start_px": 975.0639,
          "path_end_px": 1031.0639,
          "length_px": 56.0,
          "internal_bends": 0
        },
        {
          "kind": "interior",
          "start": [
            726.48,
            1600.0363
          ],
          "end": [
            726.48,
            1777.0363
          ],
          "path_start_px": 1031.0639,
          "path_end_px": 1208.0639,
          "length_px": 177.0,
          "internal_bends": 0
        },
        {
          "kind": "suffix",
          "start": [
            726.48,
            1777.0363
          ],
          "end": [
            792.54,
            1833.0363
          ],
          "path_start_px": 1208.0639,
          "path_end_px": 1330.1239,
          "length_px": 122.06,
          "internal_bends": 1
        }
      ],
      "svg-edge-0047": [
        {
          "kind": "prefix",
          "start": [
            157.93,
            556.0025
          ],
          "end": [
            245.86,
            556.0025
          ],
          "path_start_px": 0.0,
          "path_end_px": 87.93,
          "length_px": 87.93,
          "internal_bends": 0
        },
        {
          "kind": "suffix",
          "start": [
            245.86,
            556.0025
          ],
          "end": [
            464.17,
            556.0025
          ],
          "path_start_px": 87.93,
          "path_end_px": 306.24,
          "length_px": 218.31,
          "internal_bends": 0
        }
      ],
      "svg-edge-0048": [
        {
          "kind": "whole",
          "start": [
            355.46,
            612.0039
          ],
          "end": [
            464.17,
            612.0039
          ],
          "path_start_px": 0.0,
          "path_end_px": 108.71,
          "length_px": 108.71,
          "internal_bends": 0
        }
      ],
      "svg-edge-0049": [
        {
          "kind": "whole",
          "start": [
            361.46,
            668.0053
          ],
          "end": [
            464.17,
            668.0053
          ],
          "path_start_px": 0.0,
          "path_end_px": 102.71,
          "length_px": 102.71,
          "internal_bends": 0
        }
      ],
      "svg-edge-0050": [
        {
          "kind": "whole",
          "start": [
            361.46,
            323.0025
          ],
          "end": [
            464.17,
            323.0025
          ],
          "path_start_px": 0.0,
          "path_end_px": 102.71,
          "length_px": 102.71,
          "internal_bends": 0
        }
      ],
      "svg-edge-0051": [
        {
          "kind": "prefix",
          "start": [
            163.93,
            901.0147
          ],
          "end": [
            245.86,
            556.0025
          ],
          "path_start_px": 0.0,
          "path_end_px": 426.9422,
          "length_px": 426.9422,
          "internal_bends": 1
        },
        {
          "kind": "interior",
          "start": [
            245.86,
            556.0025
          ],
          "end": [
            255.86,
            379.0039
          ],
          "path_start_px": 426.9422,
          "path_end_px": 613.9408,
          "length_px": 186.9986,
          "internal_bends": 1
        },
        {
          "kind": "suffix",
          "start": [
            255.86,
            379.0039
          ],
          "end": [
            464.17,
            379.0039
          ],
          "path_start_px": 613.9408,
          "path_end_px": 822.2508,
          "length_px": 208.31,
          "internal_bends": 0
        }
      ],
      "svg-edge-0052": [
        {
          "kind": "whole",
          "start": [
            361.46,
            435.0053
          ],
          "end": [
            464.17,
            435.0053
          ],
          "path_start_px": 0.0,
          "path_end_px": 102.71,
          "length_px": 102.71,
          "internal_bends": 0
        }
      ],
      "svg-edge-0053": [
        {
          "kind": "whole",
          "start": [
            816.54,
            873.0147
          ],
          "end": [
            944.07,
            873.0147
          ],
          "path_start_px": 0.0,
          "path_end_px": 127.53,
          "length_px": 127.53,
          "internal_bends": 0
        }
      ],
      "svg-edge-0054": [
        {
          "kind": "whole",
          "start": [
            488.17,
            1078.0147
          ],
          "end": [
            792.54,
            1078.0147
          ],
          "path_start_px": 0.0,
          "path_end_px": 304.37,
          "length_px": 304.37,
          "internal_bends": 0
        }
      ],
      "svg-edge-0055": [
        {
          "kind": "prefix",
          "start": [
            163.93,
            1250.5208
          ],
          "end": [
            255.86,
            1250.5208
          ],
          "path_start_px": 0.0,
          "path_end_px": 91.93,
          "length_px": 91.93,
          "internal_bends": 0
        },
        {
          "kind": "interior",
          "start": [
            255.86,
            1250.5208
          ],
          "end": [
            265.86,
            1207.0324
          ],
          "path_start_px": 91.93,
          "path_end_px": 145.4184,
          "length_px": 53.4884,
          "internal_bends": 1
        },
        {
          "kind": "suffix",
          "start": [
            265.86,
            1207.0324
          ],
          "end": [
            792.54,
            1134.0147
          ],
          "path_start_px": 145.4184,
          "path_end_px": 745.1161,
          "length_px": 599.6977,
          "internal_bends": 3
        }
      ],
      "svg-edge-0056": [
        {
          "kind": "whole",
          "start": [
            816.54,
            640.0039
          ],
          "end": [
            944.07,
            640.0039
          ],
          "path_start_px": 0.0,
          "path_end_px": 127.53,
          "length_px": 127.53,
          "internal_bends": 0
        }
      ],
      "svg-edge-0057": [
        {
          "kind": "whole",
          "start": [
            163.93,
            90.0025
          ],
          "end": [
            464.17,
            90.0025
          ],
          "path_start_px": 0.0,
          "path_end_px": 300.24,
          "length_px": 300.24,
          "internal_bends": 0
        }
      ],
      "svg-edge-0058": [
        {
          "kind": "prefix",
          "start": [
            163.93,
            901.0147
          ],
          "end": [
            245.86,
            556.0025
          ],
          "path_start_px": 0.0,
          "path_end_px": 426.9422,
          "length_px": 426.9422,
          "internal_bends": 1
        },
        {
          "kind": "suffix",
          "start": [
            245.86,
            556.0025
          ],
          "end": [
            464.17,
            146.0039
          ],
          "path_start_px": 426.9422,
          "path_end_px": 1055.2508,
          "length_px": 628.3086,
          "internal_bends": 1
        }
      ],
      "svg-edge-0059": [
        {
          "kind": "whole",
          "start": [
            361.46,
            202.0053
          ],
          "end": [
            464.17,
            202.0053
          ],
          "path_start_px": 0.0,
          "path_end_px": 102.71,
          "length_px": 102.71,
          "internal_bends": 0
        }
      ],
      "svg-edge-0060": [
        {
          "kind": "prefix",
          "start": [
            488.17,
            1311.0255
          ],
          "end": [
            696.48,
            1311.0255
          ],
          "path_start_px": 0.0,
          "path_end_px": 208.31,
          "length_px": 208.31,
          "internal_bends": 0
        },
        {
          "kind": "interior",
          "start": [
            696.48,
            1311.0255
          ],
          "end": [
            726.48,
            1311.0255
          ],
          "path_start_px": 208.31,
          "path_end_px": 238.31,
          "length_px": 30.0,
          "internal_bends": 0
        },
        {
          "kind": "suffix",
          "start": [
            726.48,
            1311.0255
          ],
          "end": [
            792.54,
            1311.0255
          ],
          "path_start_px": 238.31,
          "path_end_px": 304.37,
          "length_px": 66.06,
          "internal_bends": 0
        }
      ],
      "svg-edge-0061": [
        {
          "kind": "prefix",
          "start": [
            163.93,
            901.0147
          ],
          "end": [
            255.86,
            1207.0324
          ],
          "path_start_px": 0.0,
          "path_end_px": 397.9477,
          "length_px": 397.9477,
          "internal_bends": 2
        },
        {
          "kind": "interior",
          "start": [
            255.86,
            1207.0324
          ],
          "end": [
            265.86,
            1207.0324
          ],
          "path_start_px": 397.9477,
          "path_end_px": 407.9477,
          "length_px": 10.0,
          "internal_bends": 0
        },
        {
          "kind": "interior",
          "start": [
            265.86,
            1207.0324
          ],
          "end": [
            696.48,
            1311.0255
          ],
          "path_start_px": 407.9477,
          "path_end_px": 942.5608,
          "length_px": 534.6131,
          "internal_bends": 1
        },
        {
          "kind": "interior",
          "start": [
            696.48,
            1311.0255
          ],
          "end": [
            726.48,
            1367.0255
          ],
          "path_start_px": 942.5608,
          "path_end_px": 1028.5608,
          "length_px": 86.0,
          "internal_bends": 1
        },
        {
          "kind": "suffix",
          "start": [
            726.48,
            1367.0255
          ],
          "end": [
            792.54,
            1367.0255
          ],
          "path_start_px": 1028.5608,
          "path_end_px": 1094.6208,
          "length_px": 66.06,
          "internal_bends": 0
        }
      ],
      "svg-edge-0062": [
        {
          "kind": "whole",
          "start": [
            816.54,
            1805.0363
          ],
          "end": [
            944.07,
            1805.0363
          ],
          "path_start_px": 0.0,
          "path_end_px": 127.53,
          "length_px": 127.53,
          "internal_bends": 0
        }
      ],
      "svg-edge-0063": [
        {
          "kind": "whole",
          "start": [
            816.54,
            1572.0363
          ],
          "end": [
            944.07,
            1572.0363
          ],
          "path_start_px": 0.0,
          "path_end_px": 127.53,
          "length_px": 127.53,
          "internal_bends": 0
        }
      ],
      "svg-edge-0064": [
        {
          "kind": "prefix",
          "start": [
            488.17,
            1544.0363
          ],
          "end": [
            696.48,
            1544.0363
          ],
          "path_start_px": 0.0,
          "path_end_px": 208.31,
          "length_px": 208.31,
          "internal_bends": 0
        },
        {
          "kind": "interior",
          "start": [
            696.48,
            1544.0363
          ],
          "end": [
            726.48,
            1544.0363
          ],
          "path_start_px": 208.31,
          "path_end_px": 238.31,
          "length_px": 30.0,
          "internal_bends": 0
        },
        {
          "kind": "suffix",
          "start": [
            726.48,
            1544.0363
          ],
          "end": [
            792.54,
            1544.0363
          ],
          "path_start_px": 238.31,
          "path_end_px": 304.37,
          "length_px": 66.06,
          "internal_bends": 0
        }
      ],
      "svg-edge-0065": [
        {
          "kind": "prefix",
          "start": [
            163.93,
            901.0147
          ],
          "end": [
            255.86,
            1207.0324
          ],
          "path_start_px": 0.0,
          "path_end_px": 397.9477,
          "length_px": 397.9477,
          "internal_bends": 2
        },
        {
          "kind": "interior",
          "start": [
            255.86,
            1207.0324
          ],
          "end": [
            265.86,
            1207.0324
          ],
          "path_start_px": 397.9477,
          "path_end_px": 407.9477,
          "length_px": 10.0,
          "internal_bends": 0
        },
        {
          "kind": "interior",
          "start": [
            265.86,
            1207.0324
          ],
          "end": [
            696.48,
            1311.0255
          ],
          "path_start_px": 407.9477,
          "path_end_px": 942.5608,
          "length_px": 534.6131,
          "internal_bends": 1
        },
        {
          "kind": "interior",
          "start": [
            696.48,
            1311.0255
          ],
          "end": [
            696.48,
            1544.0363
          ],
          "path_start_px": 942.5608,
          "path_end_px": 1175.5716,
          "length_px": 233.0108,
          "internal_bends": 0
        },
        {
          "kind": "interior",
          "start": [
            696.48,
            1544.0363
          ],
          "end": [
            726.48,
            1600.0363
          ],
          "path_start_px": 1175.5716,
          "path_end_px": 1261.5716,
          "length_px": 86.0,
          "internal_bends": 1
        },
        {
          "kind": "suffix",
          "start": [
            726.48,
            1600.0363
          ],
          "end": [
            792.54,
            1600.0363
          ],
          "path_start_px": 1261.5716,
          "path_end_px": 1327.6316,
          "length_px": 66.06,
          "internal_bends": 0
        }
      ],
      "svg-edge-0066": [
        {
          "kind": "whole",
          "start": [
            157.93,
            2653.0565
          ],
          "end": [
            464.17,
            1954.0349
          ],
          "path_start_px": 0.0,
          "path_end_px": 1005.2616,
          "length_px": 1005.2616,
          "internal_bends": 2
        }
      ],
      "svg-edge-0067": [
        {
          "kind": "prefix",
          "start": [
            157.93,
            556.0025
          ],
          "end": [
            245.86,
            556.0025
          ],
          "path_start_px": 0.0,
          "path_end_px": 87.93,
          "length_px": 87.93,
          "internal_bends": 0
        },
        {
          "kind": "interior",
          "start": [
            245.86,
            556.0025
          ],
          "end": [
            255.86,
            958.0216
          ],
          "path_start_px": 87.93,
          "path_end_px": 499.9491,
          "length_px": 412.0191,
          "internal_bends": 1
        },
        {
          "kind": "interior",
          "start": [
            255.86,
            958.0216
          ],
          "end": [
            265.86,
            1022.0133
          ],
          "path_start_px": 499.9491,
          "path_end_px": 573.9408,
          "length_px": 73.9917,
          "internal_bends": 1
        },
        {
          "kind": "suffix",
          "start": [
            265.86,
            1022.0133
          ],
          "end": [
            464.17,
            1022.0133
          ],
          "path_start_px": 573.9408,
          "path_end_px": 772.2508,
          "length_px": 198.31,
          "internal_bends": 0
        }
      ],
      "svg-edge-0068": [
        {
          "kind": "whole",
          "start": [
            364.87,
            2010.0363
          ],
          "end": [
            464.17,
            2010.0363
          ],
          "path_start_px": 0.0,
          "path_end_px": 99.3,
          "length_px": 99.3,
          "internal_bends": 0
        }
      ],
      "svg-edge-0069": [
        {
          "kind": "whole",
          "start": [
            358.87,
            2066.0377
          ],
          "end": [
            464.17,
            2066.0377
          ],
          "path_start_px": 0.0,
          "path_end_px": 105.3,
          "length_px": 105.3,
          "internal_bends": 0
        }
      ],
      "svg-edge-0070": [
        {
          "kind": "whole",
          "start": [
            488.17,
            2010.0363
          ],
          "end": [
            792.54,
            2010.0363
          ],
          "path_start_px": 0.0,
          "path_end_px": 304.37,
          "length_px": 304.37,
          "internal_bends": 0
        }
      ],
      "svg-edge-0071": [
        {
          "kind": "whole",
          "start": [
            814.54,
            2010.0363
          ],
          "end": [
            944.07,
            2010.0363
          ],
          "path_start_px": 0.0,
          "path_end_px": 129.53,
          "length_px": 129.53,
          "internal_bends": 0
        }
      ],
      "svg-edge-0072": [
        {
          "kind": "whole",
          "start": [
            364.87,
            2187.0457
          ],
          "end": [
            464.17,
            2187.0457
          ],
          "path_start_px": 0.0,
          "path_end_px": 99.3,
          "length_px": 99.3,
          "internal_bends": 0
        }
      ],
      "svg-edge-0073": [
        {
          "kind": "prefix",
          "start": [
            163.93,
            2942.0687
          ],
          "end": [
            245.86,
            2942.0687
          ],
          "path_start_px": 0.0,
          "path_end_px": 81.93,
          "length_px": 81.93,
          "internal_bends": 0
        },
        {
          "kind": "interior",
          "start": [
            245.86,
            2942.0687
          ],
          "end": [
            255.86,
            2653.0565
          ],
          "path_start_px": 81.93,
          "path_end_px": 380.9422,
          "length_px": 299.0122,
          "internal_bends": 1
        },
        {
          "kind": "suffix",
          "start": [
            255.86,
            2653.0565
          ],
          "end": [
            464.17,
            2243.0471
          ],
          "path_start_px": 380.9422,
          "path_end_px": 999.2616,
          "length_px": 618.3194,
          "internal_bends": 1
        }
      ],
      "svg-edge-0074": [
        {
          "kind": "whole",
          "start": [
            358.87,
            2299.0485
          ],
          "end": [
            464.17,
            2299.0485
          ],
          "path_start_px": 0.0,
          "path_end_px": 105.3,
          "length_px": 105.3,
          "internal_bends": 0
        }
      ],
      "svg-edge-0075": [
        {
          "kind": "whole",
          "start": [
            488.17,
            2243.0471
          ],
          "end": [
            618.258,
            2243.0471
          ],
          "path_start_px": 0.0,
          "path_end_px": 130.088,
          "length_px": 130.088,
          "internal_bends": 0
        }
      ],
      "svg-edge-0076": [
        {
          "kind": "whole",
          "start": [
            639.042,
            2243.0471
          ],
          "end": [
            792.54,
            2243.0471
          ],
          "path_start_px": 0.0,
          "path_end_px": 153.498,
          "length_px": 153.498,
          "internal_bends": 0
        }
      ],
      "svg-edge-0077": [
        {
          "kind": "whole",
          "start": [
            814.54,
            2243.0471
          ],
          "end": [
            944.07,
            2243.0471
          ],
          "path_start_px": 0.0,
          "path_end_px": 129.53,
          "length_px": 129.53,
          "internal_bends": 0
        }
      ],
      "svg-edge-0078": [
        {
          "kind": "whole",
          "start": [
            355.46,
            1078.0147
          ],
          "end": [
            464.17,
            1078.0147
          ],
          "path_start_px": 0.0,
          "path_end_px": 108.71,
          "length_px": 108.71,
          "internal_bends": 0
        }
      ],
      "svg-edge-0079": [
        {
          "kind": "whole",
          "start": [
            364.87,
            2420.0565
          ],
          "end": [
            464.17,
            2420.0565
          ],
          "path_start_px": 0.0,
          "path_end_px": 99.3,
          "length_px": 99.3,
          "internal_bends": 0
        }
      ],
      "svg-edge-0080": [
        {
          "kind": "whole",
          "start": [
            364.87,
            2476.0579
          ],
          "end": [
            464.17,
            2476.0579
          ],
          "path_start_px": 0.0,
          "path_end_px": 99.3,
          "length_px": 99.3,
          "internal_bends": 0
        }
      ],
      "svg-edge-0081": [
        {
          "kind": "prefix",
          "start": [
            163.93,
            3231.0809
          ],
          "end": [
            245.86,
            3231.0809
          ],
          "path_start_px": 0.0,
          "path_end_px": 81.93,
          "length_px": 81.93,
          "internal_bends": 0
        },
        {
          "kind": "interior",
          "start": [
            245.86,
            3231.0809
          ],
          "end": [
            255.86,
            3231.0809
          ],
          "path_start_px": 81.93,
          "path_end_px": 91.93,
          "length_px": 10.0,
          "internal_bends": 0
        },
        {
          "kind": "interior",
          "start": [
            255.86,
            3231.0809
          ],
          "end": [
            265.86,
            2942.0687
          ],
          "path_start_px": 91.93,
          "path_end_px": 390.9422,
          "length_px": 299.0122,
          "internal_bends": 1
        },
        {
          "kind": "interior",
          "start": [
            265.86,
            2942.0687
          ],
          "end": [
            265.86,
            2653.0565
          ],
          "path_start_px": 390.9422,
          "path_end_px": 679.9544,
          "length_px": 289.0122,
          "internal_bends": 0
        },
        {
          "kind": "suffix",
          "start": [
            265.86,
            2653.0565
          ],
          "end": [
            464.17,
            2532.0593
          ],
          "path_start_px": 679.9544,
          "path_end_px": 999.2616,
          "length_px": 319.3072,
          "internal_bends": 1
        }
      ],
      "svg-edge-0082": [
        {
          "kind": "whole",
          "start": [
            488.17,
            2476.0579
          ],
          "end": [
            792.54,
            2476.0579
          ],
          "path_start_px": 0.0,
          "path_end_px": 304.37,
          "length_px": 304.37,
          "internal_bends": 0
        }
      ],
      "svg-edge-0083": [
        {
          "kind": "whole",
          "start": [
            814.54,
            2476.0579
          ],
          "end": [
            944.07,
            2476.0579
          ],
          "path_start_px": 0.0,
          "path_end_px": 129.53,
          "length_px": 129.53,
          "internal_bends": 0
        }
      ],
      "svg-edge-0084": [
        {
          "kind": "prefix",
          "start": [
            157.93,
            2653.0565
          ],
          "end": [
            255.86,
            2653.0565
          ],
          "path_start_px": 0.0,
          "path_end_px": 97.93,
          "length_px": 97.93,
          "internal_bends": 0
        },
        {
          "kind": "interior",
          "start": [
            255.86,
            2653.0565
          ],
          "end": [
            265.86,
            2653.0565
          ],
          "path_start_px": 97.93,
          "path_end_px": 107.93,
          "length_px": 10.0,
          "internal_bends": 0
        },
        {
          "kind": "suffix",
          "start": [
            265.86,
            2653.0565
          ],
          "end": [
            464.17,
            2653.0565
          ],
          "path_start_px": 107.93,
          "path_end_px": 306.24,
          "length_px": 198.31,
          "internal_bends": 0
        }
      ],
      "svg-edge-0085": [
        {
          "kind": "whole",
          "start": [
            364.87,
            2709.0579
          ],
          "end": [
            464.17,
            2709.0579
          ],
          "path_start_px": 0.0,
          "path_end_px": 99.3,
          "length_px": 99.3,
          "internal_bends": 0
        }
      ],
      "svg-edge-0086": [
        {
          "kind": "whole",
          "start": [
            358.87,
            2765.0593
          ],
          "end": [
            464.17,
            2765.0593
          ],
          "path_start_px": 0.0,
          "path_end_px": 105.3,
          "length_px": 105.3,
          "internal_bends": 0
        }
      ],
      "svg-edge-0087": [
        {
          "kind": "whole",
          "start": [
            488.17,
            2709.0579
          ],
          "end": [
            618.258,
            2709.0579
          ],
          "path_start_px": 0.0,
          "path_end_px": 130.088,
          "length_px": 130.088,
          "internal_bends": 0
        }
      ],
      "svg-edge-0088": [
        {
          "kind": "whole",
          "start": [
            639.042,
            2709.0579
          ],
          "end": [
            792.54,
            2709.0579
          ],
          "path_start_px": 0.0,
          "path_end_px": 153.498,
          "length_px": 153.498,
          "internal_bends": 0
        }
      ],
      "svg-edge-0089": [
        {
          "kind": "whole",
          "start": [
            361.46,
            1134.0161
          ],
          "end": [
            464.17,
            1134.0161
          ],
          "path_start_px": 0.0,
          "path_end_px": 102.71,
          "length_px": 102.71,
          "internal_bends": 0
        }
      ],
      "svg-edge-0090": [
        {
          "kind": "whole",
          "start": [
            814.54,
            2709.0579
          ],
          "end": [
            944.07,
            2709.0579
          ],
          "path_start_px": 0.0,
          "path_end_px": 129.53,
          "length_px": 129.53,
          "internal_bends": 0
        }
      ],
      "svg-edge-0091": [
        {
          "kind": "whole",
          "start": [
            364.87,
            2886.0673
          ],
          "end": [
            464.17,
            2886.0673
          ],
          "path_start_px": 0.0,
          "path_end_px": 99.3,
          "length_px": 99.3,
          "internal_bends": 0
        }
      ],
      "svg-edge-0092": [
        {
          "kind": "prefix",
          "start": [
            163.93,
            2942.0687
          ],
          "end": [
            245.86,
            2942.0687
          ],
          "path_start_px": 0.0,
          "path_end_px": 81.93,
          "length_px": 81.93,
          "internal_bends": 0
        },
        {
          "kind": "interior",
          "start": [
            245.86,
            2942.0687
          ],
          "end": [
            265.86,
            2942.0687
          ],
          "path_start_px": 81.93,
          "path_end_px": 101.93,
          "length_px": 20.0,
          "internal_bends": 0
        },
        {
          "kind": "suffix",
          "start": [
            265.86,
            2942.0687
          ],
          "end": [
            464.17,
            2942.0687
          ],
          "path_start_px": 101.93,
          "path_end_px": 300.24,
          "length_px": 198.31,
          "internal_bends": 0
        }
      ],
      "svg-edge-0093": [
        {
          "kind": "whole",
          "start": [
            358.87,
            2998.0701
          ],
          "end": [
            464.17,
            2998.0701
          ],
          "path_start_px": 0.0,
          "path_end_px": 105.3,
          "length_px": 105.3,
          "internal_bends": 0
        }
      ],
      "svg-edge-0094": [
        {
          "kind": "whole",
          "start": [
            488.17,
            2942.0687
          ],
          "end": [
            792.54,
            2942.0687
          ],
          "path_start_px": 0.0,
          "path_end_px": 304.37,
          "length_px": 304.37,
          "internal_bends": 0
        }
      ],
      "svg-edge-0095": [
        {
          "kind": "whole",
          "start": [
            814.54,
            2942.0687
          ],
          "end": [
            944.07,
            2942.0687
          ],
          "path_start_px": 0.0,
          "path_end_px": 129.53,
          "length_px": 129.53,
          "internal_bends": 0
        }
      ],
      "svg-edge-0096": [
        {
          "kind": "whole",
          "start": [
            364.87,
            3119.0781
          ],
          "end": [
            464.17,
            3119.0781
          ],
          "path_start_px": 0.0,
          "path_end_px": 99.3,
          "length_px": 99.3,
          "internal_bends": 0
        }
      ],
      "svg-edge-0097": [
        {
          "kind": "whole",
          "start": [
            364.87,
            3175.0795
          ],
          "end": [
            464.17,
            3175.0795
          ],
          "path_start_px": 0.0,
          "path_end_px": 99.3,
          "length_px": 99.3,
          "internal_bends": 0
        }
      ],
      "svg-edge-0098": [
        {
          "kind": "prefix",
          "start": [
            163.93,
            3231.0809
          ],
          "end": [
            245.86,
            3231.0809
          ],
          "path_start_px": 0.0,
          "path_end_px": 81.93,
          "length_px": 81.93,
          "internal_bends": 0
        },
        {
          "kind": "interior",
          "start": [
            245.86,
            3231.0809
          ],
          "end": [
            255.86,
            3231.0809
          ],
          "path_start_px": 81.93,
          "path_end_px": 91.93,
          "length_px": 10.0,
          "internal_bends": 0
        },
        {
          "kind": "suffix",
          "start": [
            255.86,
            3231.0809
          ],
          "end": [
            464.17,
            3231.0809
          ],
          "path_start_px": 91.93,
          "path_end_px": 300.24,
          "length_px": 208.31,
          "internal_bends": 0
        }
      ],
      "svg-edge-0099": [
        {
          "kind": "whole",
          "start": [
            488.17,
            3175.0795
          ],
          "end": [
            618.258,
            3175.0795
          ],
          "path_start_px": 0.0,
          "path_end_px": 130.088,
          "length_px": 130.088,
          "internal_bends": 0
        }
      ],
      "svg-edge-0100": [
        {
          "kind": "whole",
          "start": [
            816.54,
            1106.0147
          ],
          "end": [
            944.07,
            1106.0147
          ],
          "path_start_px": 0.0,
          "path_end_px": 127.53,
          "length_px": 127.53,
          "internal_bends": 0
        }
      ],
      "svg-edge-0101": [
        {
          "kind": "whole",
          "start": [
            639.042,
            3175.0795
          ],
          "end": [
            792.54,
            3175.0795
          ],
          "path_start_px": 0.0,
          "path_end_px": 153.498,
          "length_px": 153.498,
          "internal_bends": 0
        }
      ],
      "svg-edge-0102": [
        {
          "kind": "whole",
          "start": [
            814.54,
            3175.0795
          ],
          "end": [
            944.07,
            3175.0795
          ],
          "path_start_px": 0.0,
          "path_end_px": 129.53,
          "length_px": 129.53,
          "internal_bends": 0
        }
      ],
      "svg-edge-0103": [
        {
          "kind": "prefix",
          "start": [
            157.93,
            2653.0565
          ],
          "end": [
            245.86,
            2942.0687
          ],
          "path_start_px": 0.0,
          "path_end_px": 376.9422,
          "length_px": 376.9422,
          "internal_bends": 1
        },
        {
          "kind": "interior",
          "start": [
            245.86,
            2942.0687
          ],
          "end": [
            245.86,
            3231.0809
          ],
          "path_start_px": 376.9422,
          "path_end_px": 665.9544,
          "length_px": 289.0122,
          "internal_bends": 0
        },
        {
          "kind": "interior",
          "start": [
            245.86,
            3231.0809
          ],
          "end": [
            255.86,
            3352.0781
          ],
          "path_start_px": 665.9544,
          "path_end_px": 796.9516,
          "length_px": 130.9972,
          "internal_bends": 1
        },
        {
          "kind": "interior",
          "start": [
            255.86,
            3352.0781
          ],
          "end": [
            265.86,
            3352.0781
          ],
          "path_start_px": 796.9516,
          "path_end_px": 806.9516,
          "length_px": 10.0,
          "internal_bends": 0
        },
        {
          "kind": "suffix",
          "start": [
            265.86,
            3352.0781
          ],
          "end": [
            464.17,
            3352.0781
          ],
          "path_start_px": 806.9516,
          "path_end_px": 1005.2616,
          "length_px": 198.31,
          "internal_bends": 0
        }
      ],
      "svg-edge-0104": [
        {
          "kind": "whole",
          "start": [
            364.87,
            3408.0795
          ],
          "end": [
            464.17,
            3408.0795
          ],
          "path_start_px": 0.0,
          "path_end_px": 99.3,
          "length_px": 99.3,
          "internal_bends": 0
        }
      ],
      "svg-edge-0105": [
        {
          "kind": "whole",
          "start": [
            358.87,
            3464.0809
          ],
          "end": [
            464.17,
            3464.0809
          ],
          "path_start_px": 0.0,
          "path_end_px": 105.3,
          "length_px": 105.3,
          "internal_bends": 0
        }
      ],
      "svg-edge-0106": [
        {
          "kind": "whole",
          "start": [
            488.17,
            3408.0795
          ],
          "end": [
            792.54,
            3408.0795
          ],
          "path_start_px": 0.0,
          "path_end_px": 304.37,
          "length_px": 304.37,
          "internal_bends": 0
        }
      ],
      "svg-edge-0107": [
        {
          "kind": "whole",
          "start": [
            814.54,
            3408.0795
          ],
          "end": [
            944.07,
            3408.0795
          ],
          "path_start_px": 0.0,
          "path_end_px": 129.53,
          "length_px": 129.53,
          "internal_bends": 0
        }
      ],
      "svg-edge-0108": [
        {
          "kind": "whole",
          "start": [
            364.87,
            3585.0889
          ],
          "end": [
            464.17,
            3585.0889
          ],
          "path_start_px": 0.0,
          "path_end_px": 99.3,
          "length_px": 99.3,
          "internal_bends": 0
        }
      ],
      "svg-edge-0109": [
        {
          "kind": "prefix",
          "start": [
            163.93,
            2942.0687
          ],
          "end": [
            245.86,
            2942.0687
          ],
          "path_start_px": 0.0,
          "path_end_px": 81.93,
          "length_px": 81.93,
          "internal_bends": 0
        },
        {
          "kind": "interior",
          "start": [
            245.86,
            2942.0687
          ],
          "end": [
            255.86,
            3231.0809
          ],
          "path_start_px": 81.93,
          "path_end_px": 380.9422,
          "length_px": 299.0122,
          "internal_bends": 1
        },
        {
          "kind": "interior",
          "start": [
            255.86,
            3231.0809
          ],
          "end": [
            255.86,
            3352.0781
          ],
          "path_start_px": 380.9422,
          "path_end_px": 501.9394,
          "length_px": 120.9972,
          "internal_bends": 0
        },
        {
          "kind": "interior",
          "start": [
            255.86,
            3352.0781
          ],
          "end": [
            265.86,
            3641.0903
          ],
          "path_start_px": 501.9394,
          "path_end_px": 800.9516,
          "length_px": 299.0122,
          "internal_bends": 1
        },
        {
          "kind": "suffix",
          "start": [
            265.86,
            3641.0903
          ],
          "end": [
            464.17,
            3641.0903
          ],
          "path_start_px": 800.9516,
          "path_end_px": 999.2616,
          "length_px": 198.31,
          "internal_bends": 0
        }
      ],
      "svg-edge-0110": [
        {
          "kind": "whole",
          "start": [
            358.87,
            3697.0917
          ],
          "end": [
            464.17,
            3697.0917
          ],
          "path_start_px": 0.0,
          "path_end_px": 105.3,
          "length_px": 105.3,
          "internal_bends": 0
        }
      ],
      "svg-edge-0111": [
        {
          "kind": "whole",
          "start": [
            361.46,
            1488.0349
          ],
          "end": [
            464.17,
            1488.0349
          ],
          "path_start_px": 0.0,
          "path_end_px": 102.71,
          "length_px": 102.71,
          "internal_bends": 0
        }
      ],
      "svg-edge-0112": [
        {
          "kind": "whole",
          "start": [
            488.17,
            3641.0903
          ],
          "end": [
            618.258,
            3641.0903
          ],
          "path_start_px": 0.0,
          "path_end_px": 130.088,
          "length_px": 130.088,
          "internal_bends": 0
        }
      ],
      "svg-edge-0113": [
        {
          "kind": "whole",
          "start": [
            639.042,
            3641.0903
          ],
          "end": [
            792.54,
            3641.0903
          ],
          "path_start_px": 0.0,
          "path_end_px": 153.498,
          "length_px": 153.498,
          "internal_bends": 0
        }
      ],
      "svg-edge-0114": [
        {
          "kind": "whole",
          "start": [
            814.54,
            3641.0903
          ],
          "end": [
            944.07,
            3641.0903
          ],
          "path_start_px": 0.0,
          "path_end_px": 129.53,
          "length_px": 129.53,
          "internal_bends": 0
        }
      ],
      "svg-edge-0115": [
        {
          "kind": "whole",
          "start": [
            364.87,
            3818.0997
          ],
          "end": [
            464.17,
            3818.0997
          ],
          "path_start_px": 0.0,
          "path_end_px": 99.3,
          "length_px": 99.3,
          "internal_bends": 0
        }
      ],
      "svg-edge-0116": [
        {
          "kind": "whole",
          "start": [
            364.87,
            3874.1011
          ],
          "end": [
            464.17,
            3874.1011
          ],
          "path_start_px": 0.0,
          "path_end_px": 99.3,
          "length_px": 99.3,
          "internal_bends": 0
        }
      ],
      "svg-edge-0117": [
        {
          "kind": "prefix",
          "start": [
            163.93,
            3231.0809
          ],
          "end": [
            245.86,
            3231.0809
          ],
          "path_start_px": 0.0,
          "path_end_px": 81.93,
          "length_px": 81.93,
          "internal_bends": 0
        },
        {
          "kind": "interior",
          "start": [
            245.86,
            3231.0809
          ],
          "end": [
            255.86,
            3231.0809
          ],
          "path_start_px": 81.93,
          "path_end_px": 91.93,
          "length_px": 10.0,
          "internal_bends": 0
        },
        {
          "kind": "interior",
          "start": [
            255.86,
            3231.0809
          ],
          "end": [
            265.86,
            3352.0781
          ],
          "path_start_px": 91.93,
          "path_end_px": 222.9272,
          "length_px": 130.9972,
          "internal_bends": 1
        },
        {
          "kind": "interior",
          "start": [
            265.86,
            3352.0781
          ],
          "end": [
            265.86,
            3641.0903
          ],
          "path_start_px": 222.9272,
          "path_end_px": 511.9394,
          "length_px": 289.0122,
          "internal_bends": 0
        },
        {
          "kind": "suffix",
          "start": [
            265.86,
            3641.0903
          ],
          "end": [
            464.17,
            3930.1025
          ],
          "path_start_px": 511.9394,
          "path_end_px": 999.2616,
          "length_px": 487.3222,
          "internal_bends": 1
        }
      ],
      "svg-edge-0118": [
        {
          "kind": "whole",
          "start": [
            488.17,
            3874.1011
          ],
          "end": [
            792.54,
            3874.1011
          ],
          "path_start_px": 0.0,
          "path_end_px": 304.37,
          "length_px": 304.37,
          "internal_bends": 0
        }
      ],
      "svg-edge-0119": [
        {
          "kind": "whole",
          "start": [
            814.54,
            3874.1011
          ],
          "end": [
            944.07,
            3874.1011
          ],
          "path_start_px": 0.0,
          "path_end_px": 129.53,
          "length_px": 129.53,
          "internal_bends": 0
        }
      ],
      "svg-edge-0120": [
        {
          "kind": "prefix",
          "start": [
            157.93,
            2653.0565
          ],
          "end": [
            245.86,
            2942.0687
          ],
          "path_start_px": 0.0,
          "path_end_px": 376.9422,
          "length_px": 376.9422,
          "internal_bends": 1
        },
        {
          "kind": "interior",
          "start": [
            245.86,
            2942.0687
          ],
          "end": [
            245.86,
            3231.0809
          ],
          "path_start_px": 376.9422,
          "path_end_px": 665.9544,
          "length_px": 289.0122,
          "internal_bends": 0
        },
        {
          "kind": "interior",
          "start": [
            245.86,
            3231.0809
          ],
          "end": [
            255.86,
            4051.0997
          ],
          "path_start_px": 665.9544,
          "path_end_px": 1495.9732,
          "length_px": 830.0188,
          "internal_bends": 1
        },
        {
          "kind": "interior",
          "start": [
            255.86,
            4051.0997
          ],
          "end": [
            265.86,
            4051.0997
          ],
          "path_start_px": 1495.9732,
          "path_end_px": 1505.9732,
          "length_px": 10.0,
          "internal_bends": 0
        },
        {
          "kind": "suffix",
          "start": [
            265.86,
            4051.0997
          ],
          "end": [
            464.17,
            4051.0997
          ],
          "path_start_px": 1505.9732,
          "path_end_px": 1704.2832,
          "length_px": 198.31,
          "internal_bends": 0
        }
      ],
      "svg-edge-0121": [
        {
          "kind": "whole",
          "start": [
            364.87,
            4107.1011
          ],
          "end": [
            464.17,
            4107.1011
          ],
          "path_start_px": 0.0,
          "path_end_px": 99.3,
          "length_px": 99.3,
          "internal_bends": 0
        }
      ]
    },
    "downstream_corridor_tail_bend_witnesses": [],
    "adjacent_root_height_bend_witnesses": [],
    "mergeable_root_facility_witnesses": [],
    "regular_fanout_array_replication_witnesses": [],
    "shared_root_bus_fragmentation_witnesses": [],
    "root_fanout_axis_dominance_witnesses": [],
    "direct_root_fanin_column_witnesses": [],
    "raw_direct_root_fanin_column_witnesses": [
      {
        "target": "weave__merge_02",
        "sources": [
          "weave__sparse_04",
          "weave__sparse_11"
        ],
        "source_columns": {
          "weave__sparse_04": 321.46,
          "weave__sparse_11": 123.93
        },
        "distinct_columns": [
          123.93,
          321.46
        ]
      }
    ],
    "feasible_direct_root_fanin_column_witnesses": [],
    "root_first_column_witnesses": []
  },
  "detected_issues": []
}
feedback layout oracle: symptom not observed: FB-ROUTE-009
