{
  "schema_version": 1,
  "input": "adjacent-tall-roots-pad.json",
  "svg": "output.svg",
  "totals": {
    "logical_nodes": 43,
    "rendered_nodes": 43,
    "logical_edges": 48,
    "rendered_edges": 48,
    "proper_crossing_events": 54,
    "distinct_crossing_points": 16,
    "different_net_overlaps": 0,
    "bends": 44,
    "manhattan_length_px": 14712.0744
  },
  "roots": {
    "public_from": {
      "kind": "from",
      "outdegree": 5,
      "rendered_copies": 1
    },
    "public_gate": {
      "kind": "source",
      "outdegree": 6,
      "rendered_copies": 1
    },
    "public_source": {
      "kind": "source",
      "outdegree": 5,
      "rendered_copies": 1
    },
    "sparse_00": {
      "kind": "gate",
      "outdegree": 1,
      "rendered_copies": 1
    },
    "sparse_01": {
      "kind": "source",
      "outdegree": 1,
      "rendered_copies": 1
    },
    "sparse_02": {
      "kind": "from",
      "outdegree": 1,
      "rendered_copies": 1
    },
    "sparse_03": {
      "kind": "gate",
      "outdegree": 1,
      "rendered_copies": 1
    },
    "sparse_04": {
      "kind": "source",
      "outdegree": 1,
      "rendered_copies": 1
    },
    "sparse_05": {
      "kind": "from",
      "outdegree": 1,
      "rendered_copies": 1
    },
    "sparse_06": {
      "kind": "gate",
      "outdegree": 1,
      "rendered_copies": 1
    },
    "sparse_07": {
      "kind": "source",
      "outdegree": 1,
      "rendered_copies": 1
    },
    "sparse_08": {
      "kind": "from",
      "outdegree": 1,
      "rendered_copies": 1
    },
    "sparse_09": {
      "kind": "gate",
      "outdegree": 1,
      "rendered_copies": 1
    },
    "sparse_10": {
      "kind": "source",
      "outdegree": 1,
      "rendered_copies": 1
    },
    "sparse_11": {
      "kind": "from",
      "outdegree": 1,
      "rendered_copies": 1
    },
    "sparse_12": {
      "kind": "gate",
      "outdegree": 1,
      "rendered_copies": 1
    },
    "sparse_13": {
      "kind": "source",
      "outdegree": 1,
      "rendered_copies": 1
    },
    "sparse_14": {
      "kind": "from",
      "outdegree": 1,
      "rendered_copies": 1
    },
    "sparse_15": {
      "kind": "gate",
      "outdegree": 1,
      "rendered_copies": 1
    }
  },
  "nodes": {
    "clock_00": {
      "kind": "clock",
      "incoming_edges": 1,
      "outgoing_edges": 0,
      "direct_downstream_nodes": 0,
      "source_port_nets": 0,
      "rendering_anchors": 1,
      "is_root": false,
      "is_terminal": true,
      "manhattan_length_px": 0,
      "bends_total": 0,
      "crossing_points": 0,
      "crossing_pair_incidents": 0,
      "crossed_edge_count": 0
    },
    "clock_01": {
      "kind": "clock",
      "incoming_edges": 1,
      "outgoing_edges": 0,
      "direct_downstream_nodes": 0,
      "source_port_nets": 0,
      "rendering_anchors": 1,
      "is_root": false,
      "is_terminal": true,
      "manhattan_length_px": 0,
      "bends_total": 0,
      "crossing_points": 0,
      "crossing_pair_incidents": 0,
      "crossed_edge_count": 0
    },
    "clock_02": {
      "kind": "clock",
      "incoming_edges": 1,
      "outgoing_edges": 0,
      "direct_downstream_nodes": 0,
      "source_port_nets": 0,
      "rendering_anchors": 1,
      "is_root": false,
      "is_terminal": true,
      "manhattan_length_px": 0,
      "bends_total": 0,
      "crossing_points": 0,
      "crossing_pair_incidents": 0,
      "crossed_edge_count": 0
    },
    "clock_03": {
      "kind": "clock",
      "incoming_edges": 1,
      "outgoing_edges": 0,
      "direct_downstream_nodes": 0,
      "source_port_nets": 0,
      "rendering_anchors": 1,
      "is_root": false,
      "is_terminal": true,
      "manhattan_length_px": 0,
      "bends_total": 0,
      "crossing_points": 0,
      "crossing_pair_incidents": 0,
      "crossed_edge_count": 0
    },
    "clock_04": {
      "kind": "clock",
      "incoming_edges": 1,
      "outgoing_edges": 0,
      "direct_downstream_nodes": 0,
      "source_port_nets": 0,
      "rendering_anchors": 1,
      "is_root": false,
      "is_terminal": true,
      "manhattan_length_px": 0,
      "bends_total": 0,
      "crossing_points": 0,
      "crossing_pair_incidents": 0,
      "crossed_edge_count": 0
    },
    "clock_05": {
      "kind": "clock",
      "incoming_edges": 1,
      "outgoing_edges": 0,
      "direct_downstream_nodes": 0,
      "source_port_nets": 0,
      "rendering_anchors": 1,
      "is_root": false,
      "is_terminal": true,
      "manhattan_length_px": 0,
      "bends_total": 0,
      "crossing_points": 0,
      "crossing_pair_incidents": 0,
      "crossed_edge_count": 0
    },
    "clock_06": {
      "kind": "clock",
      "incoming_edges": 1,
      "outgoing_edges": 0,
      "direct_downstream_nodes": 0,
      "source_port_nets": 0,
      "rendering_anchors": 1,
      "is_root": false,
      "is_terminal": true,
      "manhattan_length_px": 0,
      "bends_total": 0,
      "crossing_points": 0,
      "crossing_pair_incidents": 0,
      "crossed_edge_count": 0
    },
    "clock_07": {
      "kind": "clock",
      "incoming_edges": 1,
      "outgoing_edges": 0,
      "direct_downstream_nodes": 0,
      "source_port_nets": 0,
      "rendering_anchors": 1,
      "is_root": false,
      "is_terminal": true,
      "manhattan_length_px": 0,
      "bends_total": 0,
      "crossing_points": 0,
      "crossing_pair_incidents": 0,
      "crossed_edge_count": 0
    },
    "mux_after_00": {
      "kind": "mux2",
      "incoming_edges": 2,
      "outgoing_edges": 1,
      "direct_downstream_nodes": 1,
      "source_port_nets": 1,
      "rendering_anchors": 1,
      "is_root": false,
      "is_terminal": false,
      "manhattan_length_px": 83.2,
      "bends_total": 0,
      "crossing_points": 0,
      "crossing_pair_incidents": 0,
      "crossed_edge_count": 0
    },
    "mux_after_01": {
      "kind": "mux2",
      "incoming_edges": 2,
      "outgoing_edges": 1,
      "direct_downstream_nodes": 1,
      "source_port_nets": 1,
      "rendering_anchors": 1,
      "is_root": false,
      "is_terminal": false,
      "manhattan_length_px": 83.2,
      "bends_total": 0,
      "crossing_points": 0,
      "crossing_pair_incidents": 0,
      "crossed_edge_count": 0
    },
    "mux_after_02": {
      "kind": "mux2",
      "incoming_edges": 2,
      "outgoing_edges": 1,
      "direct_downstream_nodes": 1,
      "source_port_nets": 1,
      "rendering_anchors": 1,
      "is_root": false,
      "is_terminal": false,
      "manhattan_length_px": 83.2,
      "bends_total": 0,
      "crossing_points": 0,
      "crossing_pair_incidents": 0,
      "crossed_edge_count": 0
    },
    "mux_after_03": {
      "kind": "mux2",
      "incoming_edges": 2,
      "outgoing_edges": 1,
      "direct_downstream_nodes": 1,
      "source_port_nets": 1,
      "rendering_anchors": 1,
      "is_root": false,
      "is_terminal": false,
      "manhattan_length_px": 83.2,
      "bends_total": 0,
      "crossing_points": 0,
      "crossing_pair_incidents": 0,
      "crossed_edge_count": 0
    },
    "mux_after_04": {
      "kind": "mux2",
      "incoming_edges": 2,
      "outgoing_edges": 1,
      "direct_downstream_nodes": 1,
      "source_port_nets": 1,
      "rendering_anchors": 1,
      "is_root": false,
      "is_terminal": false,
      "manhattan_length_px": 83.2,
      "bends_total": 0,
      "crossing_points": 0,
      "crossing_pair_incidents": 0,
      "crossed_edge_count": 0
    },
    "mux_after_05": {
      "kind": "mux2",
      "incoming_edges": 2,
      "outgoing_edges": 1,
      "direct_downstream_nodes": 1,
      "source_port_nets": 1,
      "rendering_anchors": 1,
      "is_root": false,
      "is_terminal": false,
      "manhattan_length_px": 83.2,
      "bends_total": 0,
      "crossing_points": 0,
      "crossing_pair_incidents": 0,
      "crossed_edge_count": 0
    },
    "mux_after_06": {
      "kind": "mux2",
      "incoming_edges": 2,
      "outgoing_edges": 1,
      "direct_downstream_nodes": 1,
      "source_port_nets": 1,
      "rendering_anchors": 1,
      "is_root": false,
      "is_terminal": false,
      "manhattan_length_px": 83.2,
      "bends_total": 0,
      "crossing_points": 0,
      "crossing_pair_incidents": 0,
      "crossed_edge_count": 0
    },
    "mux_after_07": {
      "kind": "mux2",
      "incoming_edges": 2,
      "outgoing_edges": 1,
      "direct_downstream_nodes": 1,
      "source_port_nets": 1,
      "rendering_anchors": 1,
      "is_root": false,
      "is_terminal": false,
      "manhattan_length_px": 83.2,
      "bends_total": 0,
      "crossing_points": 0,
      "crossing_pair_incidents": 0,
      "crossed_edge_count": 0
    },
    "pad_00": {
      "kind": "pad3",
      "incoming_edges": 3,
      "outgoing_edges": 1,
      "direct_downstream_nodes": 1,
      "source_port_nets": 1,
      "rendering_anchors": 1,
      "is_root": false,
      "is_terminal": false,
      "manhattan_length_px": 124.38,
      "bends_total": 0,
      "crossing_points": 1,
      "crossing_pair_incidents": 2,
      "crossed_edge_count": 2
    },
    "pad_01": {
      "kind": "pad3",
      "incoming_edges": 3,
      "outgoing_edges": 1,
      "direct_downstream_nodes": 1,
      "source_port_nets": 1,
      "rendering_anchors": 1,
      "is_root": false,
      "is_terminal": false,
      "manhattan_length_px": 124.38,
      "bends_total": 0,
      "crossing_points": 0,
      "crossing_pair_incidents": 0,
      "crossed_edge_count": 0
    },
    "pad_02": {
      "kind": "pad3",
      "incoming_edges": 3,
      "outgoing_edges": 1,
      "direct_downstream_nodes": 1,
      "source_port_nets": 1,
      "rendering_anchors": 1,
      "is_root": false,
      "is_terminal": false,
      "manhattan_length_px": 124.38,
      "bends_total": 0,
      "crossing_points": 0,
      "crossing_pair_incidents": 0,
      "crossed_edge_count": 0
    },
    "pad_03": {
      "kind": "pad3",
      "incoming_edges": 3,
      "outgoing_edges": 1,
      "direct_downstream_nodes": 1,
      "source_port_nets": 1,
      "rendering_anchors": 1,
      "is_root": false,
      "is_terminal": false,
      "manhattan_length_px": 124.38,
      "bends_total": 0,
      "crossing_points": 0,
      "crossing_pair_incidents": 0,
      "crossed_edge_count": 0
    },
    "pad_04": {
      "kind": "pad3",
      "incoming_edges": 3,
      "outgoing_edges": 1,
      "direct_downstream_nodes": 1,
      "source_port_nets": 1,
      "rendering_anchors": 1,
      "is_root": false,
      "is_terminal": false,
      "manhattan_length_px": 124.38,
      "bends_total": 0,
      "crossing_points": 1,
      "crossing_pair_incidents": 1,
      "crossed_edge_count": 1
    },
    "pad_05": {
      "kind": "pad3",
      "incoming_edges": 3,
      "outgoing_edges": 1,
      "direct_downstream_nodes": 1,
      "source_port_nets": 1,
      "rendering_anchors": 1,
      "is_root": false,
      "is_terminal": false,
      "manhattan_length_px": 124.38,
      "bends_total": 0,
      "crossing_points": 1,
      "crossing_pair_incidents": 1,
      "crossed_edge_count": 1
    },
    "pad_06": {
      "kind": "pad3",
      "incoming_edges": 3,
      "outgoing_edges": 1,
      "direct_downstream_nodes": 1,
      "source_port_nets": 1,
      "rendering_anchors": 1,
      "is_root": false,
      "is_terminal": false,
      "manhattan_length_px": 124.38,
      "bends_total": 0,
      "crossing_points": 1,
      "crossing_pair_incidents": 1,
      "crossed_edge_count": 1
    },
    "pad_07": {
      "kind": "pad3",
      "incoming_edges": 3,
      "outgoing_edges": 1,
      "direct_downstream_nodes": 1,
      "source_port_nets": 1,
      "rendering_anchors": 1,
      "is_root": false,
      "is_terminal": false,
      "manhattan_length_px": 124.38,
      "bends_total": 0,
      "crossing_points": 0,
      "crossing_pair_incidents": 0,
      "crossed_edge_count": 0
    },
    "public_from": {
      "kind": "from",
      "incoming_edges": 0,
      "outgoing_edges": 5,
      "direct_downstream_nodes": 5,
      "source_port_nets": 1,
      "rendering_anchors": 1,
      "is_root": true,
      "is_terminal": false,
      "manhattan_length_px": 3350.0426,
      "bends_total": 14,
      "crossing_points": 8,
      "crossing_pair_incidents": 31,
      "crossed_edge_count": 8
    },
    "public_gate": {
      "kind": "source",
      "incoming_edges": 0,
      "outgoing_edges": 6,
      "direct_downstream_nodes": 6,
      "source_port_nets": 1,
      "rendering_anchors": 1,
      "is_root": true,
      "is_terminal": false,
      "manhattan_length_px": 5169.268,
      "bends_total": 16,
      "crossing_points": 10,
      "crossing_pair_incidents": 35,
      "crossed_edge_count": 12
    },
    "public_source": {
      "kind": "source",
      "incoming_edges": 0,
      "outgoing_edges": 5,
      "direct_downstream_nodes": 5,
      "source_port_nets": 1,
      "rendering_anchors": 1,
      "is_root": true,
      "is_terminal": false,
      "manhattan_length_px": 3571.7038,
      "bends_total": 14,
      "crossing_points": 10,
      "crossing_pair_incidents": 37,
      "crossed_edge_count": 11
    },
    "sparse_00": {
      "kind": "gate",
      "incoming_edges": 0,
      "outgoing_edges": 1,
      "direct_downstream_nodes": 1,
      "source_port_nets": 1,
      "rendering_anchors": 1,
      "is_root": true,
      "is_terminal": false,
      "manhattan_length_px": 48.15,
      "bends_total": 0,
      "crossing_points": 0,
      "crossing_pair_incidents": 0,
      "crossed_edge_count": 0
    },
    "sparse_01": {
      "kind": "source",
      "incoming_edges": 0,
      "outgoing_edges": 1,
      "direct_downstream_nodes": 1,
      "source_port_nets": 1,
      "rendering_anchors": 1,
      "is_root": true,
      "is_terminal": false,
      "manhattan_length_px": 54.15,
      "bends_total": 0,
      "crossing_points": 0,
      "crossing_pair_incidents": 0,
      "crossed_edge_count": 0
    },
    "sparse_02": {
      "kind": "from",
      "incoming_edges": 0,
      "outgoing_edges": 1,
      "direct_downstream_nodes": 1,
      "source_port_nets": 1,
      "rendering_anchors": 1,
      "is_root": true,
      "is_terminal": false,
      "manhattan_length_px": 48.15,
      "bends_total": 0,
      "crossing_points": 0,
      "crossing_pair_incidents": 0,
      "crossed_edge_count": 0
    },
    "sparse_03": {
      "kind": "gate",
      "incoming_edges": 0,
      "outgoing_edges": 1,
      "direct_downstream_nodes": 1,
      "source_port_nets": 1,
      "rendering_anchors": 1,
      "is_root": true,
      "is_terminal": false,
      "manhattan_length_px": 48.15,
      "bends_total": 0,
      "crossing_points": 0,
      "crossing_pair_incidents": 0,
      "crossed_edge_count": 0
    },
    "sparse_04": {
      "kind": "source",
      "incoming_edges": 0,
      "outgoing_edges": 1,
      "direct_downstream_nodes": 1,
      "source_port_nets": 1,
      "rendering_anchors": 1,
      "is_root": true,
      "is_terminal": false,
      "manhattan_length_px": 54.15,
      "bends_total": 0,
      "crossing_points": 0,
      "crossing_pair_incidents": 0,
      "crossed_edge_count": 0
    },
    "sparse_05": {
      "kind": "from",
      "incoming_edges": 0,
      "outgoing_edges": 1,
      "direct_downstream_nodes": 1,
      "source_port_nets": 1,
      "rendering_anchors": 1,
      "is_root": true,
      "is_terminal": false,
      "manhattan_length_px": 48.15,
      "bends_total": 0,
      "crossing_points": 0,
      "crossing_pair_incidents": 0,
      "crossed_edge_count": 0
    },
    "sparse_06": {
      "kind": "gate",
      "incoming_edges": 0,
      "outgoing_edges": 1,
      "direct_downstream_nodes": 1,
      "source_port_nets": 1,
      "rendering_anchors": 1,
      "is_root": true,
      "is_terminal": false,
      "manhattan_length_px": 48.15,
      "bends_total": 0,
      "crossing_points": 0,
      "crossing_pair_incidents": 0,
      "crossed_edge_count": 0
    },
    "sparse_07": {
      "kind": "source",
      "incoming_edges": 0,
      "outgoing_edges": 1,
      "direct_downstream_nodes": 1,
      "source_port_nets": 1,
      "rendering_anchors": 1,
      "is_root": true,
      "is_terminal": false,
      "manhattan_length_px": 54.15,
      "bends_total": 0,
      "crossing_points": 0,
      "crossing_pair_incidents": 0,
      "crossed_edge_count": 0
    },
    "sparse_08": {
      "kind": "from",
      "incoming_edges": 0,
      "outgoing_edges": 1,
      "direct_downstream_nodes": 1,
      "source_port_nets": 1,
      "rendering_anchors": 1,
      "is_root": true,
      "is_terminal": false,
      "manhattan_length_px": 48.15,
      "bends_total": 0,
      "crossing_points": 0,
      "crossing_pair_incidents": 0,
      "crossed_edge_count": 0
    },
    "sparse_09": {
      "kind": "gate",
      "incoming_edges": 0,
      "outgoing_edges": 1,
      "direct_downstream_nodes": 1,
      "source_port_nets": 1,
      "rendering_anchors": 1,
      "is_root": true,
      "is_terminal": false,
      "manhattan_length_px": 48.15,
      "bends_total": 0,
      "crossing_points": 0,
      "crossing_pair_incidents": 0,
      "crossed_edge_count": 0
    },
    "sparse_10": {
      "kind": "source",
      "incoming_edges": 0,
      "outgoing_edges": 1,
      "direct_downstream_nodes": 1,
      "source_port_nets": 1,
      "rendering_anchors": 1,
      "is_root": true,
      "is_terminal": false,
      "manhattan_length_px": 54.15,
      "bends_total": 0,
      "crossing_points": 0,
      "crossing_pair_incidents": 0,
      "crossed_edge_count": 0
    },
    "sparse_11": {
      "kind": "from",
      "incoming_edges": 0,
      "outgoing_edges": 1,
      "direct_downstream_nodes": 1,
      "source_port_nets": 1,
      "rendering_anchors": 1,
      "is_root": true,
      "is_terminal": false,
      "manhattan_length_px": 48.15,
      "bends_total": 0,
      "crossing_points": 0,
      "crossing_pair_incidents": 0,
      "crossed_edge_count": 0
    },
    "sparse_12": {
      "kind": "gate",
      "incoming_edges": 0,
      "outgoing_edges": 1,
      "direct_downstream_nodes": 1,
      "source_port_nets": 1,
      "rendering_anchors": 1,
      "is_root": true,
      "is_terminal": false,
      "manhattan_length_px": 48.15,
      "bends_total": 0,
      "crossing_points": 0,
      "crossing_pair_incidents": 0,
      "crossed_edge_count": 0
    },
    "sparse_13": {
      "kind": "source",
      "incoming_edges": 0,
      "outgoing_edges": 1,
      "direct_downstream_nodes": 1,
      "source_port_nets": 1,
      "rendering_anchors": 1,
      "is_root": true,
      "is_terminal": false,
      "manhattan_length_px": 54.15,
      "bends_total": 0,
      "crossing_points": 0,
      "crossing_pair_incidents": 0,
      "crossed_edge_count": 0
    },
    "sparse_14": {
      "kind": "from",
      "incoming_edges": 0,
      "outgoing_edges": 1,
      "direct_downstream_nodes": 1,
      "source_port_nets": 1,
      "rendering_anchors": 1,
      "is_root": true,
      "is_terminal": false,
      "manhattan_length_px": 208.17,
      "bends_total": 0,
      "crossing_points": 0,
      "crossing_pair_incidents": 0,
      "crossed_edge_count": 0
    },
    "sparse_15": {
      "kind": "gate",
      "incoming_edges": 0,
      "outgoing_edges": 1,
      "direct_downstream_nodes": 1,
      "source_port_nets": 1,
      "rendering_anchors": 1,
      "is_root": true,
      "is_terminal": false,
      "manhattan_length_px": 48.15,
      "bends_total": 0,
      "crossing_points": 0,
      "crossing_pair_incidents": 0,
      "crossed_edge_count": 0
    }
  },
  "networks": {
    "mux_after_00:right": {
      "source": "mux_after_00",
      "source_port": "right",
      "edges": 1,
      "rendering_anchors": 1,
      "branch_count": 0,
      "crossing_points": 0,
      "crossing_pair_incidents": 0,
      "crossed_edge_count": 0,
      "manhattan_length_px": 83.2,
      "horizontal_length_px": 83.2,
      "vertical_length_px": 0,
      "bends_total": 0,
      "bends_max_per_edge": 0,
      "split_rejoin": false
    },
    "mux_after_01:right": {
      "source": "mux_after_01",
      "source_port": "right",
      "edges": 1,
      "rendering_anchors": 1,
      "branch_count": 0,
      "crossing_points": 0,
      "crossing_pair_incidents": 0,
      "crossed_edge_count": 0,
      "manhattan_length_px": 83.2,
      "horizontal_length_px": 83.2,
      "vertical_length_px": 0,
      "bends_total": 0,
      "bends_max_per_edge": 0,
      "split_rejoin": false
    },
    "mux_after_02:right": {
      "source": "mux_after_02",
      "source_port": "right",
      "edges": 1,
      "rendering_anchors": 1,
      "branch_count": 0,
      "crossing_points": 0,
      "crossing_pair_incidents": 0,
      "crossed_edge_count": 0,
      "manhattan_length_px": 83.2,
      "horizontal_length_px": 83.2,
      "vertical_length_px": 0,
      "bends_total": 0,
      "bends_max_per_edge": 0,
      "split_rejoin": false
    },
    "mux_after_03:right": {
      "source": "mux_after_03",
      "source_port": "right",
      "edges": 1,
      "rendering_anchors": 1,
      "branch_count": 0,
      "crossing_points": 0,
      "crossing_pair_incidents": 0,
      "crossed_edge_count": 0,
      "manhattan_length_px": 83.2,
      "horizontal_length_px": 83.2,
      "vertical_length_px": 0,
      "bends_total": 0,
      "bends_max_per_edge": 0,
      "split_rejoin": false
    },
    "mux_after_04:right": {
      "source": "mux_after_04",
      "source_port": "right",
      "edges": 1,
      "rendering_anchors": 1,
      "branch_count": 0,
      "crossing_points": 0,
      "crossing_pair_incidents": 0,
      "crossed_edge_count": 0,
      "manhattan_length_px": 83.2,
      "horizontal_length_px": 83.2,
      "vertical_length_px": 0,
      "bends_total": 0,
      "bends_max_per_edge": 0,
      "split_rejoin": false
    },
    "mux_after_05:right": {
      "source": "mux_after_05",
      "source_port": "right",
      "edges": 1,
      "rendering_anchors": 1,
      "branch_count": 0,
      "crossing_points": 0,
      "crossing_pair_incidents": 0,
      "crossed_edge_count": 0,
      "manhattan_length_px": 83.2,
      "horizontal_length_px": 83.2,
      "vertical_length_px": 0,
      "bends_total": 0,
      "bends_max_per_edge": 0,
      "split_rejoin": false
    },
    "mux_after_06:right": {
      "source": "mux_after_06",
      "source_port": "right",
      "edges": 1,
      "rendering_anchors": 1,
      "branch_count": 0,
      "crossing_points": 0,
      "crossing_pair_incidents": 0,
      "crossed_edge_count": 0,
      "manhattan_length_px": 83.2,
      "horizontal_length_px": 83.2,
      "vertical_length_px": 0,
      "bends_total": 0,
      "bends_max_per_edge": 0,
      "split_rejoin": false
    },
    "mux_after_07:right": {
      "source": "mux_after_07",
      "source_port": "right",
      "edges": 1,
      "rendering_anchors": 1,
      "branch_count": 0,
      "crossing_points": 0,
      "crossing_pair_incidents": 0,
      "crossed_edge_count": 0,
      "manhattan_length_px": 83.2,
      "horizontal_length_px": 83.2,
      "vertical_length_px": 0,
      "bends_total": 0,
      "bends_max_per_edge": 0,
      "split_rejoin": false
    },
    "pad_00:right": {
      "source": "pad_00",
      "source_port": "right",
      "edges": 1,
      "rendering_anchors": 1,
      "branch_count": 0,
      "crossing_points": 1,
      "crossing_pair_incidents": 2,
      "crossed_edge_count": 2,
      "manhattan_length_px": 124.38,
      "horizontal_length_px": 124.38,
      "vertical_length_px": 0,
      "bends_total": 0,
      "bends_max_per_edge": 0,
      "split_rejoin": false
    },
    "pad_01:right": {
      "source": "pad_01",
      "source_port": "right",
      "edges": 1,
      "rendering_anchors": 1,
      "branch_count": 0,
      "crossing_points": 0,
      "crossing_pair_incidents": 0,
      "crossed_edge_count": 0,
      "manhattan_length_px": 124.38,
      "horizontal_length_px": 124.38,
      "vertical_length_px": 0,
      "bends_total": 0,
      "bends_max_per_edge": 0,
      "split_rejoin": false
    },
    "pad_02:right": {
      "source": "pad_02",
      "source_port": "right",
      "edges": 1,
      "rendering_anchors": 1,
      "branch_count": 0,
      "crossing_points": 0,
      "crossing_pair_incidents": 0,
      "crossed_edge_count": 0,
      "manhattan_length_px": 124.38,
      "horizontal_length_px": 124.38,
      "vertical_length_px": 0,
      "bends_total": 0,
      "bends_max_per_edge": 0,
      "split_rejoin": false
    },
    "pad_03:right": {
      "source": "pad_03",
      "source_port": "right",
      "edges": 1,
      "rendering_anchors": 1,
      "branch_count": 0,
      "crossing_points": 0,
      "crossing_pair_incidents": 0,
      "crossed_edge_count": 0,
      "manhattan_length_px": 124.38,
      "horizontal_length_px": 124.38,
      "vertical_length_px": 0,
      "bends_total": 0,
      "bends_max_per_edge": 0,
      "split_rejoin": false
    },
    "pad_04:right": {
      "source": "pad_04",
      "source_port": "right",
      "edges": 1,
      "rendering_anchors": 1,
      "branch_count": 0,
      "crossing_points": 1,
      "crossing_pair_incidents": 1,
      "crossed_edge_count": 1,
      "manhattan_length_px": 124.38,
      "horizontal_length_px": 124.38,
      "vertical_length_px": 0,
      "bends_total": 0,
      "bends_max_per_edge": 0,
      "split_rejoin": false
    },
    "pad_05:right": {
      "source": "pad_05",
      "source_port": "right",
      "edges": 1,
      "rendering_anchors": 1,
      "branch_count": 0,
      "crossing_points": 1,
      "crossing_pair_incidents": 1,
      "crossed_edge_count": 1,
      "manhattan_length_px": 124.38,
      "horizontal_length_px": 124.38,
      "vertical_length_px": 0,
      "bends_total": 0,
      "bends_max_per_edge": 0,
      "split_rejoin": false
    },
    "pad_06:right": {
      "source": "pad_06",
      "source_port": "right",
      "edges": 1,
      "rendering_anchors": 1,
      "branch_count": 0,
      "crossing_points": 1,
      "crossing_pair_incidents": 1,
      "crossed_edge_count": 1,
      "manhattan_length_px": 124.38,
      "horizontal_length_px": 124.38,
      "vertical_length_px": 0,
      "bends_total": 0,
      "bends_max_per_edge": 0,
      "split_rejoin": false
    },
    "pad_07:right": {
      "source": "pad_07",
      "source_port": "right",
      "edges": 1,
      "rendering_anchors": 1,
      "branch_count": 0,
      "crossing_points": 0,
      "crossing_pair_incidents": 0,
      "crossed_edge_count": 0,
      "manhattan_length_px": 124.38,
      "horizontal_length_px": 124.38,
      "vertical_length_px": 0,
      "bends_total": 0,
      "bends_max_per_edge": 0,
      "split_rejoin": false
    },
    "public_from:right": {
      "source": "public_from",
      "source_port": "right",
      "edges": 5,
      "rendering_anchors": 1,
      "branch_count": 4,
      "crossing_points": 8,
      "crossing_pair_incidents": 31,
      "crossed_edge_count": 8,
      "manhattan_length_px": 3350.0426,
      "horizontal_length_px": 1485.99,
      "vertical_length_px": 1864.0526,
      "bends_total": 14,
      "bends_max_per_edge": 4,
      "split_rejoin": false
    },
    "public_gate:right": {
      "source": "public_gate",
      "source_port": "right",
      "edges": 6,
      "rendering_anchors": 1,
      "branch_count": 5,
      "crossing_points": 10,
      "crossing_pair_incidents": 35,
      "crossed_edge_count": 12,
      "manhattan_length_px": 5169.268,
      "horizontal_length_px": 1730.16,
      "vertical_length_px": 3439.108,
      "bends_total": 16,
      "bends_max_per_edge": 4,
      "split_rejoin": false
    },
    "public_source:right": {
      "source": "public_source",
      "source_port": "right",
      "edges": 5,
      "rendering_anchors": 1,
      "branch_count": 4,
      "crossing_points": 10,
      "crossing_pair_incidents": 37,
      "crossed_edge_count": 11,
      "manhattan_length_px": 3571.7038,
      "horizontal_length_px": 1367.61,
      "vertical_length_px": 2204.0938,
      "bends_total": 14,
      "bends_max_per_edge": 4,
      "split_rejoin": false
    },
    "sparse_00:right": {
      "source": "sparse_00",
      "source_port": "right",
      "edges": 1,
      "rendering_anchors": 1,
      "branch_count": 0,
      "crossing_points": 0,
      "crossing_pair_incidents": 0,
      "crossed_edge_count": 0,
      "manhattan_length_px": 48.15,
      "horizontal_length_px": 48.15,
      "vertical_length_px": 0,
      "bends_total": 0,
      "bends_max_per_edge": 0,
      "split_rejoin": false
    },
    "sparse_01:right": {
      "source": "sparse_01",
      "source_port": "right",
      "edges": 1,
      "rendering_anchors": 1,
      "branch_count": 0,
      "crossing_points": 0,
      "crossing_pair_incidents": 0,
      "crossed_edge_count": 0,
      "manhattan_length_px": 54.15,
      "horizontal_length_px": 54.15,
      "vertical_length_px": 0,
      "bends_total": 0,
      "bends_max_per_edge": 0,
      "split_rejoin": false
    },
    "sparse_02:right": {
      "source": "sparse_02",
      "source_port": "right",
      "edges": 1,
      "rendering_anchors": 1,
      "branch_count": 0,
      "crossing_points": 0,
      "crossing_pair_incidents": 0,
      "crossed_edge_count": 0,
      "manhattan_length_px": 48.15,
      "horizontal_length_px": 48.15,
      "vertical_length_px": 0,
      "bends_total": 0,
      "bends_max_per_edge": 0,
      "split_rejoin": false
    },
    "sparse_03:right": {
      "source": "sparse_03",
      "source_port": "right",
      "edges": 1,
      "rendering_anchors": 1,
      "branch_count": 0,
      "crossing_points": 0,
      "crossing_pair_incidents": 0,
      "crossed_edge_count": 0,
      "manhattan_length_px": 48.15,
      "horizontal_length_px": 48.15,
      "vertical_length_px": 0,
      "bends_total": 0,
      "bends_max_per_edge": 0,
      "split_rejoin": false
    },
    "sparse_04:right": {
      "source": "sparse_04",
      "source_port": "right",
      "edges": 1,
      "rendering_anchors": 1,
      "branch_count": 0,
      "crossing_points": 0,
      "crossing_pair_incidents": 0,
      "crossed_edge_count": 0,
      "manhattan_length_px": 54.15,
      "horizontal_length_px": 54.15,
      "vertical_length_px": 0,
      "bends_total": 0,
      "bends_max_per_edge": 0,
      "split_rejoin": false
    },
    "sparse_05:right": {
      "source": "sparse_05",
      "source_port": "right",
      "edges": 1,
      "rendering_anchors": 1,
      "branch_count": 0,
      "crossing_points": 0,
      "crossing_pair_incidents": 0,
      "crossed_edge_count": 0,
      "manhattan_length_px": 48.15,
      "horizontal_length_px": 48.15,
      "vertical_length_px": 0,
      "bends_total": 0,
      "bends_max_per_edge": 0,
      "split_rejoin": false
    },
    "sparse_06:right": {
      "source": "sparse_06",
      "source_port": "right",
      "edges": 1,
      "rendering_anchors": 1,
      "branch_count": 0,
      "crossing_points": 0,
      "crossing_pair_incidents": 0,
      "crossed_edge_count": 0,
      "manhattan_length_px": 48.15,
      "horizontal_length_px": 48.15,
      "vertical_length_px": 0,
      "bends_total": 0,
      "bends_max_per_edge": 0,
      "split_rejoin": false
    },
    "sparse_07:right": {
      "source": "sparse_07",
      "source_port": "right",
      "edges": 1,
      "rendering_anchors": 1,
      "branch_count": 0,
      "crossing_points": 0,
      "crossing_pair_incidents": 0,
      "crossed_edge_count": 0,
      "manhattan_length_px": 54.15,
      "horizontal_length_px": 54.15,
      "vertical_length_px": 0,
      "bends_total": 0,
      "bends_max_per_edge": 0,
      "split_rejoin": false
    },
    "sparse_08:right": {
      "source": "sparse_08",
      "source_port": "right",
      "edges": 1,
      "rendering_anchors": 1,
      "branch_count": 0,
      "crossing_points": 0,
      "crossing_pair_incidents": 0,
      "crossed_edge_count": 0,
      "manhattan_length_px": 48.15,
      "horizontal_length_px": 48.15,
      "vertical_length_px": 0,
      "bends_total": 0,
      "bends_max_per_edge": 0,
      "split_rejoin": false
    },
    "sparse_09:right": {
      "source": "sparse_09",
      "source_port": "right",
      "edges": 1,
      "rendering_anchors": 1,
      "branch_count": 0,
      "crossing_points": 0,
      "crossing_pair_incidents": 0,
      "crossed_edge_count": 0,
      "manhattan_length_px": 48.15,
      "horizontal_length_px": 48.15,
      "vertical_length_px": 0,
      "bends_total": 0,
      "bends_max_per_edge": 0,
      "split_rejoin": false
    },
    "sparse_10:right": {
      "source": "sparse_10",
      "source_port": "right",
      "edges": 1,
      "rendering_anchors": 1,
      "branch_count": 0,
      "crossing_points": 0,
      "crossing_pair_incidents": 0,
      "crossed_edge_count": 0,
      "manhattan_length_px": 54.15,
      "horizontal_length_px": 54.15,
      "vertical_length_px": 0,
      "bends_total": 0,
      "bends_max_per_edge": 0,
      "split_rejoin": false
    },
    "sparse_11:right": {
      "source": "sparse_11",
      "source_port": "right",
      "edges": 1,
      "rendering_anchors": 1,
      "branch_count": 0,
      "crossing_points": 0,
      "crossing_pair_incidents": 0,
      "crossed_edge_count": 0,
      "manhattan_length_px": 48.15,
      "horizontal_length_px": 48.15,
      "vertical_length_px": 0,
      "bends_total": 0,
      "bends_max_per_edge": 0,
      "split_rejoin": false
    },
    "sparse_12:right": {
      "source": "sparse_12",
      "source_port": "right",
      "edges": 1,
      "rendering_anchors": 1,
      "branch_count": 0,
      "crossing_points": 0,
      "crossing_pair_incidents": 0,
      "crossed_edge_count": 0,
      "manhattan_length_px": 48.15,
      "horizontal_length_px": 48.15,
      "vertical_length_px": 0,
      "bends_total": 0,
      "bends_max_per_edge": 0,
      "split_rejoin": false
    },
    "sparse_13:right": {
      "source": "sparse_13",
      "source_port": "right",
      "edges": 1,
      "rendering_anchors": 1,
      "branch_count": 0,
      "crossing_points": 0,
      "crossing_pair_incidents": 0,
      "crossed_edge_count": 0,
      "manhattan_length_px": 54.15,
      "horizontal_length_px": 54.15,
      "vertical_length_px": 0,
      "bends_total": 0,
      "bends_max_per_edge": 0,
      "split_rejoin": false
    },
    "sparse_14:right": {
      "source": "sparse_14",
      "source_port": "right",
      "edges": 1,
      "rendering_anchors": 1,
      "branch_count": 0,
      "crossing_points": 0,
      "crossing_pair_incidents": 0,
      "crossed_edge_count": 0,
      "manhattan_length_px": 208.17,
      "horizontal_length_px": 208.17,
      "vertical_length_px": 0,
      "bends_total": 0,
      "bends_max_per_edge": 0,
      "split_rejoin": false
    },
    "sparse_15:right": {
      "source": "sparse_15",
      "source_port": "right",
      "edges": 1,
      "rendering_anchors": 1,
      "branch_count": 0,
      "crossing_points": 0,
      "crossing_pair_incidents": 0,
      "crossed_edge_count": 0,
      "manhattan_length_px": 48.15,
      "horizontal_length_px": 48.15,
      "vertical_length_px": 0,
      "bends_total": 0,
      "bends_max_per_edge": 0,
      "split_rejoin": false
    }
  },
  "edges": [
    {
      "edge_id": "svg-edge-0000",
      "source": "public_source",
      "target": "pad_01",
      "source_port": "right",
      "target_port": "0",
      "points": [
        [
          123.83,
          901.0147
        ],
        [
          177.66,
          901.0147
        ],
        [
          177.66,
          322.9917
        ],
        [
          338.0,
          322.9917
        ]
      ],
      "segments": 3,
      "bends": 2,
      "manhattan_length_px": 792.193,
      "horizontal_length_px": 214.17,
      "vertical_length_px": 578.023,
      "max_vertical_segment_px": 578.023,
      "crossing_points": 2,
      "crossing_pair_incidents": 7,
      "crossed_edge_count": 6,
      "source_port_fanout": 5,
      "branch_siblings": 4
    },
    {
      "edge_id": "svg-edge-0001",
      "source": "pad_02",
      "target": "mux_after_02",
      "source_port": "right",
      "target_port": "0",
      "points": [
        [
          362.0,
          845.0147
        ],
        [
          486.38,
          845.0147
        ]
      ],
      "segments": 1,
      "bends": 0,
      "manhattan_length_px": 124.38,
      "horizontal_length_px": 124.38,
      "vertical_length_px": 0,
      "max_vertical_segment_px": 0.0,
      "crossing_points": 0,
      "crossing_pair_incidents": 0,
      "crossed_edge_count": 0,
      "source_port_fanout": 1,
      "branch_siblings": 0
    },
    {
      "edge_id": "svg-edge-0002",
      "source": "public_source",
      "target": "mux_after_02",
      "source_port": "right",
      "target_port": "1",
      "points": [
        [
          123.83,
          901.0147
        ],
        [
          177.66,
          901.0147
        ],
        [
          177.66,
          958.0216
        ],
        [
          403.96,
          958.0216
        ],
        [
          403.96,
          901.0147
        ],
        [
          486.38,
          901.0147
        ]
      ],
      "segments": 5,
      "bends": 4,
      "manhattan_length_px": 476.5638,
      "horizontal_length_px": 362.55,
      "vertical_length_px": 114.0138,
      "max_vertical_segment_px": 57.0069,
      "crossing_points": 2,
      "crossing_pair_incidents": 5,
      "crossed_edge_count": 5,
      "source_port_fanout": 5,
      "branch_siblings": 4
    },
    {
      "edge_id": "svg-edge-0003",
      "source": "mux_after_07",
      "target": "clock_07",
      "source_port": "right",
      "target_port": "left",
      "points": [
        [
          510.38,
          173.9931
        ],
        [
          593.58,
          173.9931
        ]
      ],
      "segments": 1,
      "bends": 0,
      "manhattan_length_px": 83.2,
      "horizontal_length_px": 83.2,
      "vertical_length_px": 0,
      "max_vertical_segment_px": 0.0,
      "crossing_points": 0,
      "crossing_pair_incidents": 0,
      "crossed_edge_count": 0,
      "source_port_fanout": 1,
      "branch_siblings": 0
    },
    {
      "edge_id": "svg-edge-0004",
      "source": "pad_04",
      "target": "mux_after_04",
      "source_port": "right",
      "target_port": "0",
      "points": [
        [
          362.0,
          1311.0255
        ],
        [
          486.38,
          1311.0255
        ]
      ],
      "segments": 1,
      "bends": 0,
      "manhattan_length_px": 124.38,
      "horizontal_length_px": 124.38,
      "vertical_length_px": 0,
      "max_vertical_segment_px": 0.0,
      "crossing_points": 1,
      "crossing_pair_incidents": 1,
      "crossed_edge_count": 1,
      "source_port_fanout": 1,
      "branch_siblings": 0
    },
    {
      "edge_id": "svg-edge-0005",
      "source": "public_gate",
      "target": "mux_after_04",
      "source_port": "right",
      "target_port": "1",
      "points": [
        [
          123.83,
          612.0039
        ],
        [
          187.66,
          612.0039
        ],
        [
          187.66,
          974.0324
        ],
        [
          393.96,
          974.0324
        ],
        [
          393.96,
          1367.0255
        ],
        [
          486.38,
          1367.0255
        ]
      ],
      "segments": 5,
      "bends": 4,
      "manhattan_length_px": 1117.5716,
      "horizontal_length_px": 362.55,
      "vertical_length_px": 755.0216,
      "max_vertical_segment_px": 392.9931,
      "crossing_points": 6,
      "crossing_pair_incidents": 8,
      "crossed_edge_count": 8,
      "source_port_fanout": 6,
      "branch_siblings": 5
    },
    {
      "edge_id": "svg-edge-0006",
      "source": "pad_07",
      "target": "mux_after_07",
      "source_port": "right",
      "target_port": "0",
      "points": [
        [
          362.0,
          145.9931
        ],
        [
          486.38,
          145.9931
        ]
      ],
      "segments": 1,
      "bends": 0,
      "manhattan_length_px": 124.38,
      "horizontal_length_px": 124.38,
      "vertical_length_px": 0,
      "max_vertical_segment_px": 0.0,
      "crossing_points": 0,
      "crossing_pair_incidents": 0,
      "crossed_edge_count": 0,
      "source_port_fanout": 1,
      "branch_siblings": 0
    },
    {
      "edge_id": "svg-edge-0007",
      "source": "public_gate",
      "target": "mux_after_07",
      "source_port": "right",
      "target_port": "1",
      "points": [
        [
          123.83,
          612.0039
        ],
        [
          187.66,
          612.0039
        ],
        [
          187.66,
          259.0
        ],
        [
          393.96,
          259.0
        ],
        [
          393.96,
          201.9931
        ],
        [
          486.38,
          201.9931
        ]
      ],
      "segments": 5,
      "bends": 4,
      "manhattan_length_px": 772.5608,
      "horizontal_length_px": 362.55,
      "vertical_length_px": 410.0108,
      "max_vertical_segment_px": 353.0039,
      "crossing_points": 2,
      "crossing_pair_incidents": 3,
      "crossed_edge_count": 2,
      "source_port_fanout": 6,
      "branch_siblings": 5
    },
    {
      "edge_id": "svg-edge-0008",
      "source": "mux_after_01",
      "target": "clock_01",
      "source_port": "right",
      "target_port": "left",
      "points": [
        [
          510.38,
          406.9931
        ],
        [
          593.58,
          406.9931
        ]
      ],
      "segments": 1,
      "bends": 0,
      "manhattan_length_px": 83.2,
      "horizontal_length_px": 83.2,
      "vertical_length_px": 0,
      "max_vertical_segment_px": 0.0,
      "crossing_points": 0,
      "crossing_pair_incidents": 0,
      "crossed_edge_count": 0,
      "source_port_fanout": 1,
      "branch_siblings": 0
    },
    {
      "edge_id": "svg-edge-0009",
      "source": "public_source",
      "target": "pad_04",
      "source_port": "right",
      "target_port": "0",
      "points": [
        [
          123.83,
          901.0147
        ],
        [
          177.66,
          901.0147
        ],
        [
          177.66,
          1255.0241
        ],
        [
          338.0,
          1255.0241
        ]
      ],
      "segments": 3,
      "bends": 2,
      "manhattan_length_px": 568.1794,
      "horizontal_length_px": 214.17,
      "vertical_length_px": 354.0094,
      "max_vertical_segment_px": 354.0094,
      "crossing_points": 3,
      "crossing_pair_incidents": 9,
      "crossed_edge_count": 7,
      "source_port_fanout": 5,
      "branch_siblings": 4
    },
    {
      "edge_id": "svg-edge-0010",
      "source": "sparse_10",
      "target": "pad_04",
      "source_port": "right",
      "target_port": "1",
      "points": [
        [
          283.85,
          1311.0255
        ],
        [
          338.0,
          1311.0255
        ]
      ],
      "segments": 1,
      "bends": 0,
      "manhattan_length_px": 54.15,
      "horizontal_length_px": 54.15,
      "vertical_length_px": 0,
      "max_vertical_segment_px": 0.0,
      "crossing_points": 0,
      "crossing_pair_incidents": 0,
      "crossed_edge_count": 0,
      "source_port_fanout": 1,
      "branch_siblings": 0
    },
    {
      "edge_id": "svg-edge-0011",
      "source": "sparse_04",
      "target": "pad_01",
      "source_port": "right",
      "target_port": "1",
      "points": [
        [
          283.85,
          378.9931
        ],
        [
          338.0,
          378.9931
        ]
      ],
      "segments": 1,
      "bends": 0,
      "manhattan_length_px": 54.15,
      "horizontal_length_px": 54.15,
      "vertical_length_px": 0,
      "max_vertical_segment_px": 0.0,
      "crossing_points": 0,
      "crossing_pair_incidents": 0,
      "crossed_edge_count": 0,
      "source_port_fanout": 1,
      "branch_siblings": 0
    },
    {
      "edge_id": "svg-edge-0012",
      "source": "sparse_01",
      "target": "pad_04",
      "source_port": "right",
      "target_port": "2",
      "points": [
        [
          283.85,
          1367.0269
        ],
        [
          338.0,
          1367.0269
        ]
      ],
      "segments": 1,
      "bends": 0,
      "manhattan_length_px": 54.15,
      "horizontal_length_px": 54.15,
      "vertical_length_px": 0,
      "max_vertical_segment_px": 0.0,
      "crossing_points": 0,
      "crossing_pair_incidents": 0,
      "crossed_edge_count": 0,
      "source_port_fanout": 1,
      "branch_siblings": 0
    },
    {
      "edge_id": "svg-edge-0013",
      "source": "mux_after_05",
      "target": "clock_05",
      "source_port": "right",
      "target_port": "left",
      "points": [
        [
          510.38,
          1106.0255
        ],
        [
          593.58,
          1106.0255
        ]
      ],
      "segments": 1,
      "bends": 0,
      "manhattan_length_px": 83.2,
      "horizontal_length_px": 83.2,
      "vertical_length_px": 0,
      "max_vertical_segment_px": 0.0,
      "crossing_points": 0,
      "crossing_pair_incidents": 0,
      "crossed_edge_count": 0,
      "source_port_fanout": 1,
      "branch_siblings": 0
    },
    {
      "edge_id": "svg-edge-0014",
      "source": "mux_after_00",
      "target": "clock_00",
      "source_port": "right",
      "target_port": "left",
      "points": [
        [
          510.38,
          1572.0363
        ],
        [
          593.58,
          1572.0363
        ]
      ],
      "segments": 1,
      "bends": 0,
      "manhattan_length_px": 83.2,
      "horizontal_length_px": 83.2,
      "vertical_length_px": 0,
      "max_vertical_segment_px": 0.0,
      "crossing_points": 0,
      "crossing_pair_incidents": 0,
      "crossed_edge_count": 0,
      "source_port_fanout": 1,
      "branch_siblings": 0
    },
    {
      "edge_id": "svg-edge-0015",
      "source": "pad_05",
      "target": "mux_after_05",
      "source_port": "right",
      "target_port": "0",
      "points": [
        [
          362.0,
          1078.0255
        ],
        [
          486.38,
          1078.0255
        ]
      ],
      "segments": 1,
      "bends": 0,
      "manhattan_length_px": 124.38,
      "horizontal_length_px": 124.38,
      "vertical_length_px": 0,
      "max_vertical_segment_px": 0.0,
      "crossing_points": 1,
      "crossing_pair_incidents": 1,
      "crossed_edge_count": 1,
      "source_port_fanout": 1,
      "branch_siblings": 0
    },
    {
      "edge_id": "svg-edge-0016",
      "source": "public_source",
      "target": "mux_after_05",
      "source_port": "right",
      "target_port": "1",
      "points": [
        [
          123.83,
          901.0147
        ],
        [
          177.66,
          901.0147
        ],
        [
          177.66,
          1191.0324
        ],
        [
          403.96,
          1191.0324
        ],
        [
          403.96,
          1134.0255
        ],
        [
          486.38,
          1134.0255
        ]
      ],
      "segments": 5,
      "bends": 4,
      "manhattan_length_px": 709.5746,
      "horizontal_length_px": 362.55,
      "vertical_length_px": 347.0246,
      "max_vertical_segment_px": 290.0177,
      "crossing_points": 4,
      "crossing_pair_incidents": 10,
      "crossed_edge_count": 8,
      "source_port_fanout": 5,
      "branch_siblings": 4
    },
    {
      "edge_id": "svg-edge-0017",
      "source": "mux_after_02",
      "target": "clock_02",
      "source_port": "right",
      "target_port": "left",
      "points": [
        [
          510.38,
          873.0147
        ],
        [
          593.58,
          873.0147
        ]
      ],
      "segments": 1,
      "bends": 0,
      "manhattan_length_px": 83.2,
      "horizontal_length_px": 83.2,
      "vertical_length_px": 0,
      "max_vertical_segment_px": 0.0,
      "crossing_points": 0,
      "crossing_pair_incidents": 0,
      "crossed_edge_count": 0,
      "source_port_fanout": 1,
      "branch_siblings": 0
    },
    {
      "edge_id": "svg-edge-0018",
      "source": "mux_after_06",
      "target": "clock_06",
      "source_port": "right",
      "target_port": "left",
      "points": [
        [
          510.38,
          1805.0363
        ],
        [
          593.58,
          1805.0363
        ]
      ],
      "segments": 1,
      "bends": 0,
      "manhattan_length_px": 83.2,
      "horizontal_length_px": 83.2,
      "vertical_length_px": 0,
      "max_vertical_segment_px": 0.0,
      "crossing_points": 0,
      "crossing_pair_incidents": 0,
      "crossed_edge_count": 0,
      "source_port_fanout": 1,
      "branch_siblings": 0
    },
    {
      "edge_id": "svg-edge-0019",
      "source": "mux_after_03",
      "target": "clock_03",
      "source_port": "right",
      "target_port": "left",
      "points": [
        [
          510.38,
          640.0039
        ],
        [
          593.58,
          640.0039
        ]
      ],
      "segments": 1,
      "bends": 0,
      "manhattan_length_px": 83.2,
      "horizontal_length_px": 83.2,
      "vertical_length_px": 0,
      "max_vertical_segment_px": 0.0,
      "crossing_points": 0,
      "crossing_pair_incidents": 0,
      "crossed_edge_count": 0,
      "source_port_fanout": 1,
      "branch_siblings": 0
    },
    {
      "edge_id": "svg-edge-0020",
      "source": "pad_01",
      "target": "mux_after_01",
      "source_port": "right",
      "target_port": "0",
      "points": [
        [
          362.0,
          378.9931
        ],
        [
          486.38,
          378.9931
        ]
      ],
      "segments": 1,
      "bends": 0,
      "manhattan_length_px": 124.38,
      "horizontal_length_px": 124.38,
      "vertical_length_px": 0,
      "max_vertical_segment_px": 0.0,
      "crossing_points": 0,
      "crossing_pair_incidents": 0,
      "crossed_edge_count": 0,
      "source_port_fanout": 1,
      "branch_siblings": 0
    },
    {
      "edge_id": "svg-edge-0021",
      "source": "public_gate",
      "target": "mux_after_01",
      "source_port": "right",
      "target_port": "1",
      "points": [
        [
          123.83,
          612.0039
        ],
        [
          187.66,
          612.0039
        ],
        [
          187.66,
          492.0
        ],
        [
          393.96,
          492.0
        ],
        [
          393.96,
          434.9931
        ],
        [
          486.38,
          434.9931
        ]
      ],
      "segments": 5,
      "bends": 4,
      "manhattan_length_px": 539.5608,
      "horizontal_length_px": 362.55,
      "vertical_length_px": 177.0108,
      "max_vertical_segment_px": 120.0039,
      "crossing_points": 1,
      "crossing_pair_incidents": 2,
      "crossed_edge_count": 2,
      "source_port_fanout": 6,
      "branch_siblings": 5
    },
    {
      "edge_id": "svg-edge-0022",
      "source": "sparse_11",
      "target": "pad_01",
      "source_port": "right",
      "target_port": "2",
      "points": [
        [
          289.85,
          434.9945
        ],
        [
          338.0,
          434.9945
        ]
      ],
      "segments": 1,
      "bends": 0,
      "manhattan_length_px": 48.15,
      "horizontal_length_px": 48.15,
      "vertical_length_px": 0,
      "max_vertical_segment_px": 0.0,
      "crossing_points": 0,
      "crossing_pair_incidents": 0,
      "crossed_edge_count": 0,
      "source_port_fanout": 1,
      "branch_siblings": 0
    },
    {
      "edge_id": "svg-edge-0023",
      "source": "mux_after_04",
      "target": "clock_04",
      "source_port": "right",
      "target_port": "left",
      "points": [
        [
          510.38,
          1339.0255
        ],
        [
          593.58,
          1339.0255
        ]
      ],
      "segments": 1,
      "bends": 0,
      "manhattan_length_px": 83.2,
      "horizontal_length_px": 83.2,
      "vertical_length_px": 0,
      "max_vertical_segment_px": 0.0,
      "crossing_points": 0,
      "crossing_pair_incidents": 0,
      "crossed_edge_count": 0,
      "source_port_fanout": 1,
      "branch_siblings": 0
    },
    {
      "edge_id": "svg-edge-0024",
      "source": "sparse_05",
      "target": "pad_06",
      "source_port": "right",
      "target_port": "0",
      "points": [
        [
          289.85,
          1721.0349
        ],
        [
          338.0,
          1721.0349
        ]
      ],
      "segments": 1,
      "bends": 0,
      "manhattan_length_px": 48.15,
      "horizontal_length_px": 48.15,
      "vertical_length_px": 0,
      "max_vertical_segment_px": 0.0,
      "crossing_points": 0,
      "crossing_pair_incidents": 0,
      "crossed_edge_count": 0,
      "source_port_fanout": 1,
      "branch_siblings": 0
    },
    {
      "edge_id": "svg-edge-0025",
      "source": "public_gate",
      "target": "pad_06",
      "source_port": "right",
      "target_port": "1",
      "points": [
        [
          123.83,
          612.0039
        ],
        [
          187.66,
          612.0039
        ],
        [
          187.66,
          1777.0363
        ],
        [
          338.0,
          1777.0363
        ]
      ],
      "segments": 3,
      "bends": 2,
      "manhattan_length_px": 1379.2024,
      "horizontal_length_px": 214.17,
      "vertical_length_px": 1165.0324,
      "max_vertical_segment_px": 1165.0324,
      "crossing_points": 5,
      "crossing_pair_incidents": 10,
      "crossed_edge_count": 10,
      "source_port_fanout": 6,
      "branch_siblings": 5
    },
    {
      "edge_id": "svg-edge-0026",
      "source": "sparse_14",
      "target": "pad_06",
      "source_port": "right",
      "target_port": "2",
      "points": [
        [
          129.83,
          1833.0377
        ],
        [
          338.0,
          1833.0377
        ]
      ],
      "segments": 1,
      "bends": 0,
      "manhattan_length_px": 208.17,
      "horizontal_length_px": 208.17,
      "vertical_length_px": 0,
      "max_vertical_segment_px": 0.0,
      "crossing_points": 0,
      "crossing_pair_incidents": 0,
      "crossed_edge_count": 0,
      "source_port_fanout": 1,
      "branch_siblings": 0
    },
    {
      "edge_id": "svg-edge-0027",
      "source": "pad_06",
      "target": "mux_after_06",
      "source_port": "right",
      "target_port": "0",
      "points": [
        [
          362.0,
          1777.0363
        ],
        [
          486.38,
          1777.0363
        ]
      ],
      "segments": 1,
      "bends": 0,
      "manhattan_length_px": 124.38,
      "horizontal_length_px": 124.38,
      "vertical_length_px": 0,
      "max_vertical_segment_px": 0.0,
      "crossing_points": 1,
      "crossing_pair_incidents": 1,
      "crossed_edge_count": 1,
      "source_port_fanout": 1,
      "branch_siblings": 0
    },
    {
      "edge_id": "svg-edge-0028",
      "source": "public_from",
      "target": "mux_after_06",
      "source_port": "right",
      "target_port": "1",
      "points": [
        [
          129.83,
          1134.0269
        ],
        [
          197.66,
          1134.0269
        ],
        [
          197.66,
          1440.0432
        ],
        [
          433.96,
          1440.0432
        ],
        [
          433.96,
          1833.0363
        ],
        [
          486.38,
          1833.0363
        ]
      ],
      "segments": 5,
      "bends": 4,
      "manhattan_length_px": 1055.5594,
      "horizontal_length_px": 356.55,
      "vertical_length_px": 699.0094,
      "max_vertical_segment_px": 392.9931,
      "crossing_points": 6,
      "crossing_pair_incidents": 8,
      "crossed_edge_count": 6,
      "source_port_fanout": 5,
      "branch_siblings": 4
    },
    {
      "edge_id": "svg-edge-0029",
      "source": "sparse_06",
      "target": "pad_02",
      "source_port": "right",
      "target_port": "0",
      "points": [
        [
          289.85,
          789.0133
        ],
        [
          338.0,
          789.0133
        ]
      ],
      "segments": 1,
      "bends": 0,
      "manhattan_length_px": 48.15,
      "horizontal_length_px": 48.15,
      "vertical_length_px": 0,
      "max_vertical_segment_px": 0.0,
      "crossing_points": 0,
      "crossing_pair_incidents": 0,
      "crossed_edge_count": 0,
      "source_port_fanout": 1,
      "branch_siblings": 0
    },
    {
      "edge_id": "svg-edge-0030",
      "source": "sparse_13",
      "target": "pad_02",
      "source_port": "right",
      "target_port": "1",
      "points": [
        [
          283.85,
          845.0147
        ],
        [
          338.0,
          845.0147
        ]
      ],
      "segments": 1,
      "bends": 0,
      "manhattan_length_px": 54.15,
      "horizontal_length_px": 54.15,
      "vertical_length_px": 0,
      "max_vertical_segment_px": 0.0,
      "crossing_points": 0,
      "crossing_pair_incidents": 0,
      "crossed_edge_count": 0,
      "source_port_fanout": 1,
      "branch_siblings": 0
    },
    {
      "edge_id": "svg-edge-0031",
      "source": "public_from",
      "target": "pad_02",
      "source_port": "right",
      "target_port": "2",
      "points": [
        [
          129.83,
          1134.0269
        ],
        [
          197.66,
          1134.0269
        ],
        [
          197.66,
          901.0161
        ],
        [
          338.0,
          901.0161
        ]
      ],
      "segments": 3,
      "bends": 2,
      "manhattan_length_px": 441.1808,
      "horizontal_length_px": 208.17,
      "vertical_length_px": 233.0108,
      "max_vertical_segment_px": 233.0108,
      "crossing_points": 4,
      "crossing_pair_incidents": 6,
      "crossed_edge_count": 6,
      "source_port_fanout": 5,
      "branch_siblings": 4
    },
    {
      "edge_id": "svg-edge-0032",
      "source": "sparse_12",
      "target": "pad_05",
      "source_port": "right",
      "target_port": "0",
      "points": [
        [
          289.85,
          1022.0241
        ],
        [
          338.0,
          1022.0241
        ]
      ],
      "segments": 1,
      "bends": 0,
      "manhattan_length_px": 48.15,
      "horizontal_length_px": 48.15,
      "vertical_length_px": 0,
      "max_vertical_segment_px": 0.0,
      "crossing_points": 0,
      "crossing_pair_incidents": 0,
      "crossed_edge_count": 0,
      "source_port_fanout": 1,
      "branch_siblings": 0
    },
    {
      "edge_id": "svg-edge-0033",
      "source": "sparse_15",
      "target": "pad_03",
      "source_port": "right",
      "target_port": "0",
      "points": [
        [
          289.85,
          556.0025
        ],
        [
          338.0,
          556.0025
        ]
      ],
      "segments": 1,
      "bends": 0,
      "manhattan_length_px": 48.15,
      "horizontal_length_px": 48.15,
      "vertical_length_px": 0,
      "max_vertical_segment_px": 0.0,
      "crossing_points": 0,
      "crossing_pair_incidents": 0,
      "crossed_edge_count": 0,
      "source_port_fanout": 1,
      "branch_siblings": 0
    },
    {
      "edge_id": "svg-edge-0034",
      "source": "sparse_03",
      "target": "pad_05",
      "source_port": "right",
      "target_port": "1",
      "points": [
        [
          289.85,
          1078.0255
        ],
        [
          338.0,
          1078.0255
        ]
      ],
      "segments": 1,
      "bends": 0,
      "manhattan_length_px": 48.15,
      "horizontal_length_px": 48.15,
      "vertical_length_px": 0,
      "max_vertical_segment_px": 0.0,
      "crossing_points": 0,
      "crossing_pair_incidents": 0,
      "crossed_edge_count": 0,
      "source_port_fanout": 1,
      "branch_siblings": 0
    },
    {
      "edge_id": "svg-edge-0035",
      "source": "public_from",
      "target": "pad_05",
      "source_port": "right",
      "target_port": "2",
      "points": [
        [
          129.83,
          1134.0269
        ],
        [
          338.0,
          1134.0269
        ]
      ],
      "segments": 1,
      "bends": 0,
      "manhattan_length_px": 208.17,
      "horizontal_length_px": 208.17,
      "vertical_length_px": 0,
      "max_vertical_segment_px": 0.0,
      "crossing_points": 2,
      "crossing_pair_incidents": 4,
      "crossed_edge_count": 4,
      "source_port_fanout": 5,
      "branch_siblings": 4
    },
    {
      "edge_id": "svg-edge-0036",
      "source": "sparse_09",
      "target": "pad_00",
      "source_port": "right",
      "target_port": "0",
      "points": [
        [
          289.85,
          1488.0349
        ],
        [
          338.0,
          1488.0349
        ]
      ],
      "segments": 1,
      "bends": 0,
      "manhattan_length_px": 48.15,
      "horizontal_length_px": 48.15,
      "vertical_length_px": 0,
      "max_vertical_segment_px": 0.0,
      "crossing_points": 0,
      "crossing_pair_incidents": 0,
      "crossed_edge_count": 0,
      "source_port_fanout": 1,
      "branch_siblings": 0
    },
    {
      "edge_id": "svg-edge-0037",
      "source": "public_gate",
      "target": "pad_00",
      "source_port": "right",
      "target_port": "1",
      "points": [
        [
          123.83,
          612.0039
        ],
        [
          187.66,
          612.0039
        ],
        [
          187.66,
          1544.0363
        ],
        [
          338.0,
          1544.0363
        ]
      ],
      "segments": 3,
      "bends": 2,
      "manhattan_length_px": 1146.2024,
      "horizontal_length_px": 214.17,
      "vertical_length_px": 932.0324,
      "max_vertical_segment_px": 932.0324,
      "crossing_points": 5,
      "crossing_pair_incidents": 10,
      "crossed_edge_count": 10,
      "source_port_fanout": 6,
      "branch_siblings": 5
    },
    {
      "edge_id": "svg-edge-0038",
      "source": "sparse_02",
      "target": "pad_00",
      "source_port": "right",
      "target_port": "2",
      "points": [
        [
          289.85,
          1600.0377
        ],
        [
          338.0,
          1600.0377
        ]
      ],
      "segments": 1,
      "bends": 0,
      "manhattan_length_px": 48.15,
      "horizontal_length_px": 48.15,
      "vertical_length_px": 0,
      "max_vertical_segment_px": 0.0,
      "crossing_points": 0,
      "crossing_pair_incidents": 0,
      "crossed_edge_count": 0,
      "source_port_fanout": 1,
      "branch_siblings": 0
    },
    {
      "edge_id": "svg-edge-0039",
      "source": "pad_00",
      "target": "mux_after_00",
      "source_port": "right",
      "target_port": "0",
      "points": [
        [
          362.0,
          1544.0363
        ],
        [
          486.38,
          1544.0363
        ]
      ],
      "segments": 1,
      "bends": 0,
      "manhattan_length_px": 124.38,
      "horizontal_length_px": 124.38,
      "vertical_length_px": 0,
      "max_vertical_segment_px": 0.0,
      "crossing_points": 1,
      "crossing_pair_incidents": 2,
      "crossed_edge_count": 2,
      "source_port_fanout": 1,
      "branch_siblings": 0
    },
    {
      "edge_id": "svg-edge-0040",
      "source": "public_from",
      "target": "mux_after_00",
      "source_port": "right",
      "target_port": "1",
      "points": [
        [
          129.83,
          1134.0269
        ],
        [
          197.66,
          1134.0269
        ],
        [
          197.66,
          1440.0432
        ],
        [
          433.96,
          1440.0432
        ],
        [
          433.96,
          1600.0363
        ],
        [
          486.38,
          1600.0363
        ]
      ],
      "segments": 5,
      "bends": 4,
      "manhattan_length_px": 822.5594,
      "horizontal_length_px": 356.55,
      "vertical_length_px": 466.0094,
      "max_vertical_segment_px": 306.0163,
      "crossing_points": 5,
      "crossing_pair_incidents": 7,
      "crossed_edge_count": 5,
      "source_port_fanout": 5,
      "branch_siblings": 4
    },
    {
      "edge_id": "svg-edge-0041",
      "source": "pad_03",
      "target": "mux_after_03",
      "source_port": "right",
      "target_port": "0",
      "points": [
        [
          362.0,
          612.0039
        ],
        [
          486.38,
          612.0039
        ]
      ],
      "segments": 1,
      "bends": 0,
      "manhattan_length_px": 124.38,
      "horizontal_length_px": 124.38,
      "vertical_length_px": 0,
      "max_vertical_segment_px": 0.0,
      "crossing_points": 0,
      "crossing_pair_incidents": 0,
      "crossed_edge_count": 0,
      "source_port_fanout": 1,
      "branch_siblings": 0
    },
    {
      "edge_id": "svg-edge-0042",
      "source": "public_from",
      "target": "mux_after_03",
      "source_port": "right",
      "target_port": "1",
      "points": [
        [
          129.83,
          1134.0269
        ],
        [
          197.66,
          1134.0269
        ],
        [
          197.66,
          725.0108
        ],
        [
          413.96,
          725.0108
        ],
        [
          413.96,
          668.0039
        ],
        [
          486.38,
          668.0039
        ]
      ],
      "segments": 5,
      "bends": 4,
      "manhattan_length_px": 822.573,
      "horizontal_length_px": 356.55,
      "vertical_length_px": 466.023,
      "max_vertical_segment_px": 409.0161,
      "crossing_points": 4,
      "crossing_pair_incidents": 6,
      "crossed_edge_count": 6,
      "source_port_fanout": 5,
      "branch_siblings": 4
    },
    {
      "edge_id": "svg-edge-0043",
      "source": "public_gate",
      "target": "pad_03",
      "source_port": "right",
      "target_port": "1",
      "points": [
        [
          123.83,
          612.0039
        ],
        [
          338.0,
          612.0039
        ]
      ],
      "segments": 1,
      "bends": 0,
      "manhattan_length_px": 214.17,
      "horizontal_length_px": 214.17,
      "vertical_length_px": 0,
      "max_vertical_segment_px": 0.0,
      "crossing_points": 1,
      "crossing_pair_incidents": 2,
      "crossed_edge_count": 2,
      "source_port_fanout": 6,
      "branch_siblings": 5
    },
    {
      "edge_id": "svg-edge-0044",
      "source": "sparse_08",
      "target": "pad_03",
      "source_port": "right",
      "target_port": "2",
      "points": [
        [
          289.85,
          668.0053
        ],
        [
          338.0,
          668.0053
        ]
      ],
      "segments": 1,
      "bends": 0,
      "manhattan_length_px": 48.15,
      "horizontal_length_px": 48.15,
      "vertical_length_px": 0,
      "max_vertical_segment_px": 0.0,
      "crossing_points": 0,
      "crossing_pair_incidents": 0,
      "crossed_edge_count": 0,
      "source_port_fanout": 1,
      "branch_siblings": 0
    },
    {
      "edge_id": "svg-edge-0045",
      "source": "public_source",
      "target": "pad_07",
      "source_port": "right",
      "target_port": "0",
      "points": [
        [
          123.83,
          901.0147
        ],
        [
          177.66,
          901.0147
        ],
        [
          177.66,
          89.9917
        ],
        [
          338.0,
          89.9917
        ]
      ],
      "segments": 3,
      "bends": 2,
      "manhattan_length_px": 1025.193,
      "horizontal_length_px": 214.17,
      "vertical_length_px": 811.023,
      "max_vertical_segment_px": 811.023,
      "crossing_points": 1,
      "crossing_pair_incidents": 6,
      "crossed_edge_count": 6,
      "source_port_fanout": 5,
      "branch_siblings": 4
    },
    {
      "edge_id": "svg-edge-0046",
      "source": "sparse_00",
      "target": "pad_07",
      "source_port": "right",
      "target_port": "1",
      "points": [
        [
          289.85,
          145.9931
        ],
        [
          338.0,
          145.9931
        ]
      ],
      "segments": 1,
      "bends": 0,
      "manhattan_length_px": 48.15,
      "horizontal_length_px": 48.15,
      "vertical_length_px": 0,
      "max_vertical_segment_px": 0.0,
      "crossing_points": 0,
      "crossing_pair_incidents": 0,
      "crossed_edge_count": 0,
      "source_port_fanout": 1,
      "branch_siblings": 0
    },
    {
      "edge_id": "svg-edge-0047",
      "source": "sparse_07",
      "target": "pad_07",
      "source_port": "right",
      "target_port": "2",
      "points": [
        [
          283.85,
          201.9945
        ],
        [
          338.0,
          201.9945
        ]
      ],
      "segments": 1,
      "bends": 0,
      "manhattan_length_px": 54.15,
      "horizontal_length_px": 54.15,
      "vertical_length_px": 0,
      "max_vertical_segment_px": 0.0,
      "crossing_points": 0,
      "crossing_pair_incidents": 0,
      "crossed_edge_count": 0,
      "source_port_fanout": 1,
      "branch_siblings": 0
    }
  ],
  "crossings": [
    {
      "point": [
        177.66,
        612.0039
      ],
      "edges": [
        "svg-edge-0000",
        "svg-edge-0005"
      ],
      "segments": [
        1,
        0
      ]
    },
    {
      "point": [
        177.66,
        612.0039
      ],
      "edges": [
        "svg-edge-0000",
        "svg-edge-0007"
      ],
      "segments": [
        1,
        0
      ]
    },
    {
      "point": [
        187.66,
        322.9917
      ],
      "edges": [
        "svg-edge-0000",
        "svg-edge-0007"
      ],
      "segments": [
        2,
        1
      ]
    },
    {
      "point": [
        177.66,
        612.0039
      ],
      "edges": [
        "svg-edge-0000",
        "svg-edge-0021"
      ],
      "segments": [
        1,
        0
      ]
    },
    {
      "point": [
        177.66,
        612.0039
      ],
      "edges": [
        "svg-edge-0000",
        "svg-edge-0025"
      ],
      "segments": [
        1,
        0
      ]
    },
    {
      "point": [
        177.66,
        612.0039
      ],
      "edges": [
        "svg-edge-0000",
        "svg-edge-0037"
      ],
      "segments": [
        1,
        0
      ]
    },
    {
      "point": [
        177.66,
        612.0039
      ],
      "edges": [
        "svg-edge-0000",
        "svg-edge-0043"
      ],
      "segments": [
        1,
        0
      ]
    },
    {
      "point": [
        187.66,
        958.0216
      ],
      "edges": [
        "svg-edge-0002",
        "svg-edge-0005"
      ],
      "segments": [
        2,
        1
      ]
    },
    {
      "point": [
        187.66,
        958.0216
      ],
      "edges": [
        "svg-edge-0002",
        "svg-edge-0025"
      ],
      "segments": [
        2,
        1
      ]
    },
    {
      "point": [
        197.66,
        958.0216
      ],
      "edges": [
        "svg-edge-0002",
        "svg-edge-0031"
      ],
      "segments": [
        2,
        1
      ]
    },
    {
      "point": [
        187.66,
        958.0216
      ],
      "edges": [
        "svg-edge-0002",
        "svg-edge-0037"
      ],
      "segments": [
        2,
        1
      ]
    },
    {
      "point": [
        197.66,
        958.0216
      ],
      "edges": [
        "svg-edge-0002",
        "svg-edge-0042"
      ],
      "segments": [
        2,
        1
      ]
    },
    {
      "point": [
        393.96,
        1311.0255
      ],
      "edges": [
        "svg-edge-0004",
        "svg-edge-0005"
      ],
      "segments": [
        0,
        3
      ]
    },
    {
      "point": [
        393.96,
        1078.0255
      ],
      "edges": [
        "svg-edge-0005",
        "svg-edge-0015"
      ],
      "segments": [
        3,
        0
      ]
    },
    {
      "point": [
        393.96,
        1191.0324
      ],
      "edges": [
        "svg-edge-0005",
        "svg-edge-0016"
      ],
      "segments": [
        3,
        2
      ]
    },
    {
      "point": [
        197.66,
        974.0324
      ],
      "edges": [
        "svg-edge-0005",
        "svg-edge-0031"
      ],
      "segments": [
        2,
        1
      ]
    },
    {
      "point": [
        197.66,
        974.0324
      ],
      "edges": [
        "svg-edge-0005",
        "svg-edge-0042"
      ],
      "segments": [
        2,
        1
      ]
    },
    {
      "point": [
        177.66,
        612.0039
      ],
      "edges": [
        "svg-edge-0005",
        "svg-edge-0045"
      ],
      "segments": [
        0,
        1
      ]
    },
    {
      "point": [
        177.66,
        612.0039
      ],
      "edges": [
        "svg-edge-0007",
        "svg-edge-0045"
      ],
      "segments": [
        0,
        1
      ]
    },
    {
      "point": [
        187.66,
        1255.0241
      ],
      "edges": [
        "svg-edge-0009",
        "svg-edge-0025"
      ],
      "segments": [
        2,
        1
      ]
    },
    {
      "point": [
        177.66,
        1134.0269
      ],
      "edges": [
        "svg-edge-0009",
        "svg-edge-0028"
      ],
      "segments": [
        1,
        0
      ]
    },
    {
      "point": [
        197.66,
        1255.0241
      ],
      "edges": [
        "svg-edge-0009",
        "svg-edge-0028"
      ],
      "segments": [
        2,
        1
      ]
    },
    {
      "point": [
        177.66,
        1134.0269
      ],
      "edges": [
        "svg-edge-0009",
        "svg-edge-0031"
      ],
      "segments": [
        1,
        0
      ]
    },
    {
      "point": [
        177.66,
        1134.0269
      ],
      "edges": [
        "svg-edge-0009",
        "svg-edge-0035"
      ],
      "segments": [
        1,
        0
      ]
    },
    {
      "point": [
        187.66,
        1255.0241
      ],
      "edges": [
        "svg-edge-0009",
        "svg-edge-0037"
      ],
      "segments": [
        2,
        1
      ]
    },
    {
      "point": [
        177.66,
        1134.0269
      ],
      "edges": [
        "svg-edge-0009",
        "svg-edge-0040"
      ],
      "segments": [
        1,
        0
      ]
    },
    {
      "point": [
        197.66,
        1255.0241
      ],
      "edges": [
        "svg-edge-0009",
        "svg-edge-0040"
      ],
      "segments": [
        2,
        1
      ]
    },
    {
      "point": [
        177.66,
        1134.0269
      ],
      "edges": [
        "svg-edge-0009",
        "svg-edge-0042"
      ],
      "segments": [
        1,
        0
      ]
    },
    {
      "point": [
        187.66,
        1191.0324
      ],
      "edges": [
        "svg-edge-0016",
        "svg-edge-0025"
      ],
      "segments": [
        2,
        1
      ]
    },
    {
      "point": [
        177.66,
        1134.0269
      ],
      "edges": [
        "svg-edge-0016",
        "svg-edge-0028"
      ],
      "segments": [
        1,
        0
      ]
    },
    {
      "point": [
        197.66,
        1191.0324
      ],
      "edges": [
        "svg-edge-0016",
        "svg-edge-0028"
      ],
      "segments": [
        2,
        1
      ]
    },
    {
      "point": [
        177.66,
        1134.0269
      ],
      "edges": [
        "svg-edge-0016",
        "svg-edge-0031"
      ],
      "segments": [
        1,
        0
      ]
    },
    {
      "point": [
        177.66,
        1134.0269
      ],
      "edges": [
        "svg-edge-0016",
        "svg-edge-0035"
      ],
      "segments": [
        1,
        0
      ]
    },
    {
      "point": [
        187.66,
        1191.0324
      ],
      "edges": [
        "svg-edge-0016",
        "svg-edge-0037"
      ],
      "segments": [
        2,
        1
      ]
    },
    {
      "point": [
        177.66,
        1134.0269
      ],
      "edges": [
        "svg-edge-0016",
        "svg-edge-0040"
      ],
      "segments": [
        1,
        0
      ]
    },
    {
      "point": [
        197.66,
        1191.0324
      ],
      "edges": [
        "svg-edge-0016",
        "svg-edge-0040"
      ],
      "segments": [
        2,
        1
      ]
    },
    {
      "point": [
        177.66,
        1134.0269
      ],
      "edges": [
        "svg-edge-0016",
        "svg-edge-0042"
      ],
      "segments": [
        1,
        0
      ]
    },
    {
      "point": [
        177.66,
        612.0039
      ],
      "edges": [
        "svg-edge-0021",
        "svg-edge-0045"
      ],
      "segments": [
        0,
        1
      ]
    },
    {
      "point": [
        187.66,
        1134.0269
      ],
      "edges": [
        "svg-edge-0025",
        "svg-edge-0028"
      ],
      "segments": [
        1,
        0
      ]
    },
    {
      "point": [
        187.66,
        1134.0269
      ],
      "edges": [
        "svg-edge-0025",
        "svg-edge-0031"
      ],
      "segments": [
        1,
        0
      ]
    },
    {
      "point": [
        187.66,
        1134.0269
      ],
      "edges": [
        "svg-edge-0025",
        "svg-edge-0035"
      ],
      "segments": [
        1,
        0
      ]
    },
    {
      "point": [
        187.66,
        1134.0269
      ],
      "edges": [
        "svg-edge-0025",
        "svg-edge-0040"
      ],
      "segments": [
        1,
        0
      ]
    },
    {
      "point": [
        187.66,
        1134.0269
      ],
      "edges": [
        "svg-edge-0025",
        "svg-edge-0042"
      ],
      "segments": [
        1,
        0
      ]
    },
    {
      "point": [
        177.66,
        612.0039
      ],
      "edges": [
        "svg-edge-0025",
        "svg-edge-0045"
      ],
      "segments": [
        0,
        1
      ]
    },
    {
      "point": [
        433.96,
        1777.0363
      ],
      "edges": [
        "svg-edge-0027",
        "svg-edge-0028"
      ],
      "segments": [
        0,
        3
      ]
    },
    {
      "point": [
        187.66,
        1134.0269
      ],
      "edges": [
        "svg-edge-0028",
        "svg-edge-0037"
      ],
      "segments": [
        0,
        1
      ]
    },
    {
      "point": [
        433.96,
        1544.0363
      ],
      "edges": [
        "svg-edge-0028",
        "svg-edge-0039"
      ],
      "segments": [
        3,
        0
      ]
    },
    {
      "point": [
        187.66,
        1134.0269
      ],
      "edges": [
        "svg-edge-0031",
        "svg-edge-0037"
      ],
      "segments": [
        0,
        1
      ]
    },
    {
      "point": [
        187.66,
        1134.0269
      ],
      "edges": [
        "svg-edge-0035",
        "svg-edge-0037"
      ],
      "segments": [
        0,
        1
      ]
    },
    {
      "point": [
        187.66,
        1134.0269
      ],
      "edges": [
        "svg-edge-0037",
        "svg-edge-0040"
      ],
      "segments": [
        1,
        0
      ]
    },
    {
      "point": [
        187.66,
        1134.0269
      ],
      "edges": [
        "svg-edge-0037",
        "svg-edge-0042"
      ],
      "segments": [
        1,
        0
      ]
    },
    {
      "point": [
        177.66,
        612.0039
      ],
      "edges": [
        "svg-edge-0037",
        "svg-edge-0045"
      ],
      "segments": [
        0,
        1
      ]
    },
    {
      "point": [
        433.96,
        1544.0363
      ],
      "edges": [
        "svg-edge-0039",
        "svg-edge-0040"
      ],
      "segments": [
        0,
        3
      ]
    },
    {
      "point": [
        177.66,
        612.0039
      ],
      "edges": [
        "svg-edge-0043",
        "svg-edge-0045"
      ],
      "segments": [
        0,
        1
      ]
    }
  ],
  "overlaps": [],
  "annotation_quality": {
    "expected": 0,
    "rendered": 0,
    "missing": [],
    "unexpected": [],
    "duplicates": [],
    "text_mismatches": [],
    "line_mismatches": [],
    "profile_counts": {},
    "profiles_present": [],
    "annotation_overlaps": [],
    "node_overlaps": [],
    "edge_intersections": [],
    "outside_viewport": [],
    "owner_distances_px": {},
    "too_far": [],
    "decorative_elements": 0,
    "failure_count": 0
  },
  "witnesses": {
    "mixed_root_kinds": [
      "from",
      "gate",
      "source"
    ],
    "mixed_root_quality_failures": [],
    "split_rejoin_roots": [],
    "public_root_crossings": [],
    "low_use_left_crossing_roots": [],
    "root_relocation_witnesses": [],
    "avoidable_bend_edges": [],
    "port_order_inversions": [],
    "root_facility_split_witnesses": [],
    "physical_anchor_relocation_witnesses": [],
    "vertical_root_facility_bend_witnesses": [],
    "root_facility_column_lag_witnesses": [],
    "crossing_free_intervals": {
      "svg-edge-0000": [
        {
          "kind": "prefix",
          "start": [
            123.83,
            901.0147
          ],
          "end": [
            177.66,
            612.0039
          ],
          "path_start_px": 0.0,
          "path_end_px": 342.8408,
          "length_px": 342.8408,
          "internal_bends": 1
        },
        {
          "kind": "interior",
          "start": [
            177.66,
            612.0039
          ],
          "end": [
            187.66,
            322.9917
          ],
          "path_start_px": 342.8408,
          "path_end_px": 641.853,
          "length_px": 299.0122,
          "internal_bends": 1
        },
        {
          "kind": "suffix",
          "start": [
            187.66,
            322.9917
          ],
          "end": [
            338.0,
            322.9917
          ],
          "path_start_px": 641.853,
          "path_end_px": 792.193,
          "length_px": 150.34,
          "internal_bends": 0
        }
      ],
      "svg-edge-0001": [
        {
          "kind": "whole",
          "start": [
            362.0,
            845.0147
          ],
          "end": [
            486.38,
            845.0147
          ],
          "path_start_px": 0.0,
          "path_end_px": 124.38,
          "length_px": 124.38,
          "internal_bends": 0
        }
      ],
      "svg-edge-0002": [
        {
          "kind": "prefix",
          "start": [
            123.83,
            901.0147
          ],
          "end": [
            187.66,
            958.0216
          ],
          "path_start_px": 0.0,
          "path_end_px": 120.8369,
          "length_px": 120.8369,
          "internal_bends": 2
        },
        {
          "kind": "interior",
          "start": [
            187.66,
            958.0216
          ],
          "end": [
            197.66,
            958.0216
          ],
          "path_start_px": 120.8369,
          "path_end_px": 130.8369,
          "length_px": 10.0,
          "internal_bends": 0
        },
        {
          "kind": "suffix",
          "start": [
            197.66,
            958.0216
          ],
          "end": [
            486.38,
            901.0147
          ],
          "path_start_px": 130.8369,
          "path_end_px": 476.5638,
          "length_px": 345.7269,
          "internal_bends": 2
        }
      ],
      "svg-edge-0003": [
        {
          "kind": "whole",
          "start": [
            510.38,
            173.9931
          ],
          "end": [
            593.58,
            173.9931
          ],
          "path_start_px": 0.0,
          "path_end_px": 83.2,
          "length_px": 83.2,
          "internal_bends": 0
        }
      ],
      "svg-edge-0004": [
        {
          "kind": "prefix",
          "start": [
            362.0,
            1311.0255
          ],
          "end": [
            393.96,
            1311.0255
          ],
          "path_start_px": 0.0,
          "path_end_px": 31.96,
          "length_px": 31.96,
          "internal_bends": 0
        },
        {
          "kind": "suffix",
          "start": [
            393.96,
            1311.0255
          ],
          "end": [
            486.38,
            1311.0255
          ],
          "path_start_px": 31.96,
          "path_end_px": 124.38,
          "length_px": 92.42,
          "internal_bends": 0
        }
      ],
      "svg-edge-0005": [
        {
          "kind": "prefix",
          "start": [
            123.83,
            612.0039
          ],
          "end": [
            177.66,
            612.0039
          ],
          "path_start_px": 0.0,
          "path_end_px": 53.83,
          "length_px": 53.83,
          "internal_bends": 0
        },
        {
          "kind": "interior",
          "start": [
            177.66,
            612.0039
          ],
          "end": [
            187.66,
            958.0216
          ],
          "path_start_px": 53.83,
          "path_end_px": 409.8477,
          "length_px": 356.0177,
          "internal_bends": 1
        },
        {
          "kind": "interior",
          "start": [
            187.66,
            958.0216
          ],
          "end": [
            197.66,
            974.0324
          ],
          "path_start_px": 409.8477,
          "path_end_px": 435.8585,
          "length_px": 26.0108,
          "internal_bends": 1
        },
        {
          "kind": "interior",
          "start": [
            197.66,
            974.0324
          ],
          "end": [
            393.96,
            1078.0255
          ],
          "path_start_px": 435.8585,
          "path_end_px": 736.1516,
          "length_px": 300.2931,
          "internal_bends": 1
        },
        {
          "kind": "interior",
          "start": [
            393.96,
            1078.0255
          ],
          "end": [
            393.96,
            1191.0324
          ],
          "path_start_px": 736.1516,
          "path_end_px": 849.1585,
          "length_px": 113.0069,
          "internal_bends": 0
        },
        {
          "kind": "interior",
          "start": [
            393.96,
            1191.0324
          ],
          "end": [
            393.96,
            1311.0255
          ],
          "path_start_px": 849.1585,
          "path_end_px": 969.1516,
          "length_px": 119.9931,
          "internal_bends": 0
        },
        {
          "kind": "suffix",
          "start": [
            393.96,
            1311.0255
          ],
          "end": [
            486.38,
            1367.0255
          ],
          "path_start_px": 969.1516,
          "path_end_px": 1117.5716,
          "length_px": 148.42,
          "internal_bends": 1
        }
      ],
      "svg-edge-0006": [
        {
          "kind": "whole",
          "start": [
            362.0,
            145.9931
          ],
          "end": [
            486.38,
            145.9931
          ],
          "path_start_px": 0.0,
          "path_end_px": 124.38,
          "length_px": 124.38,
          "internal_bends": 0
        }
      ],
      "svg-edge-0007": [
        {
          "kind": "prefix",
          "start": [
            123.83,
            612.0039
          ],
          "end": [
            177.66,
            612.0039
          ],
          "path_start_px": 0.0,
          "path_end_px": 53.83,
          "length_px": 53.83,
          "internal_bends": 0
        },
        {
          "kind": "interior",
          "start": [
            177.66,
            612.0039
          ],
          "end": [
            187.66,
            322.9917
          ],
          "path_start_px": 53.83,
          "path_end_px": 352.8422,
          "length_px": 299.0122,
          "internal_bends": 1
        },
        {
          "kind": "suffix",
          "start": [
            187.66,
            322.9917
          ],
          "end": [
            486.38,
            201.9931
          ],
          "path_start_px": 352.8422,
          "path_end_px": 772.5608,
          "length_px": 419.7186,
          "internal_bends": 3
        }
      ],
      "svg-edge-0008": [
        {
          "kind": "whole",
          "start": [
            510.38,
            406.9931
          ],
          "end": [
            593.58,
            406.9931
          ],
          "path_start_px": 0.0,
          "path_end_px": 83.2,
          "length_px": 83.2,
          "internal_bends": 0
        }
      ],
      "svg-edge-0009": [
        {
          "kind": "prefix",
          "start": [
            123.83,
            901.0147
          ],
          "end": [
            177.66,
            1134.0269
          ],
          "path_start_px": 0.0,
          "path_end_px": 286.8422,
          "length_px": 286.8422,
          "internal_bends": 1
        },
        {
          "kind": "interior",
          "start": [
            177.66,
            1134.0269
          ],
          "end": [
            187.66,
            1255.0241
          ],
          "path_start_px": 286.8422,
          "path_end_px": 417.8394,
          "length_px": 130.9972,
          "internal_bends": 1
        },
        {
          "kind": "interior",
          "start": [
            187.66,
            1255.0241
          ],
          "end": [
            197.66,
            1255.0241
          ],
          "path_start_px": 417.8394,
          "path_end_px": 427.8394,
          "length_px": 10.0,
          "internal_bends": 0
        },
        {
          "kind": "suffix",
          "start": [
            197.66,
            1255.0241
          ],
          "end": [
            338.0,
            1255.0241
          ],
          "path_start_px": 427.8394,
          "path_end_px": 568.1794,
          "length_px": 140.34,
          "internal_bends": 0
        }
      ],
      "svg-edge-0010": [
        {
          "kind": "whole",
          "start": [
            283.85,
            1311.0255
          ],
          "end": [
            338.0,
            1311.0255
          ],
          "path_start_px": 0.0,
          "path_end_px": 54.15,
          "length_px": 54.15,
          "internal_bends": 0
        }
      ],
      "svg-edge-0011": [
        {
          "kind": "whole",
          "start": [
            283.85,
            378.9931
          ],
          "end": [
            338.0,
            378.9931
          ],
          "path_start_px": 0.0,
          "path_end_px": 54.15,
          "length_px": 54.15,
          "internal_bends": 0
        }
      ],
      "svg-edge-0012": [
        {
          "kind": "whole",
          "start": [
            283.85,
            1367.0269
          ],
          "end": [
            338.0,
            1367.0269
          ],
          "path_start_px": 0.0,
          "path_end_px": 54.15,
          "length_px": 54.15,
          "internal_bends": 0
        }
      ],
      "svg-edge-0013": [
        {
          "kind": "whole",
          "start": [
            510.38,
            1106.0255
          ],
          "end": [
            593.58,
            1106.0255
          ],
          "path_start_px": 0.0,
          "path_end_px": 83.2,
          "length_px": 83.2,
          "internal_bends": 0
        }
      ],
      "svg-edge-0014": [
        {
          "kind": "whole",
          "start": [
            510.38,
            1572.0363
          ],
          "end": [
            593.58,
            1572.0363
          ],
          "path_start_px": 0.0,
          "path_end_px": 83.2,
          "length_px": 83.2,
          "internal_bends": 0
        }
      ],
      "svg-edge-0015": [
        {
          "kind": "prefix",
          "start": [
            362.0,
            1078.0255
          ],
          "end": [
            393.96,
            1078.0255
          ],
          "path_start_px": 0.0,
          "path_end_px": 31.96,
          "length_px": 31.96,
          "internal_bends": 0
        },
        {
          "kind": "suffix",
          "start": [
            393.96,
            1078.0255
          ],
          "end": [
            486.38,
            1078.0255
          ],
          "path_start_px": 31.96,
          "path_end_px": 124.38,
          "length_px": 92.42,
          "internal_bends": 0
        }
      ],
      "svg-edge-0016": [
        {
          "kind": "prefix",
          "start": [
            123.83,
            901.0147
          ],
          "end": [
            177.66,
            1134.0269
          ],
          "path_start_px": 0.0,
          "path_end_px": 286.8422,
          "length_px": 286.8422,
          "internal_bends": 1
        },
        {
          "kind": "interior",
          "start": [
            177.66,
            1134.0269
          ],
          "end": [
            187.66,
            1191.0324
          ],
          "path_start_px": 286.8422,
          "path_end_px": 353.8477,
          "length_px": 67.0055,
          "internal_bends": 1
        },
        {
          "kind": "interior",
          "start": [
            187.66,
            1191.0324
          ],
          "end": [
            197.66,
            1191.0324
          ],
          "path_start_px": 353.8477,
          "path_end_px": 363.8477,
          "length_px": 10.0,
          "internal_bends": 0
        },
        {
          "kind": "interior",
          "start": [
            197.66,
            1191.0324
          ],
          "end": [
            393.96,
            1191.0324
          ],
          "path_start_px": 363.8477,
          "path_end_px": 560.1477,
          "length_px": 196.3,
          "internal_bends": 0
        },
        {
          "kind": "suffix",
          "start": [
            393.96,
            1191.0324
          ],
          "end": [
            486.38,
            1134.0255
          ],
          "path_start_px": 560.1477,
          "path_end_px": 709.5746,
          "length_px": 149.4269,
          "internal_bends": 2
        }
      ],
      "svg-edge-0017": [
        {
          "kind": "whole",
          "start": [
            510.38,
            873.0147
          ],
          "end": [
            593.58,
            873.0147
          ],
          "path_start_px": 0.0,
          "path_end_px": 83.2,
          "length_px": 83.2,
          "internal_bends": 0
        }
      ],
      "svg-edge-0018": [
        {
          "kind": "whole",
          "start": [
            510.38,
            1805.0363
          ],
          "end": [
            593.58,
            1805.0363
          ],
          "path_start_px": 0.0,
          "path_end_px": 83.2,
          "length_px": 83.2,
          "internal_bends": 0
        }
      ],
      "svg-edge-0019": [
        {
          "kind": "whole",
          "start": [
            510.38,
            640.0039
          ],
          "end": [
            593.58,
            640.0039
          ],
          "path_start_px": 0.0,
          "path_end_px": 83.2,
          "length_px": 83.2,
          "internal_bends": 0
        }
      ],
      "svg-edge-0020": [
        {
          "kind": "whole",
          "start": [
            362.0,
            378.9931
          ],
          "end": [
            486.38,
            378.9931
          ],
          "path_start_px": 0.0,
          "path_end_px": 124.38,
          "length_px": 124.38,
          "internal_bends": 0
        }
      ],
      "svg-edge-0021": [
        {
          "kind": "prefix",
          "start": [
            123.83,
            612.0039
          ],
          "end": [
            177.66,
            612.0039
          ],
          "path_start_px": 0.0,
          "path_end_px": 53.83,
          "length_px": 53.83,
          "internal_bends": 0
        },
        {
          "kind": "suffix",
          "start": [
            177.66,
            612.0039
          ],
          "end": [
            486.38,
            434.9931
          ],
          "path_start_px": 53.83,
          "path_end_px": 539.5608,
          "length_px": 485.7308,
          "internal_bends": 4
        }
      ],
      "svg-edge-0022": [
        {
          "kind": "whole",
          "start": [
            289.85,
            434.9945
          ],
          "end": [
            338.0,
            434.9945
          ],
          "path_start_px": 0.0,
          "path_end_px": 48.15,
          "length_px": 48.15,
          "internal_bends": 0
        }
      ],
      "svg-edge-0023": [
        {
          "kind": "whole",
          "start": [
            510.38,
            1339.0255
          ],
          "end": [
            593.58,
            1339.0255
          ],
          "path_start_px": 0.0,
          "path_end_px": 83.2,
          "length_px": 83.2,
          "internal_bends": 0
        }
      ],
      "svg-edge-0024": [
        {
          "kind": "whole",
          "start": [
            289.85,
            1721.0349
          ],
          "end": [
            338.0,
            1721.0349
          ],
          "path_start_px": 0.0,
          "path_end_px": 48.15,
          "length_px": 48.15,
          "internal_bends": 0
        }
      ],
      "svg-edge-0025": [
        {
          "kind": "prefix",
          "start": [
            123.83,
            612.0039
          ],
          "end": [
            177.66,
            612.0039
          ],
          "path_start_px": 0.0,
          "path_end_px": 53.83,
          "length_px": 53.83,
          "internal_bends": 0
        },
        {
          "kind": "interior",
          "start": [
            177.66,
            612.0039
          ],
          "end": [
            187.66,
            958.0216
          ],
          "path_start_px": 53.83,
          "path_end_px": 409.8477,
          "length_px": 356.0177,
          "internal_bends": 1
        },
        {
          "kind": "interior",
          "start": [
            187.66,
            958.0216
          ],
          "end": [
            187.66,
            1134.0269
          ],
          "path_start_px": 409.8477,
          "path_end_px": 585.853,
          "length_px": 176.0053,
          "internal_bends": 0
        },
        {
          "kind": "interior",
          "start": [
            187.66,
            1134.0269
          ],
          "end": [
            187.66,
            1191.0324
          ],
          "path_start_px": 585.853,
          "path_end_px": 642.8585,
          "length_px": 57.0055,
          "internal_bends": 0
        },
        {
          "kind": "interior",
          "start": [
            187.66,
            1191.0324
          ],
          "end": [
            187.66,
            1255.0241
          ],
          "path_start_px": 642.8585,
          "path_end_px": 706.8502,
          "length_px": 63.9917,
          "internal_bends": 0
        },
        {
          "kind": "suffix",
          "start": [
            187.66,
            1255.0241
          ],
          "end": [
            338.0,
            1777.0363
          ],
          "path_start_px": 706.8502,
          "path_end_px": 1379.2024,
          "length_px": 672.3522,
          "internal_bends": 1
        }
      ],
      "svg-edge-0026": [
        {
          "kind": "whole",
          "start": [
            129.83,
            1833.0377
          ],
          "end": [
            338.0,
            1833.0377
          ],
          "path_start_px": 0.0,
          "path_end_px": 208.17,
          "length_px": 208.17,
          "internal_bends": 0
        }
      ],
      "svg-edge-0027": [
        {
          "kind": "prefix",
          "start": [
            362.0,
            1777.0363
          ],
          "end": [
            433.96,
            1777.0363
          ],
          "path_start_px": 0.0,
          "path_end_px": 71.96,
          "length_px": 71.96,
          "internal_bends": 0
        },
        {
          "kind": "suffix",
          "start": [
            433.96,
            1777.0363
          ],
          "end": [
            486.38,
            1777.0363
          ],
          "path_start_px": 71.96,
          "path_end_px": 124.38,
          "length_px": 52.42,
          "internal_bends": 0
        }
      ],
      "svg-edge-0028": [
        {
          "kind": "prefix",
          "start": [
            129.83,
            1134.0269
          ],
          "end": [
            177.66,
            1134.0269
          ],
          "path_start_px": 0.0,
          "path_end_px": 47.83,
          "length_px": 47.83,
          "internal_bends": 0
        },
        {
          "kind": "interior",
          "start": [
            177.66,
            1134.0269
          ],
          "end": [
            187.66,
            1134.0269
          ],
          "path_start_px": 47.83,
          "path_end_px": 57.83,
          "length_px": 10.0,
          "internal_bends": 0
        },
        {
          "kind": "interior",
          "start": [
            187.66,
            1134.0269
          ],
          "end": [
            197.66,
            1191.0324
          ],
          "path_start_px": 57.83,
          "path_end_px": 124.8355,
          "length_px": 67.0055,
          "internal_bends": 1
        },
        {
          "kind": "interior",
          "start": [
            197.66,
            1191.0324
          ],
          "end": [
            197.66,
            1255.0241
          ],
          "path_start_px": 124.8355,
          "path_end_px": 188.8272,
          "length_px": 63.9917,
          "internal_bends": 0
        },
        {
          "kind": "interior",
          "start": [
            197.66,
            1255.0241
          ],
          "end": [
            433.96,
            1544.0363
          ],
          "path_start_px": 188.8272,
          "path_end_px": 714.1394,
          "length_px": 525.3122,
          "internal_bends": 2
        },
        {
          "kind": "interior",
          "start": [
            433.96,
            1544.0363
          ],
          "end": [
            433.96,
            1777.0363
          ],
          "path_start_px": 714.1394,
          "path_end_px": 947.1394,
          "length_px": 233.0,
          "internal_bends": 0
        },
        {
          "kind": "suffix",
          "start": [
            433.96,
            1777.0363
          ],
          "end": [
            486.38,
            1833.0363
          ],
          "path_start_px": 947.1394,
          "path_end_px": 1055.5594,
          "length_px": 108.42,
          "internal_bends": 1
        }
      ],
      "svg-edge-0029": [
        {
          "kind": "whole",
          "start": [
            289.85,
            789.0133
          ],
          "end": [
            338.0,
            789.0133
          ],
          "path_start_px": 0.0,
          "path_end_px": 48.15,
          "length_px": 48.15,
          "internal_bends": 0
        }
      ],
      "svg-edge-0030": [
        {
          "kind": "whole",
          "start": [
            283.85,
            845.0147
          ],
          "end": [
            338.0,
            845.0147
          ],
          "path_start_px": 0.0,
          "path_end_px": 54.15,
          "length_px": 54.15,
          "internal_bends": 0
        }
      ],
      "svg-edge-0031": [
        {
          "kind": "prefix",
          "start": [
            129.83,
            1134.0269
          ],
          "end": [
            177.66,
            1134.0269
          ],
          "path_start_px": 0.0,
          "path_end_px": 47.83,
          "length_px": 47.83,
          "internal_bends": 0
        },
        {
          "kind": "interior",
          "start": [
            177.66,
            1134.0269
          ],
          "end": [
            187.66,
            1134.0269
          ],
          "path_start_px": 47.83,
          "path_end_px": 57.83,
          "length_px": 10.0,
          "internal_bends": 0
        },
        {
          "kind": "interior",
          "start": [
            187.66,
            1134.0269
          ],
          "end": [
            197.66,
            974.0324
          ],
          "path_start_px": 57.83,
          "path_end_px": 227.8245,
          "length_px": 169.9945,
          "internal_bends": 1
        },
        {
          "kind": "interior",
          "start": [
            197.66,
            974.0324
          ],
          "end": [
            197.66,
            958.0216
          ],
          "path_start_px": 227.8245,
          "path_end_px": 243.8353,
          "length_px": 16.0108,
          "internal_bends": 0
        },
        {
          "kind": "suffix",
          "start": [
            197.66,
            958.0216
          ],
          "end": [
            338.0,
            901.0161
          ],
          "path_start_px": 243.8353,
          "path_end_px": 441.1808,
          "length_px": 197.3455,
          "internal_bends": 1
        }
      ],
      "svg-edge-0032": [
        {
          "kind": "whole",
          "start": [
            289.85,
            1022.0241
          ],
          "end": [
            338.0,
            1022.0241
          ],
          "path_start_px": 0.0,
          "path_end_px": 48.15,
          "length_px": 48.15,
          "internal_bends": 0
        }
      ],
      "svg-edge-0033": [
        {
          "kind": "whole",
          "start": [
            289.85,
            556.0025
          ],
          "end": [
            338.0,
            556.0025
          ],
          "path_start_px": 0.0,
          "path_end_px": 48.15,
          "length_px": 48.15,
          "internal_bends": 0
        }
      ],
      "svg-edge-0034": [
        {
          "kind": "whole",
          "start": [
            289.85,
            1078.0255
          ],
          "end": [
            338.0,
            1078.0255
          ],
          "path_start_px": 0.0,
          "path_end_px": 48.15,
          "length_px": 48.15,
          "internal_bends": 0
        }
      ],
      "svg-edge-0035": [
        {
          "kind": "prefix",
          "start": [
            129.83,
            1134.0269
          ],
          "end": [
            177.66,
            1134.0269
          ],
          "path_start_px": 0.0,
          "path_end_px": 47.83,
          "length_px": 47.83,
          "internal_bends": 0
        },
        {
          "kind": "interior",
          "start": [
            177.66,
            1134.0269
          ],
          "end": [
            187.66,
            1134.0269
          ],
          "path_start_px": 47.83,
          "path_end_px": 57.83,
          "length_px": 10.0,
          "internal_bends": 0
        },
        {
          "kind": "suffix",
          "start": [
            187.66,
            1134.0269
          ],
          "end": [
            338.0,
            1134.0269
          ],
          "path_start_px": 57.83,
          "path_end_px": 208.17,
          "length_px": 150.34,
          "internal_bends": 0
        }
      ],
      "svg-edge-0036": [
        {
          "kind": "whole",
          "start": [
            289.85,
            1488.0349
          ],
          "end": [
            338.0,
            1488.0349
          ],
          "path_start_px": 0.0,
          "path_end_px": 48.15,
          "length_px": 48.15,
          "internal_bends": 0
        }
      ],
      "svg-edge-0037": [
        {
          "kind": "prefix",
          "start": [
            123.83,
            612.0039
          ],
          "end": [
            177.66,
            612.0039
          ],
          "path_start_px": 0.0,
          "path_end_px": 53.83,
          "length_px": 53.83,
          "internal_bends": 0
        },
        {
          "kind": "interior",
          "start": [
            177.66,
            612.0039
          ],
          "end": [
            187.66,
            958.0216
          ],
          "path_start_px": 53.83,
          "path_end_px": 409.8477,
          "length_px": 356.0177,
          "internal_bends": 1
        },
        {
          "kind": "interior",
          "start": [
            187.66,
            958.0216
          ],
          "end": [
            187.66,
            1134.0269
          ],
          "path_start_px": 409.8477,
          "path_end_px": 585.853,
          "length_px": 176.0053,
          "internal_bends": 0
        },
        {
          "kind": "interior",
          "start": [
            187.66,
            1134.0269
          ],
          "end": [
            187.66,
            1191.0324
          ],
          "path_start_px": 585.853,
          "path_end_px": 642.8585,
          "length_px": 57.0055,
          "internal_bends": 0
        },
        {
          "kind": "interior",
          "start": [
            187.66,
            1191.0324
          ],
          "end": [
            187.66,
            1255.0241
          ],
          "path_start_px": 642.8585,
          "path_end_px": 706.8502,
          "length_px": 63.9917,
          "internal_bends": 0
        },
        {
          "kind": "suffix",
          "start": [
            187.66,
            1255.0241
          ],
          "end": [
            338.0,
            1544.0363
          ],
          "path_start_px": 706.8502,
          "path_end_px": 1146.2024,
          "length_px": 439.3522,
          "internal_bends": 1
        }
      ],
      "svg-edge-0038": [
        {
          "kind": "whole",
          "start": [
            289.85,
            1600.0377
          ],
          "end": [
            338.0,
            1600.0377
          ],
          "path_start_px": 0.0,
          "path_end_px": 48.15,
          "length_px": 48.15,
          "internal_bends": 0
        }
      ],
      "svg-edge-0039": [
        {
          "kind": "prefix",
          "start": [
            362.0,
            1544.0363
          ],
          "end": [
            433.96,
            1544.0363
          ],
          "path_start_px": 0.0,
          "path_end_px": 71.96,
          "length_px": 71.96,
          "internal_bends": 0
        },
        {
          "kind": "suffix",
          "start": [
            433.96,
            1544.0363
          ],
          "end": [
            486.38,
            1544.0363
          ],
          "path_start_px": 71.96,
          "path_end_px": 124.38,
          "length_px": 52.42,
          "internal_bends": 0
        }
      ],
      "svg-edge-0040": [
        {
          "kind": "prefix",
          "start": [
            129.83,
            1134.0269
          ],
          "end": [
            177.66,
            1134.0269
          ],
          "path_start_px": 0.0,
          "path_end_px": 47.83,
          "length_px": 47.83,
          "internal_bends": 0
        },
        {
          "kind": "interior",
          "start": [
            177.66,
            1134.0269
          ],
          "end": [
            187.66,
            1134.0269
          ],
          "path_start_px": 47.83,
          "path_end_px": 57.83,
          "length_px": 10.0,
          "internal_bends": 0
        },
        {
          "kind": "interior",
          "start": [
            187.66,
            1134.0269
          ],
          "end": [
            197.66,
            1191.0324
          ],
          "path_start_px": 57.83,
          "path_end_px": 124.8355,
          "length_px": 67.0055,
          "internal_bends": 1
        },
        {
          "kind": "interior",
          "start": [
            197.66,
            1191.0324
          ],
          "end": [
            197.66,
            1255.0241
          ],
          "path_start_px": 124.8355,
          "path_end_px": 188.8272,
          "length_px": 63.9917,
          "internal_bends": 0
        },
        {
          "kind": "interior",
          "start": [
            197.66,
            1255.0241
          ],
          "end": [
            433.96,
            1544.0363
          ],
          "path_start_px": 188.8272,
          "path_end_px": 714.1394,
          "length_px": 525.3122,
          "internal_bends": 2
        },
        {
          "kind": "suffix",
          "start": [
            433.96,
            1544.0363
          ],
          "end": [
            486.38,
            1600.0363
          ],
          "path_start_px": 714.1394,
          "path_end_px": 822.5594,
          "length_px": 108.42,
          "internal_bends": 1
        }
      ],
      "svg-edge-0041": [
        {
          "kind": "whole",
          "start": [
            362.0,
            612.0039
          ],
          "end": [
            486.38,
            612.0039
          ],
          "path_start_px": 0.0,
          "path_end_px": 124.38,
          "length_px": 124.38,
          "internal_bends": 0
        }
      ],
      "svg-edge-0042": [
        {
          "kind": "prefix",
          "start": [
            129.83,
            1134.0269
          ],
          "end": [
            177.66,
            1134.0269
          ],
          "path_start_px": 0.0,
          "path_end_px": 47.83,
          "length_px": 47.83,
          "internal_bends": 0
        },
        {
          "kind": "interior",
          "start": [
            177.66,
            1134.0269
          ],
          "end": [
            187.66,
            1134.0269
          ],
          "path_start_px": 47.83,
          "path_end_px": 57.83,
          "length_px": 10.0,
          "internal_bends": 0
        },
        {
          "kind": "interior",
          "start": [
            187.66,
            1134.0269
          ],
          "end": [
            197.66,
            974.0324
          ],
          "path_start_px": 57.83,
          "path_end_px": 227.8245,
          "length_px": 169.9945,
          "internal_bends": 1
        },
        {
          "kind": "interior",
          "start": [
            197.66,
            974.0324
          ],
          "end": [
            197.66,
            958.0216
          ],
          "path_start_px": 227.8245,
          "path_end_px": 243.8353,
          "length_px": 16.0108,
          "internal_bends": 0
        },
        {
          "kind": "suffix",
          "start": [
            197.66,
            958.0216
          ],
          "end": [
            486.38,
            668.0039
          ],
          "path_start_px": 243.8353,
          "path_end_px": 822.573,
          "length_px": 578.7377,
          "internal_bends": 3
        }
      ],
      "svg-edge-0043": [
        {
          "kind": "prefix",
          "start": [
            123.83,
            612.0039
          ],
          "end": [
            177.66,
            612.0039
          ],
          "path_start_px": 0.0,
          "path_end_px": 53.83,
          "length_px": 53.83,
          "internal_bends": 0
        },
        {
          "kind": "suffix",
          "start": [
            177.66,
            612.0039
          ],
          "end": [
            338.0,
            612.0039
          ],
          "path_start_px": 53.83,
          "path_end_px": 214.17,
          "length_px": 160.34,
          "internal_bends": 0
        }
      ],
      "svg-edge-0044": [
        {
          "kind": "whole",
          "start": [
            289.85,
            668.0053
          ],
          "end": [
            338.0,
            668.0053
          ],
          "path_start_px": 0.0,
          "path_end_px": 48.15,
          "length_px": 48.15,
          "internal_bends": 0
        }
      ],
      "svg-edge-0045": [
        {
          "kind": "prefix",
          "start": [
            123.83,
            901.0147
          ],
          "end": [
            177.66,
            612.0039
          ],
          "path_start_px": 0.0,
          "path_end_px": 342.8408,
          "length_px": 342.8408,
          "internal_bends": 1
        },
        {
          "kind": "suffix",
          "start": [
            177.66,
            612.0039
          ],
          "end": [
            338.0,
            89.9917
          ],
          "path_start_px": 342.8408,
          "path_end_px": 1025.193,
          "length_px": 682.3522,
          "internal_bends": 1
        }
      ],
      "svg-edge-0046": [
        {
          "kind": "whole",
          "start": [
            289.85,
            145.9931
          ],
          "end": [
            338.0,
            145.9931
          ],
          "path_start_px": 0.0,
          "path_end_px": 48.15,
          "length_px": 48.15,
          "internal_bends": 0
        }
      ],
      "svg-edge-0047": [
        {
          "kind": "whole",
          "start": [
            283.85,
            201.9945
          ],
          "end": [
            338.0,
            201.9945
          ],
          "path_start_px": 0.0,
          "path_end_px": 54.15,
          "length_px": 54.15,
          "internal_bends": 0
        }
      ]
    },
    "downstream_corridor_tail_bend_witnesses": [],
    "adjacent_root_height_bend_witnesses": [],
    "mergeable_root_facility_witnesses": [],
    "regular_fanout_array_replication_witnesses": [],
    "shared_root_bus_fragmentation_witnesses": [],
    "root_fanout_axis_dominance_witnesses": [],
    "direct_root_fanin_column_witnesses": [],
    "raw_direct_root_fanin_column_witnesses": [],
    "feasible_direct_root_fanin_column_witnesses": [],
    "root_first_column_witnesses": []
  },
  "detected_issues": []
}
feedback layout oracle: symptom not observed: FB-BEND-014
