{
  "schema_version": 1,
  "input": "pad-r08-s00.json",
  "svg": "output.svg",
  "totals": {
    "logical_nodes": 43,
    "rendered_nodes": 43,
    "logical_edges": 48,
    "rendered_edges": 48,
    "proper_crossing_events": 41,
    "distinct_crossing_points": 15,
    "different_net_overlaps": 0,
    "bends": 46,
    "manhattan_length_px": 14213.0328
  },
  "roots": {
    "public_from": {
      "kind": "from",
      "outdegree": 6,
      "rendered_copies": 1
    },
    "public_gate": {
      "kind": "gate",
      "outdegree": 5,
      "rendered_copies": 1
    },
    "public_source": {
      "kind": "source",
      "outdegree": 5,
      "rendered_copies": 1
    },
    "sparse_00": {
      "kind": "source",
      "outdegree": 1,
      "rendered_copies": 1
    },
    "sparse_01": {
      "kind": "from",
      "outdegree": 1,
      "rendered_copies": 1
    },
    "sparse_02": {
      "kind": "gate",
      "outdegree": 1,
      "rendered_copies": 1
    },
    "sparse_03": {
      "kind": "source",
      "outdegree": 1,
      "rendered_copies": 1
    },
    "sparse_04": {
      "kind": "from",
      "outdegree": 1,
      "rendered_copies": 1
    },
    "sparse_05": {
      "kind": "gate",
      "outdegree": 1,
      "rendered_copies": 1
    },
    "sparse_06": {
      "kind": "source",
      "outdegree": 1,
      "rendered_copies": 1
    },
    "sparse_07": {
      "kind": "from",
      "outdegree": 1,
      "rendered_copies": 1
    },
    "sparse_08": {
      "kind": "gate",
      "outdegree": 1,
      "rendered_copies": 1
    },
    "sparse_09": {
      "kind": "source",
      "outdegree": 1,
      "rendered_copies": 1
    },
    "sparse_10": {
      "kind": "from",
      "outdegree": 1,
      "rendered_copies": 1
    },
    "sparse_11": {
      "kind": "gate",
      "outdegree": 1,
      "rendered_copies": 1
    },
    "sparse_12": {
      "kind": "source",
      "outdegree": 1,
      "rendered_copies": 1
    },
    "sparse_13": {
      "kind": "from",
      "outdegree": 1,
      "rendered_copies": 1
    },
    "sparse_14": {
      "kind": "gate",
      "outdegree": 1,
      "rendered_copies": 1
    },
    "sparse_15": {
      "kind": "source",
      "outdegree": 1,
      "rendered_copies": 1
    }
  },
  "nodes": {
    "clock_00": {
      "kind": "clock",
      "incoming_edges": 1,
      "outgoing_edges": 0,
      "direct_downstream_nodes": 0,
      "source_port_nets": 0,
      "rendering_anchors": 1,
      "is_root": false,
      "is_terminal": true,
      "manhattan_length_px": 0,
      "bends_total": 0,
      "crossing_points": 0,
      "crossing_pair_incidents": 0,
      "crossed_edge_count": 0
    },
    "clock_01": {
      "kind": "clock",
      "incoming_edges": 1,
      "outgoing_edges": 0,
      "direct_downstream_nodes": 0,
      "source_port_nets": 0,
      "rendering_anchors": 1,
      "is_root": false,
      "is_terminal": true,
      "manhattan_length_px": 0,
      "bends_total": 0,
      "crossing_points": 0,
      "crossing_pair_incidents": 0,
      "crossed_edge_count": 0
    },
    "clock_02": {
      "kind": "clock",
      "incoming_edges": 1,
      "outgoing_edges": 0,
      "direct_downstream_nodes": 0,
      "source_port_nets": 0,
      "rendering_anchors": 1,
      "is_root": false,
      "is_terminal": true,
      "manhattan_length_px": 0,
      "bends_total": 0,
      "crossing_points": 0,
      "crossing_pair_incidents": 0,
      "crossed_edge_count": 0
    },
    "clock_03": {
      "kind": "clock",
      "incoming_edges": 1,
      "outgoing_edges": 0,
      "direct_downstream_nodes": 0,
      "source_port_nets": 0,
      "rendering_anchors": 1,
      "is_root": false,
      "is_terminal": true,
      "manhattan_length_px": 0,
      "bends_total": 0,
      "crossing_points": 0,
      "crossing_pair_incidents": 0,
      "crossed_edge_count": 0
    },
    "clock_04": {
      "kind": "clock",
      "incoming_edges": 1,
      "outgoing_edges": 0,
      "direct_downstream_nodes": 0,
      "source_port_nets": 0,
      "rendering_anchors": 1,
      "is_root": false,
      "is_terminal": true,
      "manhattan_length_px": 0,
      "bends_total": 0,
      "crossing_points": 0,
      "crossing_pair_incidents": 0,
      "crossed_edge_count": 0
    },
    "clock_05": {
      "kind": "clock",
      "incoming_edges": 1,
      "outgoing_edges": 0,
      "direct_downstream_nodes": 0,
      "source_port_nets": 0,
      "rendering_anchors": 1,
      "is_root": false,
      "is_terminal": true,
      "manhattan_length_px": 0,
      "bends_total": 0,
      "crossing_points": 0,
      "crossing_pair_incidents": 0,
      "crossed_edge_count": 0
    },
    "clock_06": {
      "kind": "clock",
      "incoming_edges": 1,
      "outgoing_edges": 0,
      "direct_downstream_nodes": 0,
      "source_port_nets": 0,
      "rendering_anchors": 1,
      "is_root": false,
      "is_terminal": true,
      "manhattan_length_px": 0,
      "bends_total": 0,
      "crossing_points": 0,
      "crossing_pair_incidents": 0,
      "crossed_edge_count": 0
    },
    "clock_07": {
      "kind": "clock",
      "incoming_edges": 1,
      "outgoing_edges": 0,
      "direct_downstream_nodes": 0,
      "source_port_nets": 0,
      "rendering_anchors": 1,
      "is_root": false,
      "is_terminal": true,
      "manhattan_length_px": 0,
      "bends_total": 0,
      "crossing_points": 0,
      "crossing_pair_incidents": 0,
      "crossed_edge_count": 0
    },
    "mux_after_00": {
      "kind": "mux2",
      "incoming_edges": 2,
      "outgoing_edges": 1,
      "direct_downstream_nodes": 1,
      "source_port_nets": 1,
      "rendering_anchors": 1,
      "is_root": false,
      "is_terminal": false,
      "manhattan_length_px": 83.2,
      "bends_total": 0,
      "crossing_points": 0,
      "crossing_pair_incidents": 0,
      "crossed_edge_count": 0
    },
    "mux_after_01": {
      "kind": "mux2",
      "incoming_edges": 2,
      "outgoing_edges": 1,
      "direct_downstream_nodes": 1,
      "source_port_nets": 1,
      "rendering_anchors": 1,
      "is_root": false,
      "is_terminal": false,
      "manhattan_length_px": 83.2,
      "bends_total": 0,
      "crossing_points": 0,
      "crossing_pair_incidents": 0,
      "crossed_edge_count": 0
    },
    "mux_after_02": {
      "kind": "mux2",
      "incoming_edges": 2,
      "outgoing_edges": 1,
      "direct_downstream_nodes": 1,
      "source_port_nets": 1,
      "rendering_anchors": 1,
      "is_root": false,
      "is_terminal": false,
      "manhattan_length_px": 83.2,
      "bends_total": 0,
      "crossing_points": 0,
      "crossing_pair_incidents": 0,
      "crossed_edge_count": 0
    },
    "mux_after_03": {
      "kind": "mux2",
      "incoming_edges": 2,
      "outgoing_edges": 1,
      "direct_downstream_nodes": 1,
      "source_port_nets": 1,
      "rendering_anchors": 1,
      "is_root": false,
      "is_terminal": false,
      "manhattan_length_px": 83.2,
      "bends_total": 0,
      "crossing_points": 0,
      "crossing_pair_incidents": 0,
      "crossed_edge_count": 0
    },
    "mux_after_04": {
      "kind": "mux2",
      "incoming_edges": 2,
      "outgoing_edges": 1,
      "direct_downstream_nodes": 1,
      "source_port_nets": 1,
      "rendering_anchors": 1,
      "is_root": false,
      "is_terminal": false,
      "manhattan_length_px": 83.2,
      "bends_total": 0,
      "crossing_points": 0,
      "crossing_pair_incidents": 0,
      "crossed_edge_count": 0
    },
    "mux_after_05": {
      "kind": "mux2",
      "incoming_edges": 2,
      "outgoing_edges": 1,
      "direct_downstream_nodes": 1,
      "source_port_nets": 1,
      "rendering_anchors": 1,
      "is_root": false,
      "is_terminal": false,
      "manhattan_length_px": 83.2,
      "bends_total": 0,
      "crossing_points": 0,
      "crossing_pair_incidents": 0,
      "crossed_edge_count": 0
    },
    "mux_after_06": {
      "kind": "mux2",
      "incoming_edges": 2,
      "outgoing_edges": 1,
      "direct_downstream_nodes": 1,
      "source_port_nets": 1,
      "rendering_anchors": 1,
      "is_root": false,
      "is_terminal": false,
      "manhattan_length_px": 83.2,
      "bends_total": 0,
      "crossing_points": 0,
      "crossing_pair_incidents": 0,
      "crossed_edge_count": 0
    },
    "mux_after_07": {
      "kind": "mux2",
      "incoming_edges": 2,
      "outgoing_edges": 1,
      "direct_downstream_nodes": 1,
      "source_port_nets": 1,
      "rendering_anchors": 1,
      "is_root": false,
      "is_terminal": false,
      "manhattan_length_px": 83.2,
      "bends_total": 0,
      "crossing_points": 0,
      "crossing_pair_incidents": 0,
      "crossed_edge_count": 0
    },
    "pad_00": {
      "kind": "pad3",
      "incoming_edges": 3,
      "outgoing_edges": 1,
      "direct_downstream_nodes": 1,
      "source_port_nets": 1,
      "rendering_anchors": 1,
      "is_root": false,
      "is_terminal": false,
      "manhattan_length_px": 114.38,
      "bends_total": 0,
      "crossing_points": 0,
      "crossing_pair_incidents": 0,
      "crossed_edge_count": 0
    },
    "pad_01": {
      "kind": "pad3",
      "incoming_edges": 3,
      "outgoing_edges": 1,
      "direct_downstream_nodes": 1,
      "source_port_nets": 1,
      "rendering_anchors": 1,
      "is_root": false,
      "is_terminal": false,
      "manhattan_length_px": 114.38,
      "bends_total": 0,
      "crossing_points": 2,
      "crossing_pair_incidents": 2,
      "crossed_edge_count": 2
    },
    "pad_02": {
      "kind": "pad3",
      "incoming_edges": 3,
      "outgoing_edges": 1,
      "direct_downstream_nodes": 1,
      "source_port_nets": 1,
      "rendering_anchors": 1,
      "is_root": false,
      "is_terminal": false,
      "manhattan_length_px": 114.38,
      "bends_total": 0,
      "crossing_points": 0,
      "crossing_pair_incidents": 0,
      "crossed_edge_count": 0
    },
    "pad_03": {
      "kind": "pad3",
      "incoming_edges": 3,
      "outgoing_edges": 1,
      "direct_downstream_nodes": 1,
      "source_port_nets": 1,
      "rendering_anchors": 1,
      "is_root": false,
      "is_terminal": false,
      "manhattan_length_px": 114.38,
      "bends_total": 0,
      "crossing_points": 0,
      "crossing_pair_incidents": 0,
      "crossed_edge_count": 0
    },
    "pad_04": {
      "kind": "pad3",
      "incoming_edges": 3,
      "outgoing_edges": 1,
      "direct_downstream_nodes": 1,
      "source_port_nets": 1,
      "rendering_anchors": 1,
      "is_root": false,
      "is_terminal": false,
      "manhattan_length_px": 114.38,
      "bends_total": 0,
      "crossing_points": 2,
      "crossing_pair_incidents": 3,
      "crossed_edge_count": 3
    },
    "pad_05": {
      "kind": "pad3",
      "incoming_edges": 3,
      "outgoing_edges": 1,
      "direct_downstream_nodes": 1,
      "source_port_nets": 1,
      "rendering_anchors": 1,
      "is_root": false,
      "is_terminal": false,
      "manhattan_length_px": 114.38,
      "bends_total": 0,
      "crossing_points": 0,
      "crossing_pair_incidents": 0,
      "crossed_edge_count": 0
    },
    "pad_06": {
      "kind": "pad3",
      "incoming_edges": 3,
      "outgoing_edges": 1,
      "direct_downstream_nodes": 1,
      "source_port_nets": 1,
      "rendering_anchors": 1,
      "is_root": false,
      "is_terminal": false,
      "manhattan_length_px": 114.38,
      "bends_total": 0,
      "crossing_points": 1,
      "crossing_pair_incidents": 1,
      "crossed_edge_count": 1
    },
    "pad_07": {
      "kind": "pad3",
      "incoming_edges": 3,
      "outgoing_edges": 1,
      "direct_downstream_nodes": 1,
      "source_port_nets": 1,
      "rendering_anchors": 1,
      "is_root": false,
      "is_terminal": false,
      "manhattan_length_px": 114.38,
      "bends_total": 0,
      "crossing_points": 0,
      "crossing_pair_incidents": 0,
      "crossed_edge_count": 0
    },
    "public_from": {
      "kind": "from",
      "incoming_edges": 0,
      "outgoing_edges": 6,
      "direct_downstream_nodes": 6,
      "source_port_nets": 1,
      "rendering_anchors": 1,
      "is_root": true,
      "is_terminal": false,
      "manhattan_length_px": 3880.2246,
      "bends_total": 18,
      "crossing_points": 9,
      "crossing_pair_incidents": 23,
      "crossed_edge_count": 8
    },
    "public_gate": {
      "kind": "gate",
      "incoming_edges": 0,
      "outgoing_edges": 5,
      "direct_downstream_nodes": 5,
      "source_port_nets": 1,
      "rendering_anchors": 1,
      "is_root": true,
      "is_terminal": false,
      "manhattan_length_px": 4012.0578,
      "bends_total": 16,
      "crossing_points": 10,
      "crossing_pair_incidents": 30,
      "crossed_edge_count": 11
    },
    "public_source": {
      "kind": "source",
      "incoming_edges": 0,
      "outgoing_edges": 5,
      "direct_downstream_nodes": 5,
      "source_port_nets": 1,
      "rendering_anchors": 1,
      "is_root": true,
      "is_terminal": false,
      "manhattan_length_px": 3453.6504,
      "bends_total": 12,
      "crossing_points": 6,
      "crossing_pair_incidents": 23,
      "crossed_edge_count": 11
    },
    "sparse_00": {
      "kind": "source",
      "incoming_edges": 0,
      "outgoing_edges": 1,
      "direct_downstream_nodes": 1,
      "source_port_nets": 1,
      "rendering_anchors": 1,
      "is_root": true,
      "is_terminal": false,
      "manhattan_length_px": 54.15,
      "bends_total": 0,
      "crossing_points": 0,
      "crossing_pair_incidents": 0,
      "crossed_edge_count": 0
    },
    "sparse_01": {
      "kind": "from",
      "incoming_edges": 0,
      "outgoing_edges": 1,
      "direct_downstream_nodes": 1,
      "source_port_nets": 1,
      "rendering_anchors": 1,
      "is_root": true,
      "is_terminal": false,
      "manhattan_length_px": 48.15,
      "bends_total": 0,
      "crossing_points": 0,
      "crossing_pair_incidents": 0,
      "crossed_edge_count": 0
    },
    "sparse_02": {
      "kind": "gate",
      "incoming_edges": 0,
      "outgoing_edges": 1,
      "direct_downstream_nodes": 1,
      "source_port_nets": 1,
      "rendering_anchors": 1,
      "is_root": true,
      "is_terminal": false,
      "manhattan_length_px": 48.15,
      "bends_total": 0,
      "crossing_points": 0,
      "crossing_pair_incidents": 0,
      "crossed_edge_count": 0
    },
    "sparse_03": {
      "kind": "source",
      "incoming_edges": 0,
      "outgoing_edges": 1,
      "direct_downstream_nodes": 1,
      "source_port_nets": 1,
      "rendering_anchors": 1,
      "is_root": true,
      "is_terminal": false,
      "manhattan_length_px": 214.17,
      "bends_total": 0,
      "crossing_points": 0,
      "crossing_pair_incidents": 0,
      "crossed_edge_count": 0
    },
    "sparse_04": {
      "kind": "from",
      "incoming_edges": 0,
      "outgoing_edges": 1,
      "direct_downstream_nodes": 1,
      "source_port_nets": 1,
      "rendering_anchors": 1,
      "is_root": true,
      "is_terminal": false,
      "manhattan_length_px": 48.15,
      "bends_total": 0,
      "crossing_points": 0,
      "crossing_pair_incidents": 0,
      "crossed_edge_count": 0
    },
    "sparse_05": {
      "kind": "gate",
      "incoming_edges": 0,
      "outgoing_edges": 1,
      "direct_downstream_nodes": 1,
      "source_port_nets": 1,
      "rendering_anchors": 1,
      "is_root": true,
      "is_terminal": false,
      "manhattan_length_px": 48.15,
      "bends_total": 0,
      "crossing_points": 0,
      "crossing_pair_incidents": 0,
      "crossed_edge_count": 0
    },
    "sparse_06": {
      "kind": "source",
      "incoming_edges": 0,
      "outgoing_edges": 1,
      "direct_downstream_nodes": 1,
      "source_port_nets": 1,
      "rendering_anchors": 1,
      "is_root": true,
      "is_terminal": false,
      "manhattan_length_px": 54.15,
      "bends_total": 0,
      "crossing_points": 0,
      "crossing_pair_incidents": 0,
      "crossed_edge_count": 0
    },
    "sparse_07": {
      "kind": "from",
      "incoming_edges": 0,
      "outgoing_edges": 1,
      "direct_downstream_nodes": 1,
      "source_port_nets": 1,
      "rendering_anchors": 1,
      "is_root": true,
      "is_terminal": false,
      "manhattan_length_px": 48.15,
      "bends_total": 0,
      "crossing_points": 0,
      "crossing_pair_incidents": 0,
      "crossed_edge_count": 0
    },
    "sparse_08": {
      "kind": "gate",
      "incoming_edges": 0,
      "outgoing_edges": 1,
      "direct_downstream_nodes": 1,
      "source_port_nets": 1,
      "rendering_anchors": 1,
      "is_root": true,
      "is_terminal": false,
      "manhattan_length_px": 48.15,
      "bends_total": 0,
      "crossing_points": 0,
      "crossing_pair_incidents": 0,
      "crossed_edge_count": 0
    },
    "sparse_09": {
      "kind": "source",
      "incoming_edges": 0,
      "outgoing_edges": 1,
      "direct_downstream_nodes": 1,
      "source_port_nets": 1,
      "rendering_anchors": 1,
      "is_root": true,
      "is_terminal": false,
      "manhattan_length_px": 54.15,
      "bends_total": 0,
      "crossing_points": 0,
      "crossing_pair_incidents": 0,
      "crossed_edge_count": 0
    },
    "sparse_10": {
      "kind": "from",
      "incoming_edges": 0,
      "outgoing_edges": 1,
      "direct_downstream_nodes": 1,
      "source_port_nets": 1,
      "rendering_anchors": 1,
      "is_root": true,
      "is_terminal": false,
      "manhattan_length_px": 48.15,
      "bends_total": 0,
      "crossing_points": 0,
      "crossing_pair_incidents": 0,
      "crossed_edge_count": 0
    },
    "sparse_11": {
      "kind": "gate",
      "incoming_edges": 0,
      "outgoing_edges": 1,
      "direct_downstream_nodes": 1,
      "source_port_nets": 1,
      "rendering_anchors": 1,
      "is_root": true,
      "is_terminal": false,
      "manhattan_length_px": 208.17,
      "bends_total": 0,
      "crossing_points": 0,
      "crossing_pair_incidents": 0,
      "crossed_edge_count": 0
    },
    "sparse_12": {
      "kind": "source",
      "incoming_edges": 0,
      "outgoing_edges": 1,
      "direct_downstream_nodes": 1,
      "source_port_nets": 1,
      "rendering_anchors": 1,
      "is_root": true,
      "is_terminal": false,
      "manhattan_length_px": 214.17,
      "bends_total": 0,
      "crossing_points": 0,
      "crossing_pair_incidents": 0,
      "crossed_edge_count": 0
    },
    "sparse_13": {
      "kind": "from",
      "incoming_edges": 0,
      "outgoing_edges": 1,
      "direct_downstream_nodes": 1,
      "source_port_nets": 1,
      "rendering_anchors": 1,
      "is_root": true,
      "is_terminal": false,
      "manhattan_length_px": 48.15,
      "bends_total": 0,
      "crossing_points": 0,
      "crossing_pair_incidents": 0,
      "crossed_edge_count": 0
    },
    "sparse_14": {
      "kind": "gate",
      "incoming_edges": 0,
      "outgoing_edges": 1,
      "direct_downstream_nodes": 1,
      "source_port_nets": 1,
      "rendering_anchors": 1,
      "is_root": true,
      "is_terminal": false,
      "manhattan_length_px": 48.15,
      "bends_total": 0,
      "crossing_points": 0,
      "crossing_pair_incidents": 0,
      "crossed_edge_count": 0
    },
    "sparse_15": {
      "kind": "source",
      "incoming_edges": 0,
      "outgoing_edges": 1,
      "direct_downstream_nodes": 1,
      "source_port_nets": 1,
      "rendering_anchors": 1,
      "is_root": true,
      "is_terminal": false,
      "manhattan_length_px": 54.15,
      "bends_total": 0,
      "crossing_points": 0,
      "crossing_pair_incidents": 0,
      "crossed_edge_count": 0
    }
  },
  "networks": {
    "mux_after_00:right": {
      "source": "mux_after_00",
      "source_port": "right",
      "edges": 1,
      "rendering_anchors": 1,
      "branch_count": 0,
      "crossing_points": 0,
      "crossing_pair_incidents": 0,
      "crossed_edge_count": 0,
      "manhattan_length_px": 83.2,
      "horizontal_length_px": 83.2,
      "vertical_length_px": 0,
      "bends_total": 0,
      "bends_max_per_edge": 0,
      "split_rejoin": false
    },
    "mux_after_01:right": {
      "source": "mux_after_01",
      "source_port": "right",
      "edges": 1,
      "rendering_anchors": 1,
      "branch_count": 0,
      "crossing_points": 0,
      "crossing_pair_incidents": 0,
      "crossed_edge_count": 0,
      "manhattan_length_px": 83.2,
      "horizontal_length_px": 83.2,
      "vertical_length_px": 0,
      "bends_total": 0,
      "bends_max_per_edge": 0,
      "split_rejoin": false
    },
    "mux_after_02:right": {
      "source": "mux_after_02",
      "source_port": "right",
      "edges": 1,
      "rendering_anchors": 1,
      "branch_count": 0,
      "crossing_points": 0,
      "crossing_pair_incidents": 0,
      "crossed_edge_count": 0,
      "manhattan_length_px": 83.2,
      "horizontal_length_px": 83.2,
      "vertical_length_px": 0,
      "bends_total": 0,
      "bends_max_per_edge": 0,
      "split_rejoin": false
    },
    "mux_after_03:right": {
      "source": "mux_after_03",
      "source_port": "right",
      "edges": 1,
      "rendering_anchors": 1,
      "branch_count": 0,
      "crossing_points": 0,
      "crossing_pair_incidents": 0,
      "crossed_edge_count": 0,
      "manhattan_length_px": 83.2,
      "horizontal_length_px": 83.2,
      "vertical_length_px": 0,
      "bends_total": 0,
      "bends_max_per_edge": 0,
      "split_rejoin": false
    },
    "mux_after_04:right": {
      "source": "mux_after_04",
      "source_port": "right",
      "edges": 1,
      "rendering_anchors": 1,
      "branch_count": 0,
      "crossing_points": 0,
      "crossing_pair_incidents": 0,
      "crossed_edge_count": 0,
      "manhattan_length_px": 83.2,
      "horizontal_length_px": 83.2,
      "vertical_length_px": 0,
      "bends_total": 0,
      "bends_max_per_edge": 0,
      "split_rejoin": false
    },
    "mux_after_05:right": {
      "source": "mux_after_05",
      "source_port": "right",
      "edges": 1,
      "rendering_anchors": 1,
      "branch_count": 0,
      "crossing_points": 0,
      "crossing_pair_incidents": 0,
      "crossed_edge_count": 0,
      "manhattan_length_px": 83.2,
      "horizontal_length_px": 83.2,
      "vertical_length_px": 0,
      "bends_total": 0,
      "bends_max_per_edge": 0,
      "split_rejoin": false
    },
    "mux_after_06:right": {
      "source": "mux_after_06",
      "source_port": "right",
      "edges": 1,
      "rendering_anchors": 1,
      "branch_count": 0,
      "crossing_points": 0,
      "crossing_pair_incidents": 0,
      "crossed_edge_count": 0,
      "manhattan_length_px": 83.2,
      "horizontal_length_px": 83.2,
      "vertical_length_px": 0,
      "bends_total": 0,
      "bends_max_per_edge": 0,
      "split_rejoin": false
    },
    "mux_after_07:right": {
      "source": "mux_after_07",
      "source_port": "right",
      "edges": 1,
      "rendering_anchors": 1,
      "branch_count": 0,
      "crossing_points": 0,
      "crossing_pair_incidents": 0,
      "crossed_edge_count": 0,
      "manhattan_length_px": 83.2,
      "horizontal_length_px": 83.2,
      "vertical_length_px": 0,
      "bends_total": 0,
      "bends_max_per_edge": 0,
      "split_rejoin": false
    },
    "pad_00:right": {
      "source": "pad_00",
      "source_port": "right",
      "edges": 1,
      "rendering_anchors": 1,
      "branch_count": 0,
      "crossing_points": 0,
      "crossing_pair_incidents": 0,
      "crossed_edge_count": 0,
      "manhattan_length_px": 114.38,
      "horizontal_length_px": 114.38,
      "vertical_length_px": 0,
      "bends_total": 0,
      "bends_max_per_edge": 0,
      "split_rejoin": false
    },
    "pad_01:right": {
      "source": "pad_01",
      "source_port": "right",
      "edges": 1,
      "rendering_anchors": 1,
      "branch_count": 0,
      "crossing_points": 2,
      "crossing_pair_incidents": 2,
      "crossed_edge_count": 2,
      "manhattan_length_px": 114.38,
      "horizontal_length_px": 114.38,
      "vertical_length_px": 0,
      "bends_total": 0,
      "bends_max_per_edge": 0,
      "split_rejoin": false
    },
    "pad_02:right": {
      "source": "pad_02",
      "source_port": "right",
      "edges": 1,
      "rendering_anchors": 1,
      "branch_count": 0,
      "crossing_points": 0,
      "crossing_pair_incidents": 0,
      "crossed_edge_count": 0,
      "manhattan_length_px": 114.38,
      "horizontal_length_px": 114.38,
      "vertical_length_px": 0,
      "bends_total": 0,
      "bends_max_per_edge": 0,
      "split_rejoin": false
    },
    "pad_03:right": {
      "source": "pad_03",
      "source_port": "right",
      "edges": 1,
      "rendering_anchors": 1,
      "branch_count": 0,
      "crossing_points": 0,
      "crossing_pair_incidents": 0,
      "crossed_edge_count": 0,
      "manhattan_length_px": 114.38,
      "horizontal_length_px": 114.38,
      "vertical_length_px": 0,
      "bends_total": 0,
      "bends_max_per_edge": 0,
      "split_rejoin": false
    },
    "pad_04:right": {
      "source": "pad_04",
      "source_port": "right",
      "edges": 1,
      "rendering_anchors": 1,
      "branch_count": 0,
      "crossing_points": 2,
      "crossing_pair_incidents": 3,
      "crossed_edge_count": 3,
      "manhattan_length_px": 114.38,
      "horizontal_length_px": 114.38,
      "vertical_length_px": 0,
      "bends_total": 0,
      "bends_max_per_edge": 0,
      "split_rejoin": false
    },
    "pad_05:right": {
      "source": "pad_05",
      "source_port": "right",
      "edges": 1,
      "rendering_anchors": 1,
      "branch_count": 0,
      "crossing_points": 0,
      "crossing_pair_incidents": 0,
      "crossed_edge_count": 0,
      "manhattan_length_px": 114.38,
      "horizontal_length_px": 114.38,
      "vertical_length_px": 0,
      "bends_total": 0,
      "bends_max_per_edge": 0,
      "split_rejoin": false
    },
    "pad_06:right": {
      "source": "pad_06",
      "source_port": "right",
      "edges": 1,
      "rendering_anchors": 1,
      "branch_count": 0,
      "crossing_points": 1,
      "crossing_pair_incidents": 1,
      "crossed_edge_count": 1,
      "manhattan_length_px": 114.38,
      "horizontal_length_px": 114.38,
      "vertical_length_px": 0,
      "bends_total": 0,
      "bends_max_per_edge": 0,
      "split_rejoin": false
    },
    "pad_07:right": {
      "source": "pad_07",
      "source_port": "right",
      "edges": 1,
      "rendering_anchors": 1,
      "branch_count": 0,
      "crossing_points": 0,
      "crossing_pair_incidents": 0,
      "crossed_edge_count": 0,
      "manhattan_length_px": 114.38,
      "horizontal_length_px": 114.38,
      "vertical_length_px": 0,
      "bends_total": 0,
      "bends_max_per_edge": 0,
      "split_rejoin": false
    },
    "public_from:right": {
      "source": "public_from",
      "source_port": "right",
      "edges": 6,
      "rendering_anchors": 1,
      "branch_count": 5,
      "crossing_points": 9,
      "crossing_pair_incidents": 23,
      "crossed_edge_count": 8,
      "manhattan_length_px": 3880.2246,
      "horizontal_length_px": 1664.16,
      "vertical_length_px": 2216.0646,
      "bends_total": 18,
      "bends_max_per_edge": 4,
      "split_rejoin": false
    },
    "public_gate:right": {
      "source": "public_gate",
      "source_port": "right",
      "edges": 5,
      "rendering_anchors": 1,
      "branch_count": 4,
      "crossing_points": 10,
      "crossing_pair_incidents": 30,
      "crossed_edge_count": 11,
      "manhattan_length_px": 4012.0578,
      "horizontal_length_px": 1455.99,
      "vertical_length_px": 2556.0678,
      "bends_total": 16,
      "bends_max_per_edge": 4,
      "split_rejoin": false
    },
    "public_source:right": {
      "source": "public_source",
      "source_port": "right",
      "edges": 5,
      "rendering_anchors": 1,
      "branch_count": 4,
      "crossing_points": 6,
      "crossing_pair_incidents": 23,
      "crossed_edge_count": 11,
      "manhattan_length_px": 3453.6504,
      "horizontal_length_px": 1347.61,
      "vertical_length_px": 2106.0404,
      "bends_total": 12,
      "bends_max_per_edge": 4,
      "split_rejoin": false
    },
    "sparse_00:right": {
      "source": "sparse_00",
      "source_port": "right",
      "edges": 1,
      "rendering_anchors": 1,
      "branch_count": 0,
      "crossing_points": 0,
      "crossing_pair_incidents": 0,
      "crossed_edge_count": 0,
      "manhattan_length_px": 54.15,
      "horizontal_length_px": 54.15,
      "vertical_length_px": 0,
      "bends_total": 0,
      "bends_max_per_edge": 0,
      "split_rejoin": false
    },
    "sparse_01:right": {
      "source": "sparse_01",
      "source_port": "right",
      "edges": 1,
      "rendering_anchors": 1,
      "branch_count": 0,
      "crossing_points": 0,
      "crossing_pair_incidents": 0,
      "crossed_edge_count": 0,
      "manhattan_length_px": 48.15,
      "horizontal_length_px": 48.15,
      "vertical_length_px": 0,
      "bends_total": 0,
      "bends_max_per_edge": 0,
      "split_rejoin": false
    },
    "sparse_02:right": {
      "source": "sparse_02",
      "source_port": "right",
      "edges": 1,
      "rendering_anchors": 1,
      "branch_count": 0,
      "crossing_points": 0,
      "crossing_pair_incidents": 0,
      "crossed_edge_count": 0,
      "manhattan_length_px": 48.15,
      "horizontal_length_px": 48.15,
      "vertical_length_px": 0,
      "bends_total": 0,
      "bends_max_per_edge": 0,
      "split_rejoin": false
    },
    "sparse_03:right": {
      "source": "sparse_03",
      "source_port": "right",
      "edges": 1,
      "rendering_anchors": 1,
      "branch_count": 0,
      "crossing_points": 0,
      "crossing_pair_incidents": 0,
      "crossed_edge_count": 0,
      "manhattan_length_px": 214.17,
      "horizontal_length_px": 214.17,
      "vertical_length_px": 0,
      "bends_total": 0,
      "bends_max_per_edge": 0,
      "split_rejoin": false
    },
    "sparse_04:right": {
      "source": "sparse_04",
      "source_port": "right",
      "edges": 1,
      "rendering_anchors": 1,
      "branch_count": 0,
      "crossing_points": 0,
      "crossing_pair_incidents": 0,
      "crossed_edge_count": 0,
      "manhattan_length_px": 48.15,
      "horizontal_length_px": 48.15,
      "vertical_length_px": 0,
      "bends_total": 0,
      "bends_max_per_edge": 0,
      "split_rejoin": false
    },
    "sparse_05:right": {
      "source": "sparse_05",
      "source_port": "right",
      "edges": 1,
      "rendering_anchors": 1,
      "branch_count": 0,
      "crossing_points": 0,
      "crossing_pair_incidents": 0,
      "crossed_edge_count": 0,
      "manhattan_length_px": 48.15,
      "horizontal_length_px": 48.15,
      "vertical_length_px": 0,
      "bends_total": 0,
      "bends_max_per_edge": 0,
      "split_rejoin": false
    },
    "sparse_06:right": {
      "source": "sparse_06",
      "source_port": "right",
      "edges": 1,
      "rendering_anchors": 1,
      "branch_count": 0,
      "crossing_points": 0,
      "crossing_pair_incidents": 0,
      "crossed_edge_count": 0,
      "manhattan_length_px": 54.15,
      "horizontal_length_px": 54.15,
      "vertical_length_px": 0,
      "bends_total": 0,
      "bends_max_per_edge": 0,
      "split_rejoin": false
    },
    "sparse_07:right": {
      "source": "sparse_07",
      "source_port": "right",
      "edges": 1,
      "rendering_anchors": 1,
      "branch_count": 0,
      "crossing_points": 0,
      "crossing_pair_incidents": 0,
      "crossed_edge_count": 0,
      "manhattan_length_px": 48.15,
      "horizontal_length_px": 48.15,
      "vertical_length_px": 0,
      "bends_total": 0,
      "bends_max_per_edge": 0,
      "split_rejoin": false
    },
    "sparse_08:right": {
      "source": "sparse_08",
      "source_port": "right",
      "edges": 1,
      "rendering_anchors": 1,
      "branch_count": 0,
      "crossing_points": 0,
      "crossing_pair_incidents": 0,
      "crossed_edge_count": 0,
      "manhattan_length_px": 48.15,
      "horizontal_length_px": 48.15,
      "vertical_length_px": 0,
      "bends_total": 0,
      "bends_max_per_edge": 0,
      "split_rejoin": false
    },
    "sparse_09:right": {
      "source": "sparse_09",
      "source_port": "right",
      "edges": 1,
      "rendering_anchors": 1,
      "branch_count": 0,
      "crossing_points": 0,
      "crossing_pair_incidents": 0,
      "crossed_edge_count": 0,
      "manhattan_length_px": 54.15,
      "horizontal_length_px": 54.15,
      "vertical_length_px": 0,
      "bends_total": 0,
      "bends_max_per_edge": 0,
      "split_rejoin": false
    },
    "sparse_10:right": {
      "source": "sparse_10",
      "source_port": "right",
      "edges": 1,
      "rendering_anchors": 1,
      "branch_count": 0,
      "crossing_points": 0,
      "crossing_pair_incidents": 0,
      "crossed_edge_count": 0,
      "manhattan_length_px": 48.15,
      "horizontal_length_px": 48.15,
      "vertical_length_px": 0,
      "bends_total": 0,
      "bends_max_per_edge": 0,
      "split_rejoin": false
    },
    "sparse_11:right": {
      "source": "sparse_11",
      "source_port": "right",
      "edges": 1,
      "rendering_anchors": 1,
      "branch_count": 0,
      "crossing_points": 0,
      "crossing_pair_incidents": 0,
      "crossed_edge_count": 0,
      "manhattan_length_px": 208.17,
      "horizontal_length_px": 208.17,
      "vertical_length_px": 0,
      "bends_total": 0,
      "bends_max_per_edge": 0,
      "split_rejoin": false
    },
    "sparse_12:right": {
      "source": "sparse_12",
      "source_port": "right",
      "edges": 1,
      "rendering_anchors": 1,
      "branch_count": 0,
      "crossing_points": 0,
      "crossing_pair_incidents": 0,
      "crossed_edge_count": 0,
      "manhattan_length_px": 214.17,
      "horizontal_length_px": 214.17,
      "vertical_length_px": 0,
      "bends_total": 0,
      "bends_max_per_edge": 0,
      "split_rejoin": false
    },
    "sparse_13:right": {
      "source": "sparse_13",
      "source_port": "right",
      "edges": 1,
      "rendering_anchors": 1,
      "branch_count": 0,
      "crossing_points": 0,
      "crossing_pair_incidents": 0,
      "crossed_edge_count": 0,
      "manhattan_length_px": 48.15,
      "horizontal_length_px": 48.15,
      "vertical_length_px": 0,
      "bends_total": 0,
      "bends_max_per_edge": 0,
      "split_rejoin": false
    },
    "sparse_14:right": {
      "source": "sparse_14",
      "source_port": "right",
      "edges": 1,
      "rendering_anchors": 1,
      "branch_count": 0,
      "crossing_points": 0,
      "crossing_pair_incidents": 0,
      "crossed_edge_count": 0,
      "manhattan_length_px": 48.15,
      "horizontal_length_px": 48.15,
      "vertical_length_px": 0,
      "bends_total": 0,
      "bends_max_per_edge": 0,
      "split_rejoin": false
    },
    "sparse_15:right": {
      "source": "sparse_15",
      "source_port": "right",
      "edges": 1,
      "rendering_anchors": 1,
      "branch_count": 0,
      "crossing_points": 0,
      "crossing_pair_incidents": 0,
      "crossed_edge_count": 0,
      "manhattan_length_px": 54.15,
      "horizontal_length_px": 54.15,
      "vertical_length_px": 0,
      "bends_total": 0,
      "bends_max_per_edge": 0,
      "split_rejoin": false
    }
  },
  "edges": [
    {
      "edge_id": "svg-edge-0000",
      "source": "pad_02",
      "target": "mux_after_02",
      "source_port": "right",
      "target_port": "0",
      "points": [
        [
          362.0,
          146.0039
        ],
        [
          476.38,
          146.0039
        ]
      ],
      "segments": 1,
      "bends": 0,
      "manhattan_length_px": 114.38,
      "horizontal_length_px": 114.38,
      "vertical_length_px": 0,
      "max_vertical_segment_px": 0.0,
      "crossing_points": 0,
      "crossing_pair_incidents": 0,
      "crossed_edge_count": 0,
      "source_port_fanout": 1,
      "branch_siblings": 0
    },
    {
      "edge_id": "svg-edge-0001",
      "source": "sparse_09",
      "target": "pad_01",
      "source_port": "right",
      "target_port": "1",
      "points": [
        [
          283.85,
          1544.0363
        ],
        [
          338.0,
          1544.0363
        ]
      ],
      "segments": 1,
      "bends": 0,
      "manhattan_length_px": 54.15,
      "horizontal_length_px": 54.15,
      "vertical_length_px": 0,
      "max_vertical_segment_px": 0.0,
      "crossing_points": 0,
      "crossing_pair_incidents": 0,
      "crossed_edge_count": 0,
      "source_port_fanout": 1,
      "branch_siblings": 0
    },
    {
      "edge_id": "svg-edge-0002",
      "source": "public_from",
      "target": "pad_01",
      "source_port": "right",
      "target_port": "2",
      "points": [
        [
          129.83,
          1250.5208
        ],
        [
          197.66,
          1250.5208
        ],
        [
          197.66,
          1600.0377
        ],
        [
          338.0,
          1600.0377
        ]
      ],
      "segments": 3,
      "bends": 2,
      "manhattan_length_px": 557.6869,
      "horizontal_length_px": 208.17,
      "vertical_length_px": 349.5169,
      "max_vertical_segment_px": 349.5169,
      "crossing_points": 1,
      "crossing_pair_incidents": 1,
      "crossed_edge_count": 1,
      "source_port_fanout": 6,
      "branch_siblings": 5
    },
    {
      "edge_id": "svg-edge-0003",
      "source": "pad_07",
      "target": "mux_after_07",
      "source_port": "right",
      "target_port": "0",
      "points": [
        [
          362.0,
          845.0147
        ],
        [
          476.38,
          845.0147
        ]
      ],
      "segments": 1,
      "bends": 0,
      "manhattan_length_px": 114.38,
      "horizontal_length_px": 114.38,
      "vertical_length_px": 0,
      "max_vertical_segment_px": 0.0,
      "crossing_points": 0,
      "crossing_pair_incidents": 0,
      "crossed_edge_count": 0,
      "source_port_fanout": 1,
      "branch_siblings": 0
    },
    {
      "edge_id": "svg-edge-0004",
      "source": "public_gate",
      "target": "mux_after_07",
      "source_port": "right",
      "target_port": "1",
      "points": [
        [
          129.83,
          901.0147
        ],
        [
          177.66,
          901.0147
        ],
        [
          177.66,
          958.0216
        ],
        [
          393.96,
          958.0216
        ],
        [
          393.96,
          901.0147
        ],
        [
          476.38,
          901.0147
        ]
      ],
      "segments": 5,
      "bends": 4,
      "manhattan_length_px": 460.5638,
      "horizontal_length_px": 346.55,
      "vertical_length_px": 114.0138,
      "max_vertical_segment_px": 57.0069,
      "crossing_points": 2,
      "crossing_pair_incidents": 4,
      "crossed_edge_count": 4,
      "source_port_fanout": 5,
      "branch_siblings": 4
    },
    {
      "edge_id": "svg-edge-0005",
      "source": "mux_after_04",
      "target": "clock_04",
      "source_port": "right",
      "target_port": "left",
      "points": [
        [
          500.38,
          1339.0255
        ],
        [
          583.58,
          1339.0255
        ]
      ],
      "segments": 1,
      "bends": 0,
      "manhattan_length_px": 83.2,
      "horizontal_length_px": 83.2,
      "vertical_length_px": 0,
      "max_vertical_segment_px": 0.0,
      "crossing_points": 0,
      "crossing_pair_incidents": 0,
      "crossed_edge_count": 0,
      "source_port_fanout": 1,
      "branch_siblings": 0
    },
    {
      "edge_id": "svg-edge-0006",
      "source": "pad_05",
      "target": "mux_after_05",
      "source_port": "right",
      "target_port": "0",
      "points": [
        [
          362.0,
          379.0039
        ],
        [
          476.38,
          379.0039
        ]
      ],
      "segments": 1,
      "bends": 0,
      "manhattan_length_px": 114.38,
      "horizontal_length_px": 114.38,
      "vertical_length_px": 0,
      "max_vertical_segment_px": 0.0,
      "crossing_points": 0,
      "crossing_pair_incidents": 0,
      "crossed_edge_count": 0,
      "source_port_fanout": 1,
      "branch_siblings": 0
    },
    {
      "edge_id": "svg-edge-0007",
      "source": "public_source",
      "target": "mux_after_05",
      "source_port": "right",
      "target_port": "1",
      "points": [
        [
          123.83,
          556.0025
        ],
        [
          187.66,
          556.0025
        ],
        [
          187.66,
          492.0108
        ],
        [
          393.96,
          492.0108
        ],
        [
          393.96,
          435.0039
        ],
        [
          476.38,
          435.0039
        ]
      ],
      "segments": 5,
      "bends": 4,
      "manhattan_length_px": 473.5486,
      "horizontal_length_px": 352.55,
      "vertical_length_px": 120.9986,
      "max_vertical_segment_px": 63.9917,
      "crossing_points": 1,
      "crossing_pair_incidents": 2,
      "crossed_edge_count": 2,
      "source_port_fanout": 5,
      "branch_siblings": 4
    },
    {
      "edge_id": "svg-edge-0008",
      "source": "pad_03",
      "target": "mux_after_03",
      "source_port": "right",
      "target_port": "0",
      "points": [
        [
          362.0,
          612.0039
        ],
        [
          476.38,
          612.0039
        ]
      ],
      "segments": 1,
      "bends": 0,
      "manhattan_length_px": 114.38,
      "horizontal_length_px": 114.38,
      "vertical_length_px": 0,
      "max_vertical_segment_px": 0.0,
      "crossing_points": 0,
      "crossing_pair_incidents": 0,
      "crossed_edge_count": 0,
      "source_port_fanout": 1,
      "branch_siblings": 0
    },
    {
      "edge_id": "svg-edge-0009",
      "source": "public_from",
      "target": "mux_after_03",
      "source_port": "right",
      "target_port": "1",
      "points": [
        [
          129.83,
          1250.5208
        ],
        [
          197.66,
          1250.5208
        ],
        [
          197.66,
          725.0108
        ],
        [
          403.96,
          725.0108
        ],
        [
          403.96,
          668.0039
        ],
        [
          476.38,
          668.0039
        ]
      ],
      "segments": 5,
      "bends": 4,
      "manhattan_length_px": 929.0669,
      "horizontal_length_px": 346.55,
      "vertical_length_px": 582.5169,
      "max_vertical_segment_px": 525.51,
      "crossing_points": 4,
      "crossing_pair_incidents": 5,
      "crossed_edge_count": 5,
      "source_port_fanout": 6,
      "branch_siblings": 5
    },
    {
      "edge_id": "svg-edge-0010",
      "source": "sparse_14",
      "target": "pad_07",
      "source_port": "right",
      "target_port": "0",
      "points": [
        [
          289.85,
          789.0133
        ],
        [
          338.0,
          789.0133
        ]
      ],
      "segments": 1,
      "bends": 0,
      "manhattan_length_px": 48.15,
      "horizontal_length_px": 48.15,
      "vertical_length_px": 0,
      "max_vertical_segment_px": 0.0,
      "crossing_points": 0,
      "crossing_pair_incidents": 0,
      "crossed_edge_count": 0,
      "source_port_fanout": 1,
      "branch_siblings": 0
    },
    {
      "edge_id": "svg-edge-0011",
      "source": "public_source",
      "target": "mux_after_02",
      "source_port": "right",
      "target_port": "1",
      "points": [
        [
          123.83,
          556.0025
        ],
        [
          187.66,
          556.0025
        ],
        [
          187.66,
          259.0108
        ],
        [
          393.96,
          259.0108
        ],
        [
          393.96,
          202.0039
        ],
        [
          476.38,
          202.0039
        ]
      ],
      "segments": 5,
      "bends": 4,
      "manhattan_length_px": 706.5486,
      "horizontal_length_px": 352.55,
      "vertical_length_px": 353.9986,
      "max_vertical_segment_px": 296.9917,
      "crossing_points": 2,
      "crossing_pair_incidents": 3,
      "crossed_edge_count": 2,
      "source_port_fanout": 5,
      "branch_siblings": 4
    },
    {
      "edge_id": "svg-edge-0012",
      "source": "sparse_05",
      "target": "pad_07",
      "source_port": "right",
      "target_port": "1",
      "points": [
        [
          289.85,
          845.0147
        ],
        [
          338.0,
          845.0147
        ]
      ],
      "segments": 1,
      "bends": 0,
      "manhattan_length_px": 48.15,
      "horizontal_length_px": 48.15,
      "vertical_length_px": 0,
      "max_vertical_segment_px": 0.0,
      "crossing_points": 0,
      "crossing_pair_incidents": 0,
      "crossed_edge_count": 0,
      "source_port_fanout": 1,
      "branch_siblings": 0
    },
    {
      "edge_id": "svg-edge-0013",
      "source": "public_from",
      "target": "pad_07",
      "source_port": "right",
      "target_port": "2",
      "points": [
        [
          129.83,
          1250.5208
        ],
        [
          197.66,
          1250.5208
        ],
        [
          197.66,
          901.0161
        ],
        [
          338.0,
          901.0161
        ]
      ],
      "segments": 3,
      "bends": 2,
      "manhattan_length_px": 557.6747,
      "horizontal_length_px": 208.17,
      "vertical_length_px": 349.5047,
      "max_vertical_segment_px": 349.5047,
      "crossing_points": 4,
      "crossing_pair_incidents": 5,
      "crossed_edge_count": 5,
      "source_port_fanout": 6,
      "branch_siblings": 5
    },
    {
      "edge_id": "svg-edge-0014",
      "source": "public_source",
      "target": "pad_06",
      "source_port": "right",
      "target_port": "0",
      "points": [
        [
          123.83,
          556.0025
        ],
        [
          187.66,
          556.0025
        ],
        [
          187.66,
          1721.0349
        ],
        [
          338.0,
          1721.0349
        ]
      ],
      "segments": 3,
      "bends": 2,
      "manhattan_length_px": 1379.2024,
      "horizontal_length_px": 214.17,
      "vertical_length_px": 1165.0324,
      "max_vertical_segment_px": 1165.0324,
      "crossing_points": 4,
      "crossing_pair_incidents": 11,
      "crossed_edge_count": 11,
      "source_port_fanout": 5,
      "branch_siblings": 4
    },
    {
      "edge_id": "svg-edge-0015",
      "source": "sparse_12",
      "target": "pad_06",
      "source_port": "right",
      "target_port": "1",
      "points": [
        [
          123.83,
          1777.0363
        ],
        [
          338.0,
          1777.0363
        ]
      ],
      "segments": 1,
      "bends": 0,
      "manhattan_length_px": 214.17,
      "horizontal_length_px": 214.17,
      "vertical_length_px": 0,
      "max_vertical_segment_px": 0.0,
      "crossing_points": 0,
      "crossing_pair_incidents": 0,
      "crossed_edge_count": 0,
      "source_port_fanout": 1,
      "branch_siblings": 0
    },
    {
      "edge_id": "svg-edge-0016",
      "source": "sparse_03",
      "target": "pad_06",
      "source_port": "right",
      "target_port": "2",
      "points": [
        [
          123.83,
          1833.0377
        ],
        [
          338.0,
          1833.0377
        ]
      ],
      "segments": 1,
      "bends": 0,
      "manhattan_length_px": 214.17,
      "horizontal_length_px": 214.17,
      "vertical_length_px": 0,
      "max_vertical_segment_px": 0.0,
      "crossing_points": 0,
      "crossing_pair_incidents": 0,
      "crossed_edge_count": 0,
      "source_port_fanout": 1,
      "branch_siblings": 0
    },
    {
      "edge_id": "svg-edge-0017",
      "source": "sparse_08",
      "target": "pad_04",
      "source_port": "right",
      "target_port": "0",
      "points": [
        [
          289.85,
          1255.0241
        ],
        [
          338.0,
          1255.0241
        ]
      ],
      "segments": 1,
      "bends": 0,
      "manhattan_length_px": 48.15,
      "horizontal_length_px": 48.15,
      "vertical_length_px": 0,
      "max_vertical_segment_px": 0.0,
      "crossing_points": 0,
      "crossing_pair_incidents": 0,
      "crossed_edge_count": 0,
      "source_port_fanout": 1,
      "branch_siblings": 0
    },
    {
      "edge_id": "svg-edge-0018",
      "source": "sparse_15",
      "target": "pad_04",
      "source_port": "right",
      "target_port": "1",
      "points": [
        [
          283.85,
          1311.0255
        ],
        [
          338.0,
          1311.0255
        ]
      ],
      "segments": 1,
      "bends": 0,
      "manhattan_length_px": 54.15,
      "horizontal_length_px": 54.15,
      "vertical_length_px": 0,
      "max_vertical_segment_px": 0.0,
      "crossing_points": 0,
      "crossing_pair_incidents": 0,
      "crossed_edge_count": 0,
      "source_port_fanout": 1,
      "branch_siblings": 0
    },
    {
      "edge_id": "svg-edge-0019",
      "source": "public_from",
      "target": "pad_04",
      "source_port": "right",
      "target_port": "2",
      "points": [
        [
          129.83,
          1250.5208
        ],
        [
          197.66,
          1250.5208
        ],
        [
          197.66,
          1367.0269
        ],
        [
          338.0,
          1367.0269
        ]
      ],
      "segments": 3,
      "bends": 2,
      "manhattan_length_px": 324.6761,
      "horizontal_length_px": 208.17,
      "vertical_length_px": 116.5061,
      "max_vertical_segment_px": 116.5061,
      "crossing_points": 1,
      "crossing_pair_incidents": 1,
      "crossed_edge_count": 1,
      "source_port_fanout": 6,
      "branch_siblings": 5
    },
    {
      "edge_id": "svg-edge-0020",
      "source": "mux_after_02",
      "target": "clock_02",
      "source_port": "right",
      "target_port": "left",
      "points": [
        [
          500.38,
          174.0039
        ],
        [
          583.58,
          174.0039
        ]
      ],
      "segments": 1,
      "bends": 0,
      "manhattan_length_px": 83.2,
      "horizontal_length_px": 83.2,
      "vertical_length_px": 0,
      "max_vertical_segment_px": 0.0,
      "crossing_points": 0,
      "crossing_pair_incidents": 0,
      "crossed_edge_count": 0,
      "source_port_fanout": 1,
      "branch_siblings": 0
    },
    {
      "edge_id": "svg-edge-0021",
      "source": "pad_06",
      "target": "mux_after_06",
      "source_port": "right",
      "target_port": "0",
      "points": [
        [
          362.0,
          1777.0363
        ],
        [
          476.38,
          1777.0363
        ]
      ],
      "segments": 1,
      "bends": 0,
      "manhattan_length_px": 114.38,
      "horizontal_length_px": 114.38,
      "vertical_length_px": 0,
      "max_vertical_segment_px": 0.0,
      "crossing_points": 1,
      "crossing_pair_incidents": 1,
      "crossed_edge_count": 1,
      "source_port_fanout": 1,
      "branch_siblings": 0
    },
    {
      "edge_id": "svg-edge-0022",
      "source": "mux_after_05",
      "target": "clock_05",
      "source_port": "right",
      "target_port": "left",
      "points": [
        [
          500.38,
          407.0039
        ],
        [
          583.58,
          407.0039
        ]
      ],
      "segments": 1,
      "bends": 0,
      "manhattan_length_px": 83.2,
      "horizontal_length_px": 83.2,
      "vertical_length_px": 0,
      "max_vertical_segment_px": 0.0,
      "crossing_points": 0,
      "crossing_pair_incidents": 0,
      "crossed_edge_count": 0,
      "source_port_fanout": 1,
      "branch_siblings": 0
    },
    {
      "edge_id": "svg-edge-0023",
      "source": "public_from",
      "target": "mux_after_06",
      "source_port": "right",
      "target_port": "1",
      "points": [
        [
          129.83,
          1250.5208
        ],
        [
          197.66,
          1250.5208
        ],
        [
          197.66,
          1191.0216
        ],
        [
          423.96,
          1191.0216
        ],
        [
          423.96,
          1833.0363
        ],
        [
          476.38,
          1833.0363
        ]
      ],
      "segments": 5,
      "bends": 4,
      "manhattan_length_px": 1048.0639,
      "horizontal_length_px": 346.55,
      "vertical_length_px": 701.5139,
      "max_vertical_segment_px": 642.0147,
      "crossing_points": 7,
      "crossing_pair_incidents": 8,
      "crossed_edge_count": 6,
      "source_port_fanout": 6,
      "branch_siblings": 5
    },
    {
      "edge_id": "svg-edge-0024",
      "source": "public_source",
      "target": "pad_03",
      "source_port": "right",
      "target_port": "0",
      "points": [
        [
          123.83,
          556.0025
        ],
        [
          338.0,
          556.0025
        ]
      ],
      "segments": 1,
      "bends": 0,
      "manhattan_length_px": 214.17,
      "horizontal_length_px": 214.17,
      "vertical_length_px": 0,
      "max_vertical_segment_px": 0.0,
      "crossing_points": 1,
      "crossing_pair_incidents": 2,
      "crossed_edge_count": 2,
      "source_port_fanout": 5,
      "branch_siblings": 4
    },
    {
      "edge_id": "svg-edge-0025",
      "source": "sparse_06",
      "target": "pad_03",
      "source_port": "right",
      "target_port": "1",
      "points": [
        [
          283.85,
          612.0039
        ],
        [
          338.0,
          612.0039
        ]
      ],
      "segments": 1,
      "bends": 0,
      "manhattan_length_px": 54.15,
      "horizontal_length_px": 54.15,
      "vertical_length_px": 0,
      "max_vertical_segment_px": 0.0,
      "crossing_points": 0,
      "crossing_pair_incidents": 0,
      "crossed_edge_count": 0,
      "source_port_fanout": 1,
      "branch_siblings": 0
    },
    {
      "edge_id": "svg-edge-0026",
      "source": "sparse_13",
      "target": "pad_03",
      "source_port": "right",
      "target_port": "2",
      "points": [
        [
          289.85,
          668.0053
        ],
        [
          338.0,
          668.0053
        ]
      ],
      "segments": 1,
      "bends": 0,
      "manhattan_length_px": 48.15,
      "horizontal_length_px": 48.15,
      "vertical_length_px": 0,
      "max_vertical_segment_px": 0.0,
      "crossing_points": 0,
      "crossing_pair_incidents": 0,
      "crossed_edge_count": 0,
      "source_port_fanout": 1,
      "branch_siblings": 0
    },
    {
      "edge_id": "svg-edge-0027",
      "source": "sparse_01",
      "target": "pad_05",
      "source_port": "right",
      "target_port": "0",
      "points": [
        [
          289.85,
          323.0025
        ],
        [
          338.0,
          323.0025
        ]
      ],
      "segments": 1,
      "bends": 0,
      "manhattan_length_px": 48.15,
      "horizontal_length_px": 48.15,
      "vertical_length_px": 0,
      "max_vertical_segment_px": 0.0,
      "crossing_points": 0,
      "crossing_pair_incidents": 0,
      "crossed_edge_count": 0,
      "source_port_fanout": 1,
      "branch_siblings": 0
    },
    {
      "edge_id": "svg-edge-0028",
      "source": "public_gate",
      "target": "pad_05",
      "source_port": "right",
      "target_port": "1",
      "points": [
        [
          129.83,
          901.0147
        ],
        [
          177.66,
          901.0147
        ],
        [
          177.66,
          379.0039
        ],
        [
          338.0,
          379.0039
        ]
      ],
      "segments": 3,
      "bends": 2,
      "manhattan_length_px": 730.1808,
      "horizontal_length_px": 208.17,
      "vertical_length_px": 522.0108,
      "max_vertical_segment_px": 522.0108,
      "crossing_points": 2,
      "crossing_pair_incidents": 6,
      "crossed_edge_count": 5,
      "source_port_fanout": 5,
      "branch_siblings": 4
    },
    {
      "edge_id": "svg-edge-0029",
      "source": "sparse_10",
      "target": "pad_05",
      "source_port": "right",
      "target_port": "2",
      "points": [
        [
          289.85,
          435.0053
        ],
        [
          338.0,
          435.0053
        ]
      ],
      "segments": 1,
      "bends": 0,
      "manhattan_length_px": 48.15,
      "horizontal_length_px": 48.15,
      "vertical_length_px": 0,
      "max_vertical_segment_px": 0.0,
      "crossing_points": 0,
      "crossing_pair_incidents": 0,
      "crossed_edge_count": 0,
      "source_port_fanout": 1,
      "branch_siblings": 0
    },
    {
      "edge_id": "svg-edge-0030",
      "source": "mux_after_07",
      "target": "clock_07",
      "source_port": "right",
      "target_port": "left",
      "points": [
        [
          500.38,
          873.0147
        ],
        [
          583.58,
          873.0147
        ]
      ],
      "segments": 1,
      "bends": 0,
      "manhattan_length_px": 83.2,
      "horizontal_length_px": 83.2,
      "vertical_length_px": 0,
      "max_vertical_segment_px": 0.0,
      "crossing_points": 0,
      "crossing_pair_incidents": 0,
      "crossed_edge_count": 0,
      "source_port_fanout": 1,
      "branch_siblings": 0
    },
    {
      "edge_id": "svg-edge-0031",
      "source": "pad_00",
      "target": "mux_after_00",
      "source_port": "right",
      "target_port": "0",
      "points": [
        [
          362.0,
          1078.0147
        ],
        [
          476.38,
          1078.0147
        ]
      ],
      "segments": 1,
      "bends": 0,
      "manhattan_length_px": 114.38,
      "horizontal_length_px": 114.38,
      "vertical_length_px": 0,
      "max_vertical_segment_px": 0.0,
      "crossing_points": 0,
      "crossing_pair_incidents": 0,
      "crossed_edge_count": 0,
      "source_port_fanout": 1,
      "branch_siblings": 0
    },
    {
      "edge_id": "svg-edge-0032",
      "source": "public_from",
      "target": "mux_after_00",
      "source_port": "right",
      "target_port": "1",
      "points": [
        [
          129.83,
          1250.5208
        ],
        [
          197.66,
          1250.5208
        ],
        [
          197.66,
          1191.0216
        ],
        [
          413.96,
          1191.0216
        ],
        [
          413.96,
          1134.0147
        ],
        [
          476.38,
          1134.0147
        ]
      ],
      "segments": 5,
      "bends": 4,
      "manhattan_length_px": 463.0561,
      "horizontal_length_px": 346.55,
      "vertical_length_px": 116.5061,
      "max_vertical_segment_px": 59.4992,
      "crossing_points": 2,
      "crossing_pair_incidents": 3,
      "crossed_edge_count": 3,
      "source_port_fanout": 6,
      "branch_siblings": 5
    },
    {
      "edge_id": "svg-edge-0033",
      "source": "mux_after_03",
      "target": "clock_03",
      "source_port": "right",
      "target_port": "left",
      "points": [
        [
          500.38,
          640.0039
        ],
        [
          583.58,
          640.0039
        ]
      ],
      "segments": 1,
      "bends": 0,
      "manhattan_length_px": 83.2,
      "horizontal_length_px": 83.2,
      "vertical_length_px": 0,
      "max_vertical_segment_px": 0.0,
      "crossing_points": 0,
      "crossing_pair_incidents": 0,
      "crossed_edge_count": 0,
      "source_port_fanout": 1,
      "branch_siblings": 0
    },
    {
      "edge_id": "svg-edge-0034",
      "source": "sparse_11",
      "target": "pad_02",
      "source_port": "right",
      "target_port": "0",
      "points": [
        [
          129.83,
          90.0025
        ],
        [
          338.0,
          90.0025
        ]
      ],
      "segments": 1,
      "bends": 0,
      "manhattan_length_px": 208.17,
      "horizontal_length_px": 208.17,
      "vertical_length_px": 0,
      "max_vertical_segment_px": 0.0,
      "crossing_points": 0,
      "crossing_pair_incidents": 0,
      "crossed_edge_count": 0,
      "source_port_fanout": 1,
      "branch_siblings": 0
    },
    {
      "edge_id": "svg-edge-0035",
      "source": "public_gate",
      "target": "pad_02",
      "source_port": "right",
      "target_port": "1",
      "points": [
        [
          129.83,
          901.0147
        ],
        [
          177.66,
          901.0147
        ],
        [
          177.66,
          146.0039
        ],
        [
          338.0,
          146.0039
        ]
      ],
      "segments": 3,
      "bends": 2,
      "manhattan_length_px": 963.1808,
      "horizontal_length_px": 208.17,
      "vertical_length_px": 755.0108,
      "max_vertical_segment_px": 755.0108,
      "crossing_points": 1,
      "crossing_pair_incidents": 5,
      "crossed_edge_count": 5,
      "source_port_fanout": 5,
      "branch_siblings": 4
    },
    {
      "edge_id": "svg-edge-0036",
      "source": "sparse_04",
      "target": "pad_02",
      "source_port": "right",
      "target_port": "2",
      "points": [
        [
          289.85,
          202.0053
        ],
        [
          338.0,
          202.0053
        ]
      ],
      "segments": 1,
      "bends": 0,
      "manhattan_length_px": 48.15,
      "horizontal_length_px": 48.15,
      "vertical_length_px": 0,
      "max_vertical_segment_px": 0.0,
      "crossing_points": 0,
      "crossing_pair_incidents": 0,
      "crossed_edge_count": 0,
      "source_port_fanout": 1,
      "branch_siblings": 0
    },
    {
      "edge_id": "svg-edge-0037",
      "source": "pad_04",
      "target": "mux_after_04",
      "source_port": "right",
      "target_port": "0",
      "points": [
        [
          362.0,
          1311.0255
        ],
        [
          476.38,
          1311.0255
        ]
      ],
      "segments": 1,
      "bends": 0,
      "manhattan_length_px": 114.38,
      "horizontal_length_px": 114.38,
      "vertical_length_px": 0,
      "max_vertical_segment_px": 0.0,
      "crossing_points": 2,
      "crossing_pair_incidents": 3,
      "crossed_edge_count": 3,
      "source_port_fanout": 1,
      "branch_siblings": 0
    },
    {
      "edge_id": "svg-edge-0038",
      "source": "public_gate",
      "target": "mux_after_04",
      "source_port": "right",
      "target_port": "1",
      "points": [
        [
          129.83,
          901.0147
        ],
        [
          177.66,
          901.0147
        ],
        [
          177.66,
          1207.0324
        ],
        [
          393.96,
          1207.0324
        ],
        [
          393.96,
          1367.0255
        ],
        [
          476.38,
          1367.0255
        ]
      ],
      "segments": 5,
      "bends": 4,
      "manhattan_length_px": 812.5608,
      "horizontal_length_px": 346.55,
      "vertical_length_px": 466.0108,
      "max_vertical_segment_px": 306.0177,
      "crossing_points": 4,
      "crossing_pair_incidents": 7,
      "crossed_edge_count": 6,
      "source_port_fanout": 5,
      "branch_siblings": 4
    },
    {
      "edge_id": "svg-edge-0039",
      "source": "mux_after_06",
      "target": "clock_06",
      "source_port": "right",
      "target_port": "left",
      "points": [
        [
          500.38,
          1805.0363
        ],
        [
          583.58,
          1805.0363
        ]
      ],
      "segments": 1,
      "bends": 0,
      "manhattan_length_px": 83.2,
      "horizontal_length_px": 83.2,
      "vertical_length_px": 0,
      "max_vertical_segment_px": 0.0,
      "crossing_points": 0,
      "crossing_pair_incidents": 0,
      "crossed_edge_count": 0,
      "source_port_fanout": 1,
      "branch_siblings": 0
    },
    {
      "edge_id": "svg-edge-0040",
      "source": "mux_after_01",
      "target": "clock_01",
      "source_port": "right",
      "target_port": "left",
      "points": [
        [
          500.38,
          1572.0363
        ],
        [
          583.58,
          1572.0363
        ]
      ],
      "segments": 1,
      "bends": 0,
      "manhattan_length_px": 83.2,
      "horizontal_length_px": 83.2,
      "vertical_length_px": 0,
      "max_vertical_segment_px": 0.0,
      "crossing_points": 0,
      "crossing_pair_incidents": 0,
      "crossed_edge_count": 0,
      "source_port_fanout": 1,
      "branch_siblings": 0
    },
    {
      "edge_id": "svg-edge-0041",
      "source": "pad_01",
      "target": "mux_after_01",
      "source_port": "right",
      "target_port": "0",
      "points": [
        [
          362.0,
          1544.0363
        ],
        [
          476.38,
          1544.0363
        ]
      ],
      "segments": 1,
      "bends": 0,
      "manhattan_length_px": 114.38,
      "horizontal_length_px": 114.38,
      "vertical_length_px": 0,
      "max_vertical_segment_px": 0.0,
      "crossing_points": 2,
      "crossing_pair_incidents": 2,
      "crossed_edge_count": 2,
      "source_port_fanout": 1,
      "branch_siblings": 0
    },
    {
      "edge_id": "svg-edge-0042",
      "source": "public_gate",
      "target": "mux_after_01",
      "source_port": "right",
      "target_port": "1",
      "points": [
        [
          129.83,
          901.0147
        ],
        [
          177.66,
          901.0147
        ],
        [
          177.66,
          1207.0324
        ],
        [
          393.96,
          1207.0324
        ],
        [
          393.96,
          1600.0363
        ],
        [
          476.38,
          1600.0363
        ]
      ],
      "segments": 5,
      "bends": 4,
      "manhattan_length_px": 1045.5716,
      "horizontal_length_px": 346.55,
      "vertical_length_px": 699.0216,
      "max_vertical_segment_px": 393.0039,
      "crossing_points": 5,
      "crossing_pair_incidents": 8,
      "crossed_edge_count": 7,
      "source_port_fanout": 5,
      "branch_siblings": 4
    },
    {
      "edge_id": "svg-edge-0043",
      "source": "public_source",
      "target": "pad_00",
      "source_port": "right",
      "target_port": "0",
      "points": [
        [
          123.83,
          556.0025
        ],
        [
          187.66,
          556.0025
        ],
        [
          187.66,
          1022.0133
        ],
        [
          338.0,
          1022.0133
        ]
      ],
      "segments": 3,
      "bends": 2,
      "manhattan_length_px": 680.1808,
      "horizontal_length_px": 214.17,
      "vertical_length_px": 466.0108,
      "max_vertical_segment_px": 466.0108,
      "crossing_points": 3,
      "crossing_pair_incidents": 5,
      "crossed_edge_count": 5,
      "source_port_fanout": 5,
      "branch_siblings": 4
    },
    {
      "edge_id": "svg-edge-0044",
      "source": "sparse_00",
      "target": "pad_00",
      "source_port": "right",
      "target_port": "1",
      "points": [
        [
          283.85,
          1078.0147
        ],
        [
          338.0,
          1078.0147
        ]
      ],
      "segments": 1,
      "bends": 0,
      "manhattan_length_px": 54.15,
      "horizontal_length_px": 54.15,
      "vertical_length_px": 0,
      "max_vertical_segment_px": 0.0,
      "crossing_points": 0,
      "crossing_pair_incidents": 0,
      "crossed_edge_count": 0,
      "source_port_fanout": 1,
      "branch_siblings": 0
    },
    {
      "edge_id": "svg-edge-0045",
      "source": "sparse_07",
      "target": "pad_00",
      "source_port": "right",
      "target_port": "2",
      "points": [
        [
          289.85,
          1134.0161
        ],
        [
          338.0,
          1134.0161
        ]
      ],
      "segments": 1,
      "bends": 0,
      "manhattan_length_px": 48.15,
      "horizontal_length_px": 48.15,
      "vertical_length_px": 0,
      "max_vertical_segment_px": 0.0,
      "crossing_points": 0,
      "crossing_pair_incidents": 0,
      "crossed_edge_count": 0,
      "source_port_fanout": 1,
      "branch_siblings": 0
    },
    {
      "edge_id": "svg-edge-0046",
      "source": "mux_after_00",
      "target": "clock_00",
      "source_port": "right",
      "target_port": "left",
      "points": [
        [
          500.38,
          1106.0147
        ],
        [
          583.58,
          1106.0147
        ]
      ],
      "segments": 1,
      "bends": 0,
      "manhattan_length_px": 83.2,
      "horizontal_length_px": 83.2,
      "vertical_length_px": 0,
      "max_vertical_segment_px": 0.0,
      "crossing_points": 0,
      "crossing_pair_incidents": 0,
      "crossed_edge_count": 0,
      "source_port_fanout": 1,
      "branch_siblings": 0
    },
    {
      "edge_id": "svg-edge-0047",
      "source": "sparse_02",
      "target": "pad_01",
      "source_port": "right",
      "target_port": "0",
      "points": [
        [
          289.85,
          1488.0349
        ],
        [
          338.0,
          1488.0349
        ]
      ],
      "segments": 1,
      "bends": 0,
      "manhattan_length_px": 48.15,
      "horizontal_length_px": 48.15,
      "vertical_length_px": 0,
      "max_vertical_segment_px": 0.0,
      "crossing_points": 0,
      "crossing_pair_incidents": 0,
      "crossed_edge_count": 0,
      "source_port_fanout": 1,
      "branch_siblings": 0
    }
  ],
  "crossings": [
    {
      "point": [
        187.66,
        1250.5208
      ],
      "edges": [
        "svg-edge-0002",
        "svg-edge-0014"
      ],
      "segments": [
        0,
        1
      ]
    },
    {
      "point": [
        197.66,
        958.0216
      ],
      "edges": [
        "svg-edge-0004",
        "svg-edge-0009"
      ],
      "segments": [
        2,
        1
      ]
    },
    {
      "point": [
        197.66,
        958.0216
      ],
      "edges": [
        "svg-edge-0004",
        "svg-edge-0013"
      ],
      "segments": [
        2,
        1
      ]
    },
    {
      "point": [
        187.66,
        958.0216
      ],
      "edges": [
        "svg-edge-0004",
        "svg-edge-0014"
      ],
      "segments": [
        2,
        1
      ]
    },
    {
      "point": [
        187.66,
        958.0216
      ],
      "edges": [
        "svg-edge-0004",
        "svg-edge-0043"
      ],
      "segments": [
        2,
        1
      ]
    },
    {
      "point": [
        177.66,
        556.0025
      ],
      "edges": [
        "svg-edge-0007",
        "svg-edge-0028"
      ],
      "segments": [
        0,
        1
      ]
    },
    {
      "point": [
        177.66,
        556.0025
      ],
      "edges": [
        "svg-edge-0007",
        "svg-edge-0035"
      ],
      "segments": [
        0,
        1
      ]
    },
    {
      "point": [
        187.66,
        1250.5208
      ],
      "edges": [
        "svg-edge-0009",
        "svg-edge-0014"
      ],
      "segments": [
        0,
        1
      ]
    },
    {
      "point": [
        197.66,
        1207.0324
      ],
      "edges": [
        "svg-edge-0009",
        "svg-edge-0038"
      ],
      "segments": [
        1,
        2
      ]
    },
    {
      "point": [
        197.66,
        1207.0324
      ],
      "edges": [
        "svg-edge-0009",
        "svg-edge-0042"
      ],
      "segments": [
        1,
        2
      ]
    },
    {
      "point": [
        197.66,
        1022.0133
      ],
      "edges": [
        "svg-edge-0009",
        "svg-edge-0043"
      ],
      "segments": [
        1,
        2
      ]
    },
    {
      "point": [
        177.66,
        556.0025
      ],
      "edges": [
        "svg-edge-0011",
        "svg-edge-0028"
      ],
      "segments": [
        0,
        1
      ]
    },
    {
      "point": [
        187.66,
        379.0039
      ],
      "edges": [
        "svg-edge-0011",
        "svg-edge-0028"
      ],
      "segments": [
        1,
        2
      ]
    },
    {
      "point": [
        177.66,
        556.0025
      ],
      "edges": [
        "svg-edge-0011",
        "svg-edge-0035"
      ],
      "segments": [
        0,
        1
      ]
    },
    {
      "point": [
        187.66,
        1250.5208
      ],
      "edges": [
        "svg-edge-0013",
        "svg-edge-0014"
      ],
      "segments": [
        0,
        1
      ]
    },
    {
      "point": [
        197.66,
        1207.0324
      ],
      "edges": [
        "svg-edge-0013",
        "svg-edge-0038"
      ],
      "segments": [
        1,
        2
      ]
    },
    {
      "point": [
        197.66,
        1207.0324
      ],
      "edges": [
        "svg-edge-0013",
        "svg-edge-0042"
      ],
      "segments": [
        1,
        2
      ]
    },
    {
      "point": [
        197.66,
        1022.0133
      ],
      "edges": [
        "svg-edge-0013",
        "svg-edge-0043"
      ],
      "segments": [
        1,
        2
      ]
    },
    {
      "point": [
        187.66,
        1250.5208
      ],
      "edges": [
        "svg-edge-0014",
        "svg-edge-0019"
      ],
      "segments": [
        1,
        0
      ]
    },
    {
      "point": [
        187.66,
        1250.5208
      ],
      "edges": [
        "svg-edge-0014",
        "svg-edge-0023"
      ],
      "segments": [
        1,
        0
      ]
    },
    {
      "point": [
        177.66,
        556.0025
      ],
      "edges": [
        "svg-edge-0014",
        "svg-edge-0028"
      ],
      "segments": [
        0,
        1
      ]
    },
    {
      "point": [
        187.66,
        1250.5208
      ],
      "edges": [
        "svg-edge-0014",
        "svg-edge-0032"
      ],
      "segments": [
        1,
        0
      ]
    },
    {
      "point": [
        177.66,
        556.0025
      ],
      "edges": [
        "svg-edge-0014",
        "svg-edge-0035"
      ],
      "segments": [
        0,
        1
      ]
    },
    {
      "point": [
        187.66,
        1207.0324
      ],
      "edges": [
        "svg-edge-0014",
        "svg-edge-0038"
      ],
      "segments": [
        1,
        2
      ]
    },
    {
      "point": [
        187.66,
        1207.0324
      ],
      "edges": [
        "svg-edge-0014",
        "svg-edge-0042"
      ],
      "segments": [
        1,
        2
      ]
    },
    {
      "point": [
        423.96,
        1777.0363
      ],
      "edges": [
        "svg-edge-0021",
        "svg-edge-0023"
      ],
      "segments": [
        0,
        3
      ]
    },
    {
      "point": [
        423.96,
        1311.0255
      ],
      "edges": [
        "svg-edge-0023",
        "svg-edge-0037"
      ],
      "segments": [
        3,
        0
      ]
    },
    {
      "point": [
        197.66,
        1207.0324
      ],
      "edges": [
        "svg-edge-0023",
        "svg-edge-0038"
      ],
      "segments": [
        1,
        2
      ]
    },
    {
      "point": [
        423.96,
        1367.0255
      ],
      "edges": [
        "svg-edge-0023",
        "svg-edge-0038"
      ],
      "segments": [
        3,
        4
      ]
    },
    {
      "point": [
        423.96,
        1544.0363
      ],
      "edges": [
        "svg-edge-0023",
        "svg-edge-0041"
      ],
      "segments": [
        3,
        0
      ]
    },
    {
      "point": [
        197.66,
        1207.0324
      ],
      "edges": [
        "svg-edge-0023",
        "svg-edge-0042"
      ],
      "segments": [
        1,
        2
      ]
    },
    {
      "point": [
        423.96,
        1600.0363
      ],
      "edges": [
        "svg-edge-0023",
        "svg-edge-0042"
      ],
      "segments": [
        3,
        4
      ]
    },
    {
      "point": [
        177.66,
        556.0025
      ],
      "edges": [
        "svg-edge-0024",
        "svg-edge-0028"
      ],
      "segments": [
        0,
        1
      ]
    },
    {
      "point": [
        177.66,
        556.0025
      ],
      "edges": [
        "svg-edge-0024",
        "svg-edge-0035"
      ],
      "segments": [
        0,
        1
      ]
    },
    {
      "point": [
        177.66,
        556.0025
      ],
      "edges": [
        "svg-edge-0028",
        "svg-edge-0043"
      ],
      "segments": [
        1,
        0
      ]
    },
    {
      "point": [
        197.66,
        1207.0324
      ],
      "edges": [
        "svg-edge-0032",
        "svg-edge-0038"
      ],
      "segments": [
        1,
        2
      ]
    },
    {
      "point": [
        197.66,
        1207.0324
      ],
      "edges": [
        "svg-edge-0032",
        "svg-edge-0042"
      ],
      "segments": [
        1,
        2
      ]
    },
    {
      "point": [
        177.66,
        556.0025
      ],
      "edges": [
        "svg-edge-0035",
        "svg-edge-0043"
      ],
      "segments": [
        1,
        0
      ]
    },
    {
      "point": [
        393.96,
        1311.0255
      ],
      "edges": [
        "svg-edge-0037",
        "svg-edge-0038"
      ],
      "segments": [
        0,
        3
      ]
    },
    {
      "point": [
        393.96,
        1311.0255
      ],
      "edges": [
        "svg-edge-0037",
        "svg-edge-0042"
      ],
      "segments": [
        0,
        3
      ]
    },
    {
      "point": [
        393.96,
        1544.0363
      ],
      "edges": [
        "svg-edge-0041",
        "svg-edge-0042"
      ],
      "segments": [
        0,
        3
      ]
    }
  ],
  "overlaps": [],
  "annotation_quality": {
    "expected": 0,
    "rendered": 0,
    "missing": [],
    "unexpected": [],
    "duplicates": [],
    "text_mismatches": [],
    "line_mismatches": [],
    "profile_counts": {},
    "profiles_present": [],
    "annotation_overlaps": [],
    "node_overlaps": [],
    "edge_intersections": [],
    "outside_viewport": [],
    "owner_distances_px": {},
    "too_far": [],
    "decorative_elements": 0,
    "failure_count": 0
  },
  "witnesses": {
    "mixed_root_kinds": [
      "from",
      "gate",
      "source"
    ],
    "mixed_root_quality_failures": [],
    "split_rejoin_roots": [],
    "public_root_crossings": [],
    "low_use_left_crossing_roots": [],
    "root_relocation_witnesses": [],
    "avoidable_bend_edges": [],
    "port_order_inversions": [],
    "root_facility_split_witnesses": [],
    "physical_anchor_relocation_witnesses": [],
    "vertical_root_facility_bend_witnesses": [],
    "root_facility_column_lag_witnesses": [],
    "crossing_free_intervals": {
      "svg-edge-0000": [
        {
          "kind": "whole",
          "start": [
            362.0,
            146.0039
          ],
          "end": [
            476.38,
            146.0039
          ],
          "path_start_px": 0.0,
          "path_end_px": 114.38,
          "length_px": 114.38,
          "internal_bends": 0
        }
      ],
      "svg-edge-0001": [
        {
          "kind": "whole",
          "start": [
            283.85,
            1544.0363
          ],
          "end": [
            338.0,
            1544.0363
          ],
          "path_start_px": 0.0,
          "path_end_px": 54.15,
          "length_px": 54.15,
          "internal_bends": 0
        }
      ],
      "svg-edge-0002": [
        {
          "kind": "prefix",
          "start": [
            129.83,
            1250.5208
          ],
          "end": [
            187.66,
            1250.5208
          ],
          "path_start_px": 0.0,
          "path_end_px": 57.83,
          "length_px": 57.83,
          "internal_bends": 0
        },
        {
          "kind": "suffix",
          "start": [
            187.66,
            1250.5208
          ],
          "end": [
            338.0,
            1600.0377
          ],
          "path_start_px": 57.83,
          "path_end_px": 557.6869,
          "length_px": 499.8569,
          "internal_bends": 2
        }
      ],
      "svg-edge-0003": [
        {
          "kind": "whole",
          "start": [
            362.0,
            845.0147
          ],
          "end": [
            476.38,
            845.0147
          ],
          "path_start_px": 0.0,
          "path_end_px": 114.38,
          "length_px": 114.38,
          "internal_bends": 0
        }
      ],
      "svg-edge-0004": [
        {
          "kind": "prefix",
          "start": [
            129.83,
            901.0147
          ],
          "end": [
            187.66,
            958.0216
          ],
          "path_start_px": 0.0,
          "path_end_px": 114.8369,
          "length_px": 114.8369,
          "internal_bends": 2
        },
        {
          "kind": "interior",
          "start": [
            187.66,
            958.0216
          ],
          "end": [
            197.66,
            958.0216
          ],
          "path_start_px": 114.8369,
          "path_end_px": 124.8369,
          "length_px": 10.0,
          "internal_bends": 0
        },
        {
          "kind": "suffix",
          "start": [
            197.66,
            958.0216
          ],
          "end": [
            476.38,
            901.0147
          ],
          "path_start_px": 124.8369,
          "path_end_px": 460.5638,
          "length_px": 335.7269,
          "internal_bends": 2
        }
      ],
      "svg-edge-0005": [
        {
          "kind": "whole",
          "start": [
            500.38,
            1339.0255
          ],
          "end": [
            583.58,
            1339.0255
          ],
          "path_start_px": 0.0,
          "path_end_px": 83.2,
          "length_px": 83.2,
          "internal_bends": 0
        }
      ],
      "svg-edge-0006": [
        {
          "kind": "whole",
          "start": [
            362.0,
            379.0039
          ],
          "end": [
            476.38,
            379.0039
          ],
          "path_start_px": 0.0,
          "path_end_px": 114.38,
          "length_px": 114.38,
          "internal_bends": 0
        }
      ],
      "svg-edge-0007": [
        {
          "kind": "prefix",
          "start": [
            123.83,
            556.0025
          ],
          "end": [
            177.66,
            556.0025
          ],
          "path_start_px": 0.0,
          "path_end_px": 53.83,
          "length_px": 53.83,
          "internal_bends": 0
        },
        {
          "kind": "suffix",
          "start": [
            177.66,
            556.0025
          ],
          "end": [
            476.38,
            435.0039
          ],
          "path_start_px": 53.83,
          "path_end_px": 473.5486,
          "length_px": 419.7186,
          "internal_bends": 4
        }
      ],
      "svg-edge-0008": [
        {
          "kind": "whole",
          "start": [
            362.0,
            612.0039
          ],
          "end": [
            476.38,
            612.0039
          ],
          "path_start_px": 0.0,
          "path_end_px": 114.38,
          "length_px": 114.38,
          "internal_bends": 0
        }
      ],
      "svg-edge-0009": [
        {
          "kind": "prefix",
          "start": [
            129.83,
            1250.5208
          ],
          "end": [
            187.66,
            1250.5208
          ],
          "path_start_px": 0.0,
          "path_end_px": 57.83,
          "length_px": 57.83,
          "internal_bends": 0
        },
        {
          "kind": "interior",
          "start": [
            187.66,
            1250.5208
          ],
          "end": [
            197.66,
            1207.0324
          ],
          "path_start_px": 57.83,
          "path_end_px": 111.3184,
          "length_px": 53.4884,
          "internal_bends": 1
        },
        {
          "kind": "interior",
          "start": [
            197.66,
            1207.0324
          ],
          "end": [
            197.66,
            1022.0133
          ],
          "path_start_px": 111.3184,
          "path_end_px": 296.3375,
          "length_px": 185.0191,
          "internal_bends": 0
        },
        {
          "kind": "interior",
          "start": [
            197.66,
            1022.0133
          ],
          "end": [
            197.66,
            958.0216
          ],
          "path_start_px": 296.3375,
          "path_end_px": 360.3292,
          "length_px": 63.9917,
          "internal_bends": 0
        },
        {
          "kind": "suffix",
          "start": [
            197.66,
            958.0216
          ],
          "end": [
            476.38,
            668.0039
          ],
          "path_start_px": 360.3292,
          "path_end_px": 929.0669,
          "length_px": 568.7377,
          "internal_bends": 3
        }
      ],
      "svg-edge-0010": [
        {
          "kind": "whole",
          "start": [
            289.85,
            789.0133
          ],
          "end": [
            338.0,
            789.0133
          ],
          "path_start_px": 0.0,
          "path_end_px": 48.15,
          "length_px": 48.15,
          "internal_bends": 0
        }
      ],
      "svg-edge-0011": [
        {
          "kind": "prefix",
          "start": [
            123.83,
            556.0025
          ],
          "end": [
            177.66,
            556.0025
          ],
          "path_start_px": 0.0,
          "path_end_px": 53.83,
          "length_px": 53.83,
          "internal_bends": 0
        },
        {
          "kind": "interior",
          "start": [
            177.66,
            556.0025
          ],
          "end": [
            187.66,
            379.0039
          ],
          "path_start_px": 53.83,
          "path_end_px": 240.8286,
          "length_px": 186.9986,
          "internal_bends": 1
        },
        {
          "kind": "suffix",
          "start": [
            187.66,
            379.0039
          ],
          "end": [
            476.38,
            202.0039
          ],
          "path_start_px": 240.8286,
          "path_end_px": 706.5486,
          "length_px": 465.72,
          "internal_bends": 3
        }
      ],
      "svg-edge-0012": [
        {
          "kind": "whole",
          "start": [
            289.85,
            845.0147
          ],
          "end": [
            338.0,
            845.0147
          ],
          "path_start_px": 0.0,
          "path_end_px": 48.15,
          "length_px": 48.15,
          "internal_bends": 0
        }
      ],
      "svg-edge-0013": [
        {
          "kind": "prefix",
          "start": [
            129.83,
            1250.5208
          ],
          "end": [
            187.66,
            1250.5208
          ],
          "path_start_px": 0.0,
          "path_end_px": 57.83,
          "length_px": 57.83,
          "internal_bends": 0
        },
        {
          "kind": "interior",
          "start": [
            187.66,
            1250.5208
          ],
          "end": [
            197.66,
            1207.0324
          ],
          "path_start_px": 57.83,
          "path_end_px": 111.3184,
          "length_px": 53.4884,
          "internal_bends": 1
        },
        {
          "kind": "interior",
          "start": [
            197.66,
            1207.0324
          ],
          "end": [
            197.66,
            1022.0133
          ],
          "path_start_px": 111.3184,
          "path_end_px": 296.3375,
          "length_px": 185.0191,
          "internal_bends": 0
        },
        {
          "kind": "interior",
          "start": [
            197.66,
            1022.0133
          ],
          "end": [
            197.66,
            958.0216
          ],
          "path_start_px": 296.3375,
          "path_end_px": 360.3292,
          "length_px": 63.9917,
          "internal_bends": 0
        },
        {
          "kind": "suffix",
          "start": [
            197.66,
            958.0216
          ],
          "end": [
            338.0,
            901.0161
          ],
          "path_start_px": 360.3292,
          "path_end_px": 557.6747,
          "length_px": 197.3455,
          "internal_bends": 1
        }
      ],
      "svg-edge-0014": [
        {
          "kind": "prefix",
          "start": [
            123.83,
            556.0025
          ],
          "end": [
            177.66,
            556.0025
          ],
          "path_start_px": 0.0,
          "path_end_px": 53.83,
          "length_px": 53.83,
          "internal_bends": 0
        },
        {
          "kind": "interior",
          "start": [
            177.66,
            556.0025
          ],
          "end": [
            187.66,
            958.0216
          ],
          "path_start_px": 53.83,
          "path_end_px": 465.8491,
          "length_px": 412.0191,
          "internal_bends": 1
        },
        {
          "kind": "interior",
          "start": [
            187.66,
            958.0216
          ],
          "end": [
            187.66,
            1207.0324
          ],
          "path_start_px": 465.8491,
          "path_end_px": 714.8599,
          "length_px": 249.0108,
          "internal_bends": 0
        },
        {
          "kind": "interior",
          "start": [
            187.66,
            1207.0324
          ],
          "end": [
            187.66,
            1250.5208
          ],
          "path_start_px": 714.8599,
          "path_end_px": 758.3483,
          "length_px": 43.4884,
          "internal_bends": 0
        },
        {
          "kind": "suffix",
          "start": [
            187.66,
            1250.5208
          ],
          "end": [
            338.0,
            1721.0349
          ],
          "path_start_px": 758.3483,
          "path_end_px": 1379.2024,
          "length_px": 620.8541,
          "internal_bends": 1
        }
      ],
      "svg-edge-0015": [
        {
          "kind": "whole",
          "start": [
            123.83,
            1777.0363
          ],
          "end": [
            338.0,
            1777.0363
          ],
          "path_start_px": 0.0,
          "path_end_px": 214.17,
          "length_px": 214.17,
          "internal_bends": 0
        }
      ],
      "svg-edge-0016": [
        {
          "kind": "whole",
          "start": [
            123.83,
            1833.0377
          ],
          "end": [
            338.0,
            1833.0377
          ],
          "path_start_px": 0.0,
          "path_end_px": 214.17,
          "length_px": 214.17,
          "internal_bends": 0
        }
      ],
      "svg-edge-0017": [
        {
          "kind": "whole",
          "start": [
            289.85,
            1255.0241
          ],
          "end": [
            338.0,
            1255.0241
          ],
          "path_start_px": 0.0,
          "path_end_px": 48.15,
          "length_px": 48.15,
          "internal_bends": 0
        }
      ],
      "svg-edge-0018": [
        {
          "kind": "whole",
          "start": [
            283.85,
            1311.0255
          ],
          "end": [
            338.0,
            1311.0255
          ],
          "path_start_px": 0.0,
          "path_end_px": 54.15,
          "length_px": 54.15,
          "internal_bends": 0
        }
      ],
      "svg-edge-0019": [
        {
          "kind": "prefix",
          "start": [
            129.83,
            1250.5208
          ],
          "end": [
            187.66,
            1250.5208
          ],
          "path_start_px": 0.0,
          "path_end_px": 57.83,
          "length_px": 57.83,
          "internal_bends": 0
        },
        {
          "kind": "suffix",
          "start": [
            187.66,
            1250.5208
          ],
          "end": [
            338.0,
            1367.0269
          ],
          "path_start_px": 57.83,
          "path_end_px": 324.6761,
          "length_px": 266.8461,
          "internal_bends": 2
        }
      ],
      "svg-edge-0020": [
        {
          "kind": "whole",
          "start": [
            500.38,
            174.0039
          ],
          "end": [
            583.58,
            174.0039
          ],
          "path_start_px": 0.0,
          "path_end_px": 83.2,
          "length_px": 83.2,
          "internal_bends": 0
        }
      ],
      "svg-edge-0021": [
        {
          "kind": "prefix",
          "start": [
            362.0,
            1777.0363
          ],
          "end": [
            423.96,
            1777.0363
          ],
          "path_start_px": 0.0,
          "path_end_px": 61.96,
          "length_px": 61.96,
          "internal_bends": 0
        },
        {
          "kind": "suffix",
          "start": [
            423.96,
            1777.0363
          ],
          "end": [
            476.38,
            1777.0363
          ],
          "path_start_px": 61.96,
          "path_end_px": 114.38,
          "length_px": 52.42,
          "internal_bends": 0
        }
      ],
      "svg-edge-0022": [
        {
          "kind": "whole",
          "start": [
            500.38,
            407.0039
          ],
          "end": [
            583.58,
            407.0039
          ],
          "path_start_px": 0.0,
          "path_end_px": 83.2,
          "length_px": 83.2,
          "internal_bends": 0
        }
      ],
      "svg-edge-0023": [
        {
          "kind": "prefix",
          "start": [
            129.83,
            1250.5208
          ],
          "end": [
            187.66,
            1250.5208
          ],
          "path_start_px": 0.0,
          "path_end_px": 57.83,
          "length_px": 57.83,
          "internal_bends": 0
        },
        {
          "kind": "interior",
          "start": [
            187.66,
            1250.5208
          ],
          "end": [
            197.66,
            1207.0324
          ],
          "path_start_px": 57.83,
          "path_end_px": 111.3184,
          "length_px": 53.4884,
          "internal_bends": 1
        },
        {
          "kind": "interior",
          "start": [
            197.66,
            1207.0324
          ],
          "end": [
            423.96,
            1311.0255
          ],
          "path_start_px": 111.3184,
          "path_end_px": 473.6331,
          "length_px": 362.3147,
          "internal_bends": 2
        },
        {
          "kind": "interior",
          "start": [
            423.96,
            1311.0255
          ],
          "end": [
            423.96,
            1367.0255
          ],
          "path_start_px": 473.6331,
          "path_end_px": 529.6331,
          "length_px": 56.0,
          "internal_bends": 0
        },
        {
          "kind": "interior",
          "start": [
            423.96,
            1367.0255
          ],
          "end": [
            423.96,
            1544.0363
          ],
          "path_start_px": 529.6331,
          "path_end_px": 706.6439,
          "length_px": 177.0108,
          "internal_bends": 0
        },
        {
          "kind": "interior",
          "start": [
            423.96,
            1544.0363
          ],
          "end": [
            423.96,
            1600.0363
          ],
          "path_start_px": 706.6439,
          "path_end_px": 762.6439,
          "length_px": 56.0,
          "internal_bends": 0
        },
        {
          "kind": "interior",
          "start": [
            423.96,
            1600.0363
          ],
          "end": [
            423.96,
            1777.0363
          ],
          "path_start_px": 762.6439,
          "path_end_px": 939.6439,
          "length_px": 177.0,
          "internal_bends": 0
        },
        {
          "kind": "suffix",
          "start": [
            423.96,
            1777.0363
          ],
          "end": [
            476.38,
            1833.0363
          ],
          "path_start_px": 939.6439,
          "path_end_px": 1048.0639,
          "length_px": 108.42,
          "internal_bends": 1
        }
      ],
      "svg-edge-0024": [
        {
          "kind": "prefix",
          "start": [
            123.83,
            556.0025
          ],
          "end": [
            177.66,
            556.0025
          ],
          "path_start_px": 0.0,
          "path_end_px": 53.83,
          "length_px": 53.83,
          "internal_bends": 0
        },
        {
          "kind": "suffix",
          "start": [
            177.66,
            556.0025
          ],
          "end": [
            338.0,
            556.0025
          ],
          "path_start_px": 53.83,
          "path_end_px": 214.17,
          "length_px": 160.34,
          "internal_bends": 0
        }
      ],
      "svg-edge-0025": [
        {
          "kind": "whole",
          "start": [
            283.85,
            612.0039
          ],
          "end": [
            338.0,
            612.0039
          ],
          "path_start_px": 0.0,
          "path_end_px": 54.15,
          "length_px": 54.15,
          "internal_bends": 0
        }
      ],
      "svg-edge-0026": [
        {
          "kind": "whole",
          "start": [
            289.85,
            668.0053
          ],
          "end": [
            338.0,
            668.0053
          ],
          "path_start_px": 0.0,
          "path_end_px": 48.15,
          "length_px": 48.15,
          "internal_bends": 0
        }
      ],
      "svg-edge-0027": [
        {
          "kind": "whole",
          "start": [
            289.85,
            323.0025
          ],
          "end": [
            338.0,
            323.0025
          ],
          "path_start_px": 0.0,
          "path_end_px": 48.15,
          "length_px": 48.15,
          "internal_bends": 0
        }
      ],
      "svg-edge-0028": [
        {
          "kind": "prefix",
          "start": [
            129.83,
            901.0147
          ],
          "end": [
            177.66,
            556.0025
          ],
          "path_start_px": 0.0,
          "path_end_px": 392.8422,
          "length_px": 392.8422,
          "internal_bends": 1
        },
        {
          "kind": "interior",
          "start": [
            177.66,
            556.0025
          ],
          "end": [
            187.66,
            379.0039
          ],
          "path_start_px": 392.8422,
          "path_end_px": 579.8408,
          "length_px": 186.9986,
          "internal_bends": 1
        },
        {
          "kind": "suffix",
          "start": [
            187.66,
            379.0039
          ],
          "end": [
            338.0,
            379.0039
          ],
          "path_start_px": 579.8408,
          "path_end_px": 730.1808,
          "length_px": 150.34,
          "internal_bends": 0
        }
      ],
      "svg-edge-0029": [
        {
          "kind": "whole",
          "start": [
            289.85,
            435.0053
          ],
          "end": [
            338.0,
            435.0053
          ],
          "path_start_px": 0.0,
          "path_end_px": 48.15,
          "length_px": 48.15,
          "internal_bends": 0
        }
      ],
      "svg-edge-0030": [
        {
          "kind": "whole",
          "start": [
            500.38,
            873.0147
          ],
          "end": [
            583.58,
            873.0147
          ],
          "path_start_px": 0.0,
          "path_end_px": 83.2,
          "length_px": 83.2,
          "internal_bends": 0
        }
      ],
      "svg-edge-0031": [
        {
          "kind": "whole",
          "start": [
            362.0,
            1078.0147
          ],
          "end": [
            476.38,
            1078.0147
          ],
          "path_start_px": 0.0,
          "path_end_px": 114.38,
          "length_px": 114.38,
          "internal_bends": 0
        }
      ],
      "svg-edge-0032": [
        {
          "kind": "prefix",
          "start": [
            129.83,
            1250.5208
          ],
          "end": [
            187.66,
            1250.5208
          ],
          "path_start_px": 0.0,
          "path_end_px": 57.83,
          "length_px": 57.83,
          "internal_bends": 0
        },
        {
          "kind": "interior",
          "start": [
            187.66,
            1250.5208
          ],
          "end": [
            197.66,
            1207.0324
          ],
          "path_start_px": 57.83,
          "path_end_px": 111.3184,
          "length_px": 53.4884,
          "internal_bends": 1
        },
        {
          "kind": "suffix",
          "start": [
            197.66,
            1207.0324
          ],
          "end": [
            476.38,
            1134.0147
          ],
          "path_start_px": 111.3184,
          "path_end_px": 463.0561,
          "length_px": 351.7377,
          "internal_bends": 3
        }
      ],
      "svg-edge-0033": [
        {
          "kind": "whole",
          "start": [
            500.38,
            640.0039
          ],
          "end": [
            583.58,
            640.0039
          ],
          "path_start_px": 0.0,
          "path_end_px": 83.2,
          "length_px": 83.2,
          "internal_bends": 0
        }
      ],
      "svg-edge-0034": [
        {
          "kind": "whole",
          "start": [
            129.83,
            90.0025
          ],
          "end": [
            338.0,
            90.0025
          ],
          "path_start_px": 0.0,
          "path_end_px": 208.17,
          "length_px": 208.17,
          "internal_bends": 0
        }
      ],
      "svg-edge-0035": [
        {
          "kind": "prefix",
          "start": [
            129.83,
            901.0147
          ],
          "end": [
            177.66,
            556.0025
          ],
          "path_start_px": 0.0,
          "path_end_px": 392.8422,
          "length_px": 392.8422,
          "internal_bends": 1
        },
        {
          "kind": "suffix",
          "start": [
            177.66,
            556.0025
          ],
          "end": [
            338.0,
            146.0039
          ],
          "path_start_px": 392.8422,
          "path_end_px": 963.1808,
          "length_px": 570.3386,
          "internal_bends": 1
        }
      ],
      "svg-edge-0036": [
        {
          "kind": "whole",
          "start": [
            289.85,
            202.0053
          ],
          "end": [
            338.0,
            202.0053
          ],
          "path_start_px": 0.0,
          "path_end_px": 48.15,
          "length_px": 48.15,
          "internal_bends": 0
        }
      ],
      "svg-edge-0037": [
        {
          "kind": "prefix",
          "start": [
            362.0,
            1311.0255
          ],
          "end": [
            393.96,
            1311.0255
          ],
          "path_start_px": 0.0,
          "path_end_px": 31.96,
          "length_px": 31.96,
          "internal_bends": 0
        },
        {
          "kind": "interior",
          "start": [
            393.96,
            1311.0255
          ],
          "end": [
            423.96,
            1311.0255
          ],
          "path_start_px": 31.96,
          "path_end_px": 61.96,
          "length_px": 30.0,
          "internal_bends": 0
        },
        {
          "kind": "suffix",
          "start": [
            423.96,
            1311.0255
          ],
          "end": [
            476.38,
            1311.0255
          ],
          "path_start_px": 61.96,
          "path_end_px": 114.38,
          "length_px": 52.42,
          "internal_bends": 0
        }
      ],
      "svg-edge-0038": [
        {
          "kind": "prefix",
          "start": [
            129.83,
            901.0147
          ],
          "end": [
            187.66,
            1207.0324
          ],
          "path_start_px": 0.0,
          "path_end_px": 363.8477,
          "length_px": 363.8477,
          "internal_bends": 2
        },
        {
          "kind": "interior",
          "start": [
            187.66,
            1207.0324
          ],
          "end": [
            197.66,
            1207.0324
          ],
          "path_start_px": 363.8477,
          "path_end_px": 373.8477,
          "length_px": 10.0,
          "internal_bends": 0
        },
        {
          "kind": "interior",
          "start": [
            197.66,
            1207.0324
          ],
          "end": [
            393.96,
            1311.0255
          ],
          "path_start_px": 373.8477,
          "path_end_px": 674.1408,
          "length_px": 300.2931,
          "internal_bends": 1
        },
        {
          "kind": "interior",
          "start": [
            393.96,
            1311.0255
          ],
          "end": [
            423.96,
            1367.0255
          ],
          "path_start_px": 674.1408,
          "path_end_px": 760.1408,
          "length_px": 86.0,
          "internal_bends": 1
        },
        {
          "kind": "suffix",
          "start": [
            423.96,
            1367.0255
          ],
          "end": [
            476.38,
            1367.0255
          ],
          "path_start_px": 760.1408,
          "path_end_px": 812.5608,
          "length_px": 52.42,
          "internal_bends": 0
        }
      ],
      "svg-edge-0039": [
        {
          "kind": "whole",
          "start": [
            500.38,
            1805.0363
          ],
          "end": [
            583.58,
            1805.0363
          ],
          "path_start_px": 0.0,
          "path_end_px": 83.2,
          "length_px": 83.2,
          "internal_bends": 0
        }
      ],
      "svg-edge-0040": [
        {
          "kind": "whole",
          "start": [
            500.38,
            1572.0363
          ],
          "end": [
            583.58,
            1572.0363
          ],
          "path_start_px": 0.0,
          "path_end_px": 83.2,
          "length_px": 83.2,
          "internal_bends": 0
        }
      ],
      "svg-edge-0041": [
        {
          "kind": "prefix",
          "start": [
            362.0,
            1544.0363
          ],
          "end": [
            393.96,
            1544.0363
          ],
          "path_start_px": 0.0,
          "path_end_px": 31.96,
          "length_px": 31.96,
          "internal_bends": 0
        },
        {
          "kind": "interior",
          "start": [
            393.96,
            1544.0363
          ],
          "end": [
            423.96,
            1544.0363
          ],
          "path_start_px": 31.96,
          "path_end_px": 61.96,
          "length_px": 30.0,
          "internal_bends": 0
        },
        {
          "kind": "suffix",
          "start": [
            423.96,
            1544.0363
          ],
          "end": [
            476.38,
            1544.0363
          ],
          "path_start_px": 61.96,
          "path_end_px": 114.38,
          "length_px": 52.42,
          "internal_bends": 0
        }
      ],
      "svg-edge-0042": [
        {
          "kind": "prefix",
          "start": [
            129.83,
            901.0147
          ],
          "end": [
            187.66,
            1207.0324
          ],
          "path_start_px": 0.0,
          "path_end_px": 363.8477,
          "length_px": 363.8477,
          "internal_bends": 2
        },
        {
          "kind": "interior",
          "start": [
            187.66,
            1207.0324
          ],
          "end": [
            197.66,
            1207.0324
          ],
          "path_start_px": 363.8477,
          "path_end_px": 373.8477,
          "length_px": 10.0,
          "internal_bends": 0
        },
        {
          "kind": "interior",
          "start": [
            197.66,
            1207.0324
          ],
          "end": [
            393.96,
            1311.0255
          ],
          "path_start_px": 373.8477,
          "path_end_px": 674.1408,
          "length_px": 300.2931,
          "internal_bends": 1
        },
        {
          "kind": "interior",
          "start": [
            393.96,
            1311.0255
          ],
          "end": [
            393.96,
            1544.0363
          ],
          "path_start_px": 674.1408,
          "path_end_px": 907.1516,
          "length_px": 233.0108,
          "internal_bends": 0
        },
        {
          "kind": "interior",
          "start": [
            393.96,
            1544.0363
          ],
          "end": [
            423.96,
            1600.0363
          ],
          "path_start_px": 907.1516,
          "path_end_px": 993.1516,
          "length_px": 86.0,
          "internal_bends": 1
        },
        {
          "kind": "suffix",
          "start": [
            423.96,
            1600.0363
          ],
          "end": [
            476.38,
            1600.0363
          ],
          "path_start_px": 993.1516,
          "path_end_px": 1045.5716,
          "length_px": 52.42,
          "internal_bends": 0
        }
      ],
      "svg-edge-0043": [
        {
          "kind": "prefix",
          "start": [
            123.83,
            556.0025
          ],
          "end": [
            177.66,
            556.0025
          ],
          "path_start_px": 0.0,
          "path_end_px": 53.83,
          "length_px": 53.83,
          "internal_bends": 0
        },
        {
          "kind": "interior",
          "start": [
            177.66,
            556.0025
          ],
          "end": [
            187.66,
            958.0216
          ],
          "path_start_px": 53.83,
          "path_end_px": 465.8491,
          "length_px": 412.0191,
          "internal_bends": 1
        },
        {
          "kind": "interior",
          "start": [
            187.66,
            958.0216
          ],
          "end": [
            197.66,
            1022.0133
          ],
          "path_start_px": 465.8491,
          "path_end_px": 539.8408,
          "length_px": 73.9917,
          "internal_bends": 1
        },
        {
          "kind": "suffix",
          "start": [
            197.66,
            1022.0133
          ],
          "end": [
            338.0,
            1022.0133
          ],
          "path_start_px": 539.8408,
          "path_end_px": 680.1808,
          "length_px": 140.34,
          "internal_bends": 0
        }
      ],
      "svg-edge-0044": [
        {
          "kind": "whole",
          "start": [
            283.85,
            1078.0147
          ],
          "end": [
            338.0,
            1078.0147
          ],
          "path_start_px": 0.0,
          "path_end_px": 54.15,
          "length_px": 54.15,
          "internal_bends": 0
        }
      ],
      "svg-edge-0045": [
        {
          "kind": "whole",
          "start": [
            289.85,
            1134.0161
          ],
          "end": [
            338.0,
            1134.0161
          ],
          "path_start_px": 0.0,
          "path_end_px": 48.15,
          "length_px": 48.15,
          "internal_bends": 0
        }
      ],
      "svg-edge-0046": [
        {
          "kind": "whole",
          "start": [
            500.38,
            1106.0147
          ],
          "end": [
            583.58,
            1106.0147
          ],
          "path_start_px": 0.0,
          "path_end_px": 83.2,
          "length_px": 83.2,
          "internal_bends": 0
        }
      ],
      "svg-edge-0047": [
        {
          "kind": "whole",
          "start": [
            289.85,
            1488.0349
          ],
          "end": [
            338.0,
            1488.0349
          ],
          "path_start_px": 0.0,
          "path_end_px": 48.15,
          "length_px": 48.15,
          "internal_bends": 0
        }
      ]
    },
    "downstream_corridor_tail_bend_witnesses": [],
    "adjacent_root_height_bend_witnesses": [],
    "mergeable_root_facility_witnesses": [],
    "regular_fanout_array_replication_witnesses": [],
    "shared_root_bus_fragmentation_witnesses": [],
    "root_fanout_axis_dominance_witnesses": [],
    "direct_root_fanin_column_witnesses": [],
    "raw_direct_root_fanin_column_witnesses": [],
    "feasible_direct_root_fanin_column_witnesses": [],
    "root_first_column_witnesses": []
  },
  "detected_issues": []
}
feedback layout oracle: symptom not observed: FB-ROOT-001
