{
  "schema_version": 1,
  "input": "25-mixed-root-port-order-torture.json",
  "svg": "output.svg",
  "totals": {
    "logical_nodes": 69,
    "rendered_nodes": 69,
    "logical_edges": 66,
    "rendered_edges": 66,
    "proper_crossing_events": 24,
    "distinct_crossing_points": 18,
    "different_net_overlaps": 0,
    "bends": 18,
    "manhattan_length_px": 8664.9024
  },
  "roots": {
    "common_from": {
      "kind": "from",
      "outdegree": 4,
      "rendered_copies": 1
    },
    "common_gate_root": {
      "kind": "gate",
      "outdegree": 4,
      "rendered_copies": 1
    },
    "common_source": {
      "kind": "source",
      "outdegree": 4,
      "rendered_copies": 1
    },
    "local_a_00": {
      "kind": "from",
      "outdegree": 1,
      "rendered_copies": 1
    },
    "local_a_01": {
      "kind": "source",
      "outdegree": 1,
      "rendered_copies": 1
    },
    "local_a_02": {
      "kind": "gate",
      "outdegree": 1,
      "rendered_copies": 1
    },
    "local_a_03": {
      "kind": "from",
      "outdegree": 1,
      "rendered_copies": 1
    },
    "local_a_04": {
      "kind": "source",
      "outdegree": 1,
      "rendered_copies": 1
    },
    "local_a_05": {
      "kind": "gate",
      "outdegree": 1,
      "rendered_copies": 1
    },
    "local_a_06": {
      "kind": "from",
      "outdegree": 1,
      "rendered_copies": 1
    },
    "local_a_07": {
      "kind": "source",
      "outdegree": 1,
      "rendered_copies": 1
    },
    "local_a_08": {
      "kind": "gate",
      "outdegree": 1,
      "rendered_copies": 1
    },
    "local_a_09": {
      "kind": "from",
      "outdegree": 1,
      "rendered_copies": 1
    },
    "local_a_10": {
      "kind": "source",
      "outdegree": 1,
      "rendered_copies": 1
    },
    "local_a_11": {
      "kind": "gate",
      "outdegree": 1,
      "rendered_copies": 1
    },
    "local_b_00": {
      "kind": "source",
      "outdegree": 1,
      "rendered_copies": 1
    },
    "local_b_01": {
      "kind": "gate",
      "outdegree": 1,
      "rendered_copies": 1
    },
    "local_b_02": {
      "kind": "from",
      "outdegree": 1,
      "rendered_copies": 1
    },
    "local_b_03": {
      "kind": "source",
      "outdegree": 1,
      "rendered_copies": 1
    },
    "local_b_04": {
      "kind": "gate",
      "outdegree": 1,
      "rendered_copies": 1
    },
    "local_b_05": {
      "kind": "from",
      "outdegree": 1,
      "rendered_copies": 1
    },
    "local_b_06": {
      "kind": "source",
      "outdegree": 1,
      "rendered_copies": 1
    },
    "local_b_07": {
      "kind": "gate",
      "outdegree": 1,
      "rendered_copies": 1
    },
    "local_b_08": {
      "kind": "from",
      "outdegree": 1,
      "rendered_copies": 1
    },
    "local_b_09": {
      "kind": "source",
      "outdegree": 1,
      "rendered_copies": 1
    },
    "local_b_10": {
      "kind": "gate",
      "outdegree": 1,
      "rendered_copies": 1
    },
    "local_b_11": {
      "kind": "from",
      "outdegree": 1,
      "rendered_copies": 1
    }
  },
  "nodes": {
    "cell_00": {
      "kind": "cell",
      "incoming_edges": 1,
      "outgoing_edges": 1,
      "direct_downstream_nodes": 1,
      "source_port_nets": 1,
      "rendering_anchors": 1,
      "is_root": false,
      "is_terminal": false,
      "manhattan_length_px": 68.15,
      "bends_total": 0,
      "crossing_points": 0,
      "crossing_pair_incidents": 0,
      "crossed_edge_count": 0
    },
    "cell_01": {
      "kind": "cell",
      "incoming_edges": 1,
      "outgoing_edges": 1,
      "direct_downstream_nodes": 1,
      "source_port_nets": 1,
      "rendering_anchors": 1,
      "is_root": false,
      "is_terminal": false,
      "manhattan_length_px": 68.15,
      "bends_total": 0,
      "crossing_points": 0,
      "crossing_pair_incidents": 0,
      "crossed_edge_count": 0
    },
    "cell_02": {
      "kind": "cell",
      "incoming_edges": 1,
      "outgoing_edges": 1,
      "direct_downstream_nodes": 1,
      "source_port_nets": 1,
      "rendering_anchors": 1,
      "is_root": false,
      "is_terminal": false,
      "manhattan_length_px": 68.15,
      "bends_total": 0,
      "crossing_points": 0,
      "crossing_pair_incidents": 0,
      "crossed_edge_count": 0
    },
    "cell_03": {
      "kind": "cell",
      "incoming_edges": 1,
      "outgoing_edges": 1,
      "direct_downstream_nodes": 1,
      "source_port_nets": 1,
      "rendering_anchors": 1,
      "is_root": false,
      "is_terminal": false,
      "manhattan_length_px": 68.15,
      "bends_total": 0,
      "crossing_points": 0,
      "crossing_pair_incidents": 0,
      "crossed_edge_count": 0
    },
    "cell_04": {
      "kind": "cell",
      "incoming_edges": 1,
      "outgoing_edges": 1,
      "direct_downstream_nodes": 1,
      "source_port_nets": 1,
      "rendering_anchors": 1,
      "is_root": false,
      "is_terminal": false,
      "manhattan_length_px": 68.15,
      "bends_total": 0,
      "crossing_points": 0,
      "crossing_pair_incidents": 0,
      "crossed_edge_count": 0
    },
    "cell_05": {
      "kind": "cell",
      "incoming_edges": 1,
      "outgoing_edges": 1,
      "direct_downstream_nodes": 1,
      "source_port_nets": 1,
      "rendering_anchors": 1,
      "is_root": false,
      "is_terminal": false,
      "manhattan_length_px": 68.15,
      "bends_total": 0,
      "crossing_points": 0,
      "crossing_pair_incidents": 0,
      "crossed_edge_count": 0
    },
    "cell_06": {
      "kind": "cell",
      "incoming_edges": 1,
      "outgoing_edges": 1,
      "direct_downstream_nodes": 1,
      "source_port_nets": 1,
      "rendering_anchors": 1,
      "is_root": false,
      "is_terminal": false,
      "manhattan_length_px": 68.15,
      "bends_total": 0,
      "crossing_points": 0,
      "crossing_pair_incidents": 0,
      "crossed_edge_count": 0
    },
    "cell_07": {
      "kind": "cell",
      "incoming_edges": 1,
      "outgoing_edges": 1,
      "direct_downstream_nodes": 1,
      "source_port_nets": 1,
      "rendering_anchors": 1,
      "is_root": false,
      "is_terminal": false,
      "manhattan_length_px": 68.15,
      "bends_total": 0,
      "crossing_points": 0,
      "crossing_pair_incidents": 0,
      "crossed_edge_count": 0
    },
    "cell_08": {
      "kind": "cell",
      "incoming_edges": 1,
      "outgoing_edges": 1,
      "direct_downstream_nodes": 1,
      "source_port_nets": 1,
      "rendering_anchors": 1,
      "is_root": false,
      "is_terminal": false,
      "manhattan_length_px": 68.15,
      "bends_total": 0,
      "crossing_points": 0,
      "crossing_pair_incidents": 0,
      "crossed_edge_count": 0
    },
    "cell_09": {
      "kind": "cell",
      "incoming_edges": 1,
      "outgoing_edges": 1,
      "direct_downstream_nodes": 1,
      "source_port_nets": 1,
      "rendering_anchors": 1,
      "is_root": false,
      "is_terminal": false,
      "manhattan_length_px": 68.15,
      "bends_total": 0,
      "crossing_points": 0,
      "crossing_pair_incidents": 0,
      "crossed_edge_count": 0
    },
    "cell_10": {
      "kind": "cell",
      "incoming_edges": 1,
      "outgoing_edges": 1,
      "direct_downstream_nodes": 1,
      "source_port_nets": 1,
      "rendering_anchors": 1,
      "is_root": false,
      "is_terminal": false,
      "manhattan_length_px": 68.15,
      "bends_total": 0,
      "crossing_points": 0,
      "crossing_pair_incidents": 0,
      "crossed_edge_count": 0
    },
    "cell_11": {
      "kind": "cell",
      "incoming_edges": 1,
      "outgoing_edges": 1,
      "direct_downstream_nodes": 1,
      "source_port_nets": 1,
      "rendering_anchors": 1,
      "is_root": false,
      "is_terminal": false,
      "manhattan_length_px": 68.15,
      "bends_total": 0,
      "crossing_points": 0,
      "crossing_pair_incidents": 0,
      "crossed_edge_count": 0
    },
    "clock_00": {
      "kind": "clock",
      "incoming_edges": 1,
      "outgoing_edges": 0,
      "direct_downstream_nodes": 0,
      "source_port_nets": 0,
      "rendering_anchors": 1,
      "is_root": false,
      "is_terminal": true,
      "manhattan_length_px": 0,
      "bends_total": 0,
      "crossing_points": 0,
      "crossing_pair_incidents": 0,
      "crossed_edge_count": 0
    },
    "clock_01": {
      "kind": "clock",
      "incoming_edges": 1,
      "outgoing_edges": 0,
      "direct_downstream_nodes": 0,
      "source_port_nets": 0,
      "rendering_anchors": 1,
      "is_root": false,
      "is_terminal": true,
      "manhattan_length_px": 0,
      "bends_total": 0,
      "crossing_points": 0,
      "crossing_pair_incidents": 0,
      "crossed_edge_count": 0
    },
    "clock_02": {
      "kind": "clock",
      "incoming_edges": 1,
      "outgoing_edges": 0,
      "direct_downstream_nodes": 0,
      "source_port_nets": 0,
      "rendering_anchors": 1,
      "is_root": false,
      "is_terminal": true,
      "manhattan_length_px": 0,
      "bends_total": 0,
      "crossing_points": 0,
      "crossing_pair_incidents": 0,
      "crossed_edge_count": 0
    },
    "clock_03": {
      "kind": "clock",
      "incoming_edges": 1,
      "outgoing_edges": 0,
      "direct_downstream_nodes": 0,
      "source_port_nets": 0,
      "rendering_anchors": 1,
      "is_root": false,
      "is_terminal": true,
      "manhattan_length_px": 0,
      "bends_total": 0,
      "crossing_points": 0,
      "crossing_pair_incidents": 0,
      "crossed_edge_count": 0
    },
    "clock_04": {
      "kind": "clock",
      "incoming_edges": 1,
      "outgoing_edges": 0,
      "direct_downstream_nodes": 0,
      "source_port_nets": 0,
      "rendering_anchors": 1,
      "is_root": false,
      "is_terminal": true,
      "manhattan_length_px": 0,
      "bends_total": 0,
      "crossing_points": 0,
      "crossing_pair_incidents": 0,
      "crossed_edge_count": 0
    },
    "clock_05": {
      "kind": "clock",
      "incoming_edges": 1,
      "outgoing_edges": 0,
      "direct_downstream_nodes": 0,
      "source_port_nets": 0,
      "rendering_anchors": 1,
      "is_root": false,
      "is_terminal": true,
      "manhattan_length_px": 0,
      "bends_total": 0,
      "crossing_points": 0,
      "crossing_pair_incidents": 0,
      "crossed_edge_count": 0
    },
    "clock_06": {
      "kind": "clock",
      "incoming_edges": 1,
      "outgoing_edges": 0,
      "direct_downstream_nodes": 0,
      "source_port_nets": 0,
      "rendering_anchors": 1,
      "is_root": false,
      "is_terminal": true,
      "manhattan_length_px": 0,
      "bends_total": 0,
      "crossing_points": 0,
      "crossing_pair_incidents": 0,
      "crossed_edge_count": 0
    },
    "clock_07": {
      "kind": "clock",
      "incoming_edges": 1,
      "outgoing_edges": 0,
      "direct_downstream_nodes": 0,
      "source_port_nets": 0,
      "rendering_anchors": 1,
      "is_root": false,
      "is_terminal": true,
      "manhattan_length_px": 0,
      "bends_total": 0,
      "crossing_points": 0,
      "crossing_pair_incidents": 0,
      "crossed_edge_count": 0
    },
    "clock_08": {
      "kind": "clock",
      "incoming_edges": 1,
      "outgoing_edges": 0,
      "direct_downstream_nodes": 0,
      "source_port_nets": 0,
      "rendering_anchors": 1,
      "is_root": false,
      "is_terminal": true,
      "manhattan_length_px": 0,
      "bends_total": 0,
      "crossing_points": 0,
      "crossing_pair_incidents": 0,
      "crossed_edge_count": 0
    },
    "clock_09": {
      "kind": "clock",
      "incoming_edges": 1,
      "outgoing_edges": 0,
      "direct_downstream_nodes": 0,
      "source_port_nets": 0,
      "rendering_anchors": 1,
      "is_root": false,
      "is_terminal": true,
      "manhattan_length_px": 0,
      "bends_total": 0,
      "crossing_points": 0,
      "crossing_pair_incidents": 0,
      "crossed_edge_count": 0
    },
    "clock_10": {
      "kind": "clock",
      "incoming_edges": 1,
      "outgoing_edges": 0,
      "direct_downstream_nodes": 0,
      "source_port_nets": 0,
      "rendering_anchors": 1,
      "is_root": false,
      "is_terminal": true,
      "manhattan_length_px": 0,
      "bends_total": 0,
      "crossing_points": 0,
      "crossing_pair_incidents": 0,
      "crossed_edge_count": 0
    },
    "clock_11": {
      "kind": "clock",
      "incoming_edges": 1,
      "outgoing_edges": 0,
      "direct_downstream_nodes": 0,
      "source_port_nets": 0,
      "rendering_anchors": 1,
      "is_root": false,
      "is_terminal": true,
      "manhattan_length_px": 0,
      "bends_total": 0,
      "crossing_points": 0,
      "crossing_pair_incidents": 0,
      "crossed_edge_count": 0
    },
    "common_from": {
      "kind": "from",
      "incoming_edges": 0,
      "outgoing_edges": 4,
      "direct_downstream_nodes": 4,
      "source_port_nets": 1,
      "rendering_anchors": 1,
      "is_root": true,
      "is_terminal": false,
      "manhattan_length_px": 1292.1232,
      "bends_total": 6,
      "crossing_points": 6,
      "crossing_pair_incidents": 8,
      "crossed_edge_count": 6
    },
    "common_gate_root": {
      "kind": "gate",
      "incoming_edges": 0,
      "outgoing_edges": 4,
      "direct_downstream_nodes": 4,
      "source_port_nets": 1,
      "rendering_anchors": 1,
      "is_root": true,
      "is_terminal": false,
      "manhattan_length_px": 1292.1232,
      "bends_total": 6,
      "crossing_points": 6,
      "crossing_pair_incidents": 8,
      "crossed_edge_count": 6
    },
    "common_source": {
      "kind": "source",
      "incoming_edges": 0,
      "outgoing_edges": 4,
      "direct_downstream_nodes": 4,
      "source_port_nets": 1,
      "rendering_anchors": 1,
      "is_root": true,
      "is_terminal": false,
      "manhattan_length_px": 1316.08,
      "bends_total": 6,
      "crossing_points": 6,
      "crossing_pair_incidents": 8,
      "crossed_edge_count": 6
    },
    "div_01": {
      "kind": "div",
      "incoming_edges": 1,
      "outgoing_edges": 1,
      "direct_downstream_nodes": 1,
      "source_port_nets": 1,
      "rendering_anchors": 1,
      "is_root": false,
      "is_terminal": false,
      "manhattan_length_px": 68.938,
      "bends_total": 0,
      "crossing_points": 0,
      "crossing_pair_incidents": 0,
      "crossed_edge_count": 0
    },
    "div_03": {
      "kind": "div",
      "incoming_edges": 1,
      "outgoing_edges": 1,
      "direct_downstream_nodes": 1,
      "source_port_nets": 1,
      "rendering_anchors": 1,
      "is_root": false,
      "is_terminal": false,
      "manhattan_length_px": 68.938,
      "bends_total": 0,
      "crossing_points": 0,
      "crossing_pair_incidents": 0,
      "crossed_edge_count": 0
    },
    "div_05": {
      "kind": "div",
      "incoming_edges": 1,
      "outgoing_edges": 1,
      "direct_downstream_nodes": 1,
      "source_port_nets": 1,
      "rendering_anchors": 1,
      "is_root": false,
      "is_terminal": false,
      "manhattan_length_px": 68.938,
      "bends_total": 0,
      "crossing_points": 0,
      "crossing_pair_incidents": 0,
      "crossed_edge_count": 0
    },
    "div_07": {
      "kind": "div",
      "incoming_edges": 1,
      "outgoing_edges": 1,
      "direct_downstream_nodes": 1,
      "source_port_nets": 1,
      "rendering_anchors": 1,
      "is_root": false,
      "is_terminal": false,
      "manhattan_length_px": 68.938,
      "bends_total": 0,
      "crossing_points": 0,
      "crossing_pair_incidents": 0,
      "crossed_edge_count": 0
    },
    "div_09": {
      "kind": "div",
      "incoming_edges": 1,
      "outgoing_edges": 1,
      "direct_downstream_nodes": 1,
      "source_port_nets": 1,
      "rendering_anchors": 1,
      "is_root": false,
      "is_terminal": false,
      "manhattan_length_px": 68.938,
      "bends_total": 0,
      "crossing_points": 0,
      "crossing_pair_incidents": 0,
      "crossed_edge_count": 0
    },
    "div_11": {
      "kind": "div",
      "incoming_edges": 1,
      "outgoing_edges": 1,
      "direct_downstream_nodes": 1,
      "source_port_nets": 1,
      "rendering_anchors": 1,
      "is_root": false,
      "is_terminal": false,
      "manhattan_length_px": 68.938,
      "bends_total": 0,
      "crossing_points": 0,
      "crossing_pair_incidents": 0,
      "crossed_edge_count": 0
    },
    "local_a_00": {
      "kind": "from",
      "incoming_edges": 0,
      "outgoing_edges": 1,
      "direct_downstream_nodes": 1,
      "source_port_nets": 1,
      "rendering_anchors": 1,
      "is_root": true,
      "is_terminal": false,
      "manhattan_length_px": 90.02,
      "bends_total": 0,
      "crossing_points": 1,
      "crossing_pair_incidents": 1,
      "crossed_edge_count": 1
    },
    "local_a_01": {
      "kind": "source",
      "incoming_edges": 0,
      "outgoing_edges": 1,
      "direct_downstream_nodes": 1,
      "source_port_nets": 1,
      "rendering_anchors": 1,
      "is_root": true,
      "is_terminal": false,
      "manhattan_length_px": 96.02,
      "bends_total": 0,
      "crossing_points": 1,
      "crossing_pair_incidents": 1,
      "crossed_edge_count": 1
    },
    "local_a_02": {
      "kind": "gate",
      "incoming_edges": 0,
      "outgoing_edges": 1,
      "direct_downstream_nodes": 1,
      "source_port_nets": 1,
      "rendering_anchors": 1,
      "is_root": true,
      "is_terminal": false,
      "manhattan_length_px": 90.02,
      "bends_total": 0,
      "crossing_points": 0,
      "crossing_pair_incidents": 0,
      "crossed_edge_count": 0
    },
    "local_a_03": {
      "kind": "from",
      "incoming_edges": 0,
      "outgoing_edges": 1,
      "direct_downstream_nodes": 1,
      "source_port_nets": 1,
      "rendering_anchors": 1,
      "is_root": true,
      "is_terminal": false,
      "manhattan_length_px": 90.02,
      "bends_total": 0,
      "crossing_points": 1,
      "crossing_pair_incidents": 2,
      "crossed_edge_count": 2
    },
    "local_a_04": {
      "kind": "source",
      "incoming_edges": 0,
      "outgoing_edges": 1,
      "direct_downstream_nodes": 1,
      "source_port_nets": 1,
      "rendering_anchors": 1,
      "is_root": true,
      "is_terminal": false,
      "manhattan_length_px": 96.02,
      "bends_total": 0,
      "crossing_points": 1,
      "crossing_pair_incidents": 2,
      "crossed_edge_count": 2
    },
    "local_a_05": {
      "kind": "gate",
      "incoming_edges": 0,
      "outgoing_edges": 1,
      "direct_downstream_nodes": 1,
      "source_port_nets": 1,
      "rendering_anchors": 1,
      "is_root": true,
      "is_terminal": false,
      "manhattan_length_px": 90.02,
      "bends_total": 0,
      "crossing_points": 1,
      "crossing_pair_incidents": 1,
      "crossed_edge_count": 1
    },
    "local_a_06": {
      "kind": "from",
      "incoming_edges": 0,
      "outgoing_edges": 1,
      "direct_downstream_nodes": 1,
      "source_port_nets": 1,
      "rendering_anchors": 1,
      "is_root": true,
      "is_terminal": false,
      "manhattan_length_px": 90.02,
      "bends_total": 0,
      "crossing_points": 1,
      "crossing_pair_incidents": 1,
      "crossed_edge_count": 1
    },
    "local_a_07": {
      "kind": "source",
      "incoming_edges": 0,
      "outgoing_edges": 1,
      "direct_downstream_nodes": 1,
      "source_port_nets": 1,
      "rendering_anchors": 1,
      "is_root": true,
      "is_terminal": false,
      "manhattan_length_px": 96.02,
      "bends_total": 0,
      "crossing_points": 1,
      "crossing_pair_incidents": 1,
      "crossed_edge_count": 1
    },
    "local_a_08": {
      "kind": "gate",
      "incoming_edges": 0,
      "outgoing_edges": 1,
      "direct_downstream_nodes": 1,
      "source_port_nets": 1,
      "rendering_anchors": 1,
      "is_root": true,
      "is_terminal": false,
      "manhattan_length_px": 90.02,
      "bends_total": 0,
      "crossing_points": 1,
      "crossing_pair_incidents": 2,
      "crossed_edge_count": 2
    },
    "local_a_09": {
      "kind": "from",
      "incoming_edges": 0,
      "outgoing_edges": 1,
      "direct_downstream_nodes": 1,
      "source_port_nets": 1,
      "rendering_anchors": 1,
      "is_root": true,
      "is_terminal": false,
      "manhattan_length_px": 90.02,
      "bends_total": 0,
      "crossing_points": 0,
      "crossing_pair_incidents": 0,
      "crossed_edge_count": 0
    },
    "local_a_10": {
      "kind": "source",
      "incoming_edges": 0,
      "outgoing_edges": 1,
      "direct_downstream_nodes": 1,
      "source_port_nets": 1,
      "rendering_anchors": 1,
      "is_root": true,
      "is_terminal": false,
      "manhattan_length_px": 96.02,
      "bends_total": 0,
      "crossing_points": 0,
      "crossing_pair_incidents": 0,
      "crossed_edge_count": 0
    },
    "local_a_11": {
      "kind": "gate",
      "incoming_edges": 0,
      "outgoing_edges": 1,
      "direct_downstream_nodes": 1,
      "source_port_nets": 1,
      "rendering_anchors": 1,
      "is_root": true,
      "is_terminal": false,
      "manhattan_length_px": 90.02,
      "bends_total": 0,
      "crossing_points": 1,
      "crossing_pair_incidents": 1,
      "crossed_edge_count": 1
    },
    "local_b_00": {
      "kind": "source",
      "incoming_edges": 0,
      "outgoing_edges": 1,
      "direct_downstream_nodes": 1,
      "source_port_nets": 1,
      "rendering_anchors": 1,
      "is_root": true,
      "is_terminal": false,
      "manhattan_length_px": 96.02,
      "bends_total": 0,
      "crossing_points": 1,
      "crossing_pair_incidents": 1,
      "crossed_edge_count": 1
    },
    "local_b_01": {
      "kind": "gate",
      "incoming_edges": 0,
      "outgoing_edges": 1,
      "direct_downstream_nodes": 1,
      "source_port_nets": 1,
      "rendering_anchors": 1,
      "is_root": true,
      "is_terminal": false,
      "manhattan_length_px": 90.02,
      "bends_total": 0,
      "crossing_points": 0,
      "crossing_pair_incidents": 0,
      "crossed_edge_count": 0
    },
    "local_b_02": {
      "kind": "from",
      "incoming_edges": 0,
      "outgoing_edges": 1,
      "direct_downstream_nodes": 1,
      "source_port_nets": 1,
      "rendering_anchors": 1,
      "is_root": true,
      "is_terminal": false,
      "manhattan_length_px": 90.02,
      "bends_total": 0,
      "crossing_points": 0,
      "crossing_pair_incidents": 0,
      "crossed_edge_count": 0
    },
    "local_b_03": {
      "kind": "source",
      "incoming_edges": 0,
      "outgoing_edges": 1,
      "direct_downstream_nodes": 1,
      "source_port_nets": 1,
      "rendering_anchors": 1,
      "is_root": true,
      "is_terminal": false,
      "manhattan_length_px": 96.02,
      "bends_total": 0,
      "crossing_points": 1,
      "crossing_pair_incidents": 2,
      "crossed_edge_count": 2
    },
    "local_b_04": {
      "kind": "gate",
      "incoming_edges": 0,
      "outgoing_edges": 1,
      "direct_downstream_nodes": 1,
      "source_port_nets": 1,
      "rendering_anchors": 1,
      "is_root": true,
      "is_terminal": false,
      "manhattan_length_px": 90.02,
      "bends_total": 0,
      "crossing_points": 1,
      "crossing_pair_incidents": 1,
      "crossed_edge_count": 1
    },
    "local_b_05": {
      "kind": "from",
      "incoming_edges": 0,
      "outgoing_edges": 1,
      "direct_downstream_nodes": 1,
      "source_port_nets": 1,
      "rendering_anchors": 1,
      "is_root": true,
      "is_terminal": false,
      "manhattan_length_px": 90.02,
      "bends_total": 0,
      "crossing_points": 1,
      "crossing_pair_incidents": 1,
      "crossed_edge_count": 1
    },
    "local_b_06": {
      "kind": "source",
      "incoming_edges": 0,
      "outgoing_edges": 1,
      "direct_downstream_nodes": 1,
      "source_port_nets": 1,
      "rendering_anchors": 1,
      "is_root": true,
      "is_terminal": false,
      "manhattan_length_px": 96.02,
      "bends_total": 0,
      "crossing_points": 1,
      "crossing_pair_incidents": 1,
      "crossed_edge_count": 1
    },
    "local_b_07": {
      "kind": "gate",
      "incoming_edges": 0,
      "outgoing_edges": 1,
      "direct_downstream_nodes": 1,
      "source_port_nets": 1,
      "rendering_anchors": 1,
      "is_root": true,
      "is_terminal": false,
      "manhattan_length_px": 90.02,
      "bends_total": 0,
      "crossing_points": 1,
      "crossing_pair_incidents": 2,
      "crossed_edge_count": 2
    },
    "local_b_08": {
      "kind": "from",
      "incoming_edges": 0,
      "outgoing_edges": 1,
      "direct_downstream_nodes": 1,
      "source_port_nets": 1,
      "rendering_anchors": 1,
      "is_root": true,
      "is_terminal": false,
      "manhattan_length_px": 90.02,
      "bends_total": 0,
      "crossing_points": 1,
      "crossing_pair_incidents": 2,
      "crossed_edge_count": 2
    },
    "local_b_09": {
      "kind": "source",
      "incoming_edges": 0,
      "outgoing_edges": 1,
      "direct_downstream_nodes": 1,
      "source_port_nets": 1,
      "rendering_anchors": 1,
      "is_root": true,
      "is_terminal": false,
      "manhattan_length_px": 96.02,
      "bends_total": 0,
      "crossing_points": 0,
      "crossing_pair_incidents": 0,
      "crossed_edge_count": 0
    },
    "local_b_10": {
      "kind": "gate",
      "incoming_edges": 0,
      "outgoing_edges": 1,
      "direct_downstream_nodes": 1,
      "source_port_nets": 1,
      "rendering_anchors": 1,
      "is_root": true,
      "is_terminal": false,
      "manhattan_length_px": 90.02,
      "bends_total": 0,
      "crossing_points": 1,
      "crossing_pair_incidents": 1,
      "crossed_edge_count": 1
    },
    "local_b_11": {
      "kind": "from",
      "incoming_edges": 0,
      "outgoing_edges": 1,
      "direct_downstream_nodes": 1,
      "source_port_nets": 1,
      "rendering_anchors": 1,
      "is_root": true,
      "is_terminal": false,
      "manhattan_length_px": 90.02,
      "bends_total": 0,
      "crossing_points": 1,
      "crossing_pair_incidents": 1,
      "crossed_edge_count": 1
    },
    "pad_00": {
      "kind": "pad3",
      "incoming_edges": 3,
      "outgoing_edges": 1,
      "direct_downstream_nodes": 1,
      "source_port_nets": 1,
      "rendering_anchors": 1,
      "is_root": false,
      "is_terminal": false,
      "manhattan_length_px": 155.25,
      "bends_total": 0,
      "crossing_points": 0,
      "crossing_pair_incidents": 0,
      "crossed_edge_count": 0
    },
    "pad_01": {
      "kind": "pad3",
      "incoming_edges": 3,
      "outgoing_edges": 1,
      "direct_downstream_nodes": 1,
      "source_port_nets": 1,
      "rendering_anchors": 1,
      "is_root": false,
      "is_terminal": false,
      "manhattan_length_px": 65.528,
      "bends_total": 0,
      "crossing_points": 0,
      "crossing_pair_incidents": 0,
      "crossed_edge_count": 0
    },
    "pad_02": {
      "kind": "pad3",
      "incoming_edges": 3,
      "outgoing_edges": 1,
      "direct_downstream_nodes": 1,
      "source_port_nets": 1,
      "rendering_anchors": 1,
      "is_root": false,
      "is_terminal": false,
      "manhattan_length_px": 155.25,
      "bends_total": 0,
      "crossing_points": 0,
      "crossing_pair_incidents": 0,
      "crossed_edge_count": 0
    },
    "pad_03": {
      "kind": "pad3",
      "incoming_edges": 3,
      "outgoing_edges": 1,
      "direct_downstream_nodes": 1,
      "source_port_nets": 1,
      "rendering_anchors": 1,
      "is_root": false,
      "is_terminal": false,
      "manhattan_length_px": 65.528,
      "bends_total": 0,
      "crossing_points": 0,
      "crossing_pair_incidents": 0,
      "crossed_edge_count": 0
    },
    "pad_04": {
      "kind": "pad3",
      "incoming_edges": 3,
      "outgoing_edges": 1,
      "direct_downstream_nodes": 1,
      "source_port_nets": 1,
      "rendering_anchors": 1,
      "is_root": false,
      "is_terminal": false,
      "manhattan_length_px": 155.25,
      "bends_total": 0,
      "crossing_points": 0,
      "crossing_pair_incidents": 0,
      "crossed_edge_count": 0
    },
    "pad_05": {
      "kind": "pad3",
      "incoming_edges": 3,
      "outgoing_edges": 1,
      "direct_downstream_nodes": 1,
      "source_port_nets": 1,
      "rendering_anchors": 1,
      "is_root": false,
      "is_terminal": false,
      "manhattan_length_px": 65.528,
      "bends_total": 0,
      "crossing_points": 0,
      "crossing_pair_incidents": 0,
      "crossed_edge_count": 0
    },
    "pad_06": {
      "kind": "pad3",
      "incoming_edges": 3,
      "outgoing_edges": 1,
      "direct_downstream_nodes": 1,
      "source_port_nets": 1,
      "rendering_anchors": 1,
      "is_root": false,
      "is_terminal": false,
      "manhattan_length_px": 155.25,
      "bends_total": 0,
      "crossing_points": 0,
      "crossing_pair_incidents": 0,
      "crossed_edge_count": 0
    },
    "pad_07": {
      "kind": "pad3",
      "incoming_edges": 3,
      "outgoing_edges": 1,
      "direct_downstream_nodes": 1,
      "source_port_nets": 1,
      "rendering_anchors": 1,
      "is_root": false,
      "is_terminal": false,
      "manhattan_length_px": 65.528,
      "bends_total": 0,
      "crossing_points": 0,
      "crossing_pair_incidents": 0,
      "crossed_edge_count": 0
    },
    "pad_08": {
      "kind": "pad3",
      "incoming_edges": 3,
      "outgoing_edges": 1,
      "direct_downstream_nodes": 1,
      "source_port_nets": 1,
      "rendering_anchors": 1,
      "is_root": false,
      "is_terminal": false,
      "manhattan_length_px": 155.25,
      "bends_total": 0,
      "crossing_points": 0,
      "crossing_pair_incidents": 0,
      "crossed_edge_count": 0
    },
    "pad_09": {
      "kind": "pad3",
      "incoming_edges": 3,
      "outgoing_edges": 1,
      "direct_downstream_nodes": 1,
      "source_port_nets": 1,
      "rendering_anchors": 1,
      "is_root": false,
      "is_terminal": false,
      "manhattan_length_px": 65.528,
      "bends_total": 0,
      "crossing_points": 0,
      "crossing_pair_incidents": 0,
      "crossed_edge_count": 0
    },
    "pad_10": {
      "kind": "pad3",
      "incoming_edges": 3,
      "outgoing_edges": 1,
      "direct_downstream_nodes": 1,
      "source_port_nets": 1,
      "rendering_anchors": 1,
      "is_root": false,
      "is_terminal": false,
      "manhattan_length_px": 155.25,
      "bends_total": 0,
      "crossing_points": 0,
      "crossing_pair_incidents": 0,
      "crossed_edge_count": 0
    },
    "pad_11": {
      "kind": "pad3",
      "incoming_edges": 3,
      "outgoing_edges": 1,
      "direct_downstream_nodes": 1,
      "source_port_nets": 1,
      "rendering_anchors": 1,
      "is_root": false,
      "is_terminal": false,
      "manhattan_length_px": 65.528,
      "bends_total": 0,
      "crossing_points": 0,
      "crossing_pair_incidents": 0,
      "crossed_edge_count": 0
    }
  },
  "networks": {
    "cell_00:right": {
      "source": "cell_00",
      "source_port": "right",
      "edges": 1,
      "rendering_anchors": 1,
      "branch_count": 0,
      "crossing_points": 0,
      "crossing_pair_incidents": 0,
      "crossed_edge_count": 0,
      "manhattan_length_px": 68.15,
      "horizontal_length_px": 68.15,
      "vertical_length_px": 0,
      "bends_total": 0,
      "bends_max_per_edge": 0,
      "split_rejoin": false
    },
    "cell_01:right": {
      "source": "cell_01",
      "source_port": "right",
      "edges": 1,
      "rendering_anchors": 1,
      "branch_count": 0,
      "crossing_points": 0,
      "crossing_pair_incidents": 0,
      "crossed_edge_count": 0,
      "manhattan_length_px": 68.15,
      "horizontal_length_px": 68.15,
      "vertical_length_px": 0,
      "bends_total": 0,
      "bends_max_per_edge": 0,
      "split_rejoin": false
    },
    "cell_02:right": {
      "source": "cell_02",
      "source_port": "right",
      "edges": 1,
      "rendering_anchors": 1,
      "branch_count": 0,
      "crossing_points": 0,
      "crossing_pair_incidents": 0,
      "crossed_edge_count": 0,
      "manhattan_length_px": 68.15,
      "horizontal_length_px": 68.15,
      "vertical_length_px": 0,
      "bends_total": 0,
      "bends_max_per_edge": 0,
      "split_rejoin": false
    },
    "cell_03:right": {
      "source": "cell_03",
      "source_port": "right",
      "edges": 1,
      "rendering_anchors": 1,
      "branch_count": 0,
      "crossing_points": 0,
      "crossing_pair_incidents": 0,
      "crossed_edge_count": 0,
      "manhattan_length_px": 68.15,
      "horizontal_length_px": 68.15,
      "vertical_length_px": 0,
      "bends_total": 0,
      "bends_max_per_edge": 0,
      "split_rejoin": false
    },
    "cell_04:right": {
      "source": "cell_04",
      "source_port": "right",
      "edges": 1,
      "rendering_anchors": 1,
      "branch_count": 0,
      "crossing_points": 0,
      "crossing_pair_incidents": 0,
      "crossed_edge_count": 0,
      "manhattan_length_px": 68.15,
      "horizontal_length_px": 68.15,
      "vertical_length_px": 0,
      "bends_total": 0,
      "bends_max_per_edge": 0,
      "split_rejoin": false
    },
    "cell_05:right": {
      "source": "cell_05",
      "source_port": "right",
      "edges": 1,
      "rendering_anchors": 1,
      "branch_count": 0,
      "crossing_points": 0,
      "crossing_pair_incidents": 0,
      "crossed_edge_count": 0,
      "manhattan_length_px": 68.15,
      "horizontal_length_px": 68.15,
      "vertical_length_px": 0,
      "bends_total": 0,
      "bends_max_per_edge": 0,
      "split_rejoin": false
    },
    "cell_06:right": {
      "source": "cell_06",
      "source_port": "right",
      "edges": 1,
      "rendering_anchors": 1,
      "branch_count": 0,
      "crossing_points": 0,
      "crossing_pair_incidents": 0,
      "crossed_edge_count": 0,
      "manhattan_length_px": 68.15,
      "horizontal_length_px": 68.15,
      "vertical_length_px": 0,
      "bends_total": 0,
      "bends_max_per_edge": 0,
      "split_rejoin": false
    },
    "cell_07:right": {
      "source": "cell_07",
      "source_port": "right",
      "edges": 1,
      "rendering_anchors": 1,
      "branch_count": 0,
      "crossing_points": 0,
      "crossing_pair_incidents": 0,
      "crossed_edge_count": 0,
      "manhattan_length_px": 68.15,
      "horizontal_length_px": 68.15,
      "vertical_length_px": 0,
      "bends_total": 0,
      "bends_max_per_edge": 0,
      "split_rejoin": false
    },
    "cell_08:right": {
      "source": "cell_08",
      "source_port": "right",
      "edges": 1,
      "rendering_anchors": 1,
      "branch_count": 0,
      "crossing_points": 0,
      "crossing_pair_incidents": 0,
      "crossed_edge_count": 0,
      "manhattan_length_px": 68.15,
      "horizontal_length_px": 68.15,
      "vertical_length_px": 0,
      "bends_total": 0,
      "bends_max_per_edge": 0,
      "split_rejoin": false
    },
    "cell_09:right": {
      "source": "cell_09",
      "source_port": "right",
      "edges": 1,
      "rendering_anchors": 1,
      "branch_count": 0,
      "crossing_points": 0,
      "crossing_pair_incidents": 0,
      "crossed_edge_count": 0,
      "manhattan_length_px": 68.15,
      "horizontal_length_px": 68.15,
      "vertical_length_px": 0,
      "bends_total": 0,
      "bends_max_per_edge": 0,
      "split_rejoin": false
    },
    "cell_10:right": {
      "source": "cell_10",
      "source_port": "right",
      "edges": 1,
      "rendering_anchors": 1,
      "branch_count": 0,
      "crossing_points": 0,
      "crossing_pair_incidents": 0,
      "crossed_edge_count": 0,
      "manhattan_length_px": 68.15,
      "horizontal_length_px": 68.15,
      "vertical_length_px": 0,
      "bends_total": 0,
      "bends_max_per_edge": 0,
      "split_rejoin": false
    },
    "cell_11:right": {
      "source": "cell_11",
      "source_port": "right",
      "edges": 1,
      "rendering_anchors": 1,
      "branch_count": 0,
      "crossing_points": 0,
      "crossing_pair_incidents": 0,
      "crossed_edge_count": 0,
      "manhattan_length_px": 68.15,
      "horizontal_length_px": 68.15,
      "vertical_length_px": 0,
      "bends_total": 0,
      "bends_max_per_edge": 0,
      "split_rejoin": false
    },
    "common_from:right": {
      "source": "common_from",
      "source_port": "right",
      "edges": 4,
      "rendering_anchors": 1,
      "branch_count": 3,
      "crossing_points": 6,
      "crossing_pair_incidents": 8,
      "crossed_edge_count": 6,
      "manhattan_length_px": 1292.1232,
      "horizontal_length_px": 360.08,
      "vertical_length_px": 932.0432,
      "bends_total": 6,
      "bends_max_per_edge": 2,
      "split_rejoin": false
    },
    "common_gate_root:right": {
      "source": "common_gate_root",
      "source_port": "right",
      "edges": 4,
      "rendering_anchors": 1,
      "branch_count": 3,
      "crossing_points": 6,
      "crossing_pair_incidents": 8,
      "crossed_edge_count": 6,
      "manhattan_length_px": 1292.1232,
      "horizontal_length_px": 360.08,
      "vertical_length_px": 932.0432,
      "bends_total": 6,
      "bends_max_per_edge": 2,
      "split_rejoin": false
    },
    "common_source:right": {
      "source": "common_source",
      "source_port": "right",
      "edges": 4,
      "rendering_anchors": 1,
      "branch_count": 3,
      "crossing_points": 6,
      "crossing_pair_incidents": 8,
      "crossed_edge_count": 6,
      "manhattan_length_px": 1316.08,
      "horizontal_length_px": 384.08,
      "vertical_length_px": 932.0,
      "bends_total": 6,
      "bends_max_per_edge": 2,
      "split_rejoin": false
    },
    "div_01:right": {
      "source": "div_01",
      "source_port": "right",
      "edges": 1,
      "rendering_anchors": 1,
      "branch_count": 0,
      "crossing_points": 0,
      "crossing_pair_incidents": 0,
      "crossed_edge_count": 0,
      "manhattan_length_px": 68.938,
      "horizontal_length_px": 68.938,
      "vertical_length_px": 0,
      "bends_total": 0,
      "bends_max_per_edge": 0,
      "split_rejoin": false
    },
    "div_03:right": {
      "source": "div_03",
      "source_port": "right",
      "edges": 1,
      "rendering_anchors": 1,
      "branch_count": 0,
      "crossing_points": 0,
      "crossing_pair_incidents": 0,
      "crossed_edge_count": 0,
      "manhattan_length_px": 68.938,
      "horizontal_length_px": 68.938,
      "vertical_length_px": 0,
      "bends_total": 0,
      "bends_max_per_edge": 0,
      "split_rejoin": false
    },
    "div_05:right": {
      "source": "div_05",
      "source_port": "right",
      "edges": 1,
      "rendering_anchors": 1,
      "branch_count": 0,
      "crossing_points": 0,
      "crossing_pair_incidents": 0,
      "crossed_edge_count": 0,
      "manhattan_length_px": 68.938,
      "horizontal_length_px": 68.938,
      "vertical_length_px": 0,
      "bends_total": 0,
      "bends_max_per_edge": 0,
      "split_rejoin": false
    },
    "div_07:right": {
      "source": "div_07",
      "source_port": "right",
      "edges": 1,
      "rendering_anchors": 1,
      "branch_count": 0,
      "crossing_points": 0,
      "crossing_pair_incidents": 0,
      "crossed_edge_count": 0,
      "manhattan_length_px": 68.938,
      "horizontal_length_px": 68.938,
      "vertical_length_px": 0,
      "bends_total": 0,
      "bends_max_per_edge": 0,
      "split_rejoin": false
    },
    "div_09:right": {
      "source": "div_09",
      "source_port": "right",
      "edges": 1,
      "rendering_anchors": 1,
      "branch_count": 0,
      "crossing_points": 0,
      "crossing_pair_incidents": 0,
      "crossed_edge_count": 0,
      "manhattan_length_px": 68.938,
      "horizontal_length_px": 68.938,
      "vertical_length_px": 0,
      "bends_total": 0,
      "bends_max_per_edge": 0,
      "split_rejoin": false
    },
    "div_11:right": {
      "source": "div_11",
      "source_port": "right",
      "edges": 1,
      "rendering_anchors": 1,
      "branch_count": 0,
      "crossing_points": 0,
      "crossing_pair_incidents": 0,
      "crossed_edge_count": 0,
      "manhattan_length_px": 68.938,
      "horizontal_length_px": 68.938,
      "vertical_length_px": 0,
      "bends_total": 0,
      "bends_max_per_edge": 0,
      "split_rejoin": false
    },
    "local_a_00:right": {
      "source": "local_a_00",
      "source_port": "right",
      "edges": 1,
      "rendering_anchors": 1,
      "branch_count": 0,
      "crossing_points": 1,
      "crossing_pair_incidents": 1,
      "crossed_edge_count": 1,
      "manhattan_length_px": 90.02,
      "horizontal_length_px": 90.02,
      "vertical_length_px": 0,
      "bends_total": 0,
      "bends_max_per_edge": 0,
      "split_rejoin": false
    },
    "local_a_01:right": {
      "source": "local_a_01",
      "source_port": "right",
      "edges": 1,
      "rendering_anchors": 1,
      "branch_count": 0,
      "crossing_points": 1,
      "crossing_pair_incidents": 1,
      "crossed_edge_count": 1,
      "manhattan_length_px": 96.02,
      "horizontal_length_px": 96.02,
      "vertical_length_px": 0,
      "bends_total": 0,
      "bends_max_per_edge": 0,
      "split_rejoin": false
    },
    "local_a_02:right": {
      "source": "local_a_02",
      "source_port": "right",
      "edges": 1,
      "rendering_anchors": 1,
      "branch_count": 0,
      "crossing_points": 0,
      "crossing_pair_incidents": 0,
      "crossed_edge_count": 0,
      "manhattan_length_px": 90.02,
      "horizontal_length_px": 90.02,
      "vertical_length_px": 0,
      "bends_total": 0,
      "bends_max_per_edge": 0,
      "split_rejoin": false
    },
    "local_a_03:right": {
      "source": "local_a_03",
      "source_port": "right",
      "edges": 1,
      "rendering_anchors": 1,
      "branch_count": 0,
      "crossing_points": 1,
      "crossing_pair_incidents": 2,
      "crossed_edge_count": 2,
      "manhattan_length_px": 90.02,
      "horizontal_length_px": 90.02,
      "vertical_length_px": 0,
      "bends_total": 0,
      "bends_max_per_edge": 0,
      "split_rejoin": false
    },
    "local_a_04:right": {
      "source": "local_a_04",
      "source_port": "right",
      "edges": 1,
      "rendering_anchors": 1,
      "branch_count": 0,
      "crossing_points": 1,
      "crossing_pair_incidents": 2,
      "crossed_edge_count": 2,
      "manhattan_length_px": 96.02,
      "horizontal_length_px": 96.02,
      "vertical_length_px": 0,
      "bends_total": 0,
      "bends_max_per_edge": 0,
      "split_rejoin": false
    },
    "local_a_05:right": {
      "source": "local_a_05",
      "source_port": "right",
      "edges": 1,
      "rendering_anchors": 1,
      "branch_count": 0,
      "crossing_points": 1,
      "crossing_pair_incidents": 1,
      "crossed_edge_count": 1,
      "manhattan_length_px": 90.02,
      "horizontal_length_px": 90.02,
      "vertical_length_px": 0,
      "bends_total": 0,
      "bends_max_per_edge": 0,
      "split_rejoin": false
    },
    "local_a_06:right": {
      "source": "local_a_06",
      "source_port": "right",
      "edges": 1,
      "rendering_anchors": 1,
      "branch_count": 0,
      "crossing_points": 1,
      "crossing_pair_incidents": 1,
      "crossed_edge_count": 1,
      "manhattan_length_px": 90.02,
      "horizontal_length_px": 90.02,
      "vertical_length_px": 0,
      "bends_total": 0,
      "bends_max_per_edge": 0,
      "split_rejoin": false
    },
    "local_a_07:right": {
      "source": "local_a_07",
      "source_port": "right",
      "edges": 1,
      "rendering_anchors": 1,
      "branch_count": 0,
      "crossing_points": 1,
      "crossing_pair_incidents": 1,
      "crossed_edge_count": 1,
      "manhattan_length_px": 96.02,
      "horizontal_length_px": 96.02,
      "vertical_length_px": 0,
      "bends_total": 0,
      "bends_max_per_edge": 0,
      "split_rejoin": false
    },
    "local_a_08:right": {
      "source": "local_a_08",
      "source_port": "right",
      "edges": 1,
      "rendering_anchors": 1,
      "branch_count": 0,
      "crossing_points": 1,
      "crossing_pair_incidents": 2,
      "crossed_edge_count": 2,
      "manhattan_length_px": 90.02,
      "horizontal_length_px": 90.02,
      "vertical_length_px": 0,
      "bends_total": 0,
      "bends_max_per_edge": 0,
      "split_rejoin": false
    },
    "local_a_09:right": {
      "source": "local_a_09",
      "source_port": "right",
      "edges": 1,
      "rendering_anchors": 1,
      "branch_count": 0,
      "crossing_points": 0,
      "crossing_pair_incidents": 0,
      "crossed_edge_count": 0,
      "manhattan_length_px": 90.02,
      "horizontal_length_px": 90.02,
      "vertical_length_px": 0,
      "bends_total": 0,
      "bends_max_per_edge": 0,
      "split_rejoin": false
    },
    "local_a_10:right": {
      "source": "local_a_10",
      "source_port": "right",
      "edges": 1,
      "rendering_anchors": 1,
      "branch_count": 0,
      "crossing_points": 0,
      "crossing_pair_incidents": 0,
      "crossed_edge_count": 0,
      "manhattan_length_px": 96.02,
      "horizontal_length_px": 96.02,
      "vertical_length_px": 0,
      "bends_total": 0,
      "bends_max_per_edge": 0,
      "split_rejoin": false
    },
    "local_a_11:right": {
      "source": "local_a_11",
      "source_port": "right",
      "edges": 1,
      "rendering_anchors": 1,
      "branch_count": 0,
      "crossing_points": 1,
      "crossing_pair_incidents": 1,
      "crossed_edge_count": 1,
      "manhattan_length_px": 90.02,
      "horizontal_length_px": 90.02,
      "vertical_length_px": 0,
      "bends_total": 0,
      "bends_max_per_edge": 0,
      "split_rejoin": false
    },
    "local_b_00:right": {
      "source": "local_b_00",
      "source_port": "right",
      "edges": 1,
      "rendering_anchors": 1,
      "branch_count": 0,
      "crossing_points": 1,
      "crossing_pair_incidents": 1,
      "crossed_edge_count": 1,
      "manhattan_length_px": 96.02,
      "horizontal_length_px": 96.02,
      "vertical_length_px": 0,
      "bends_total": 0,
      "bends_max_per_edge": 0,
      "split_rejoin": false
    },
    "local_b_01:right": {
      "source": "local_b_01",
      "source_port": "right",
      "edges": 1,
      "rendering_anchors": 1,
      "branch_count": 0,
      "crossing_points": 0,
      "crossing_pair_incidents": 0,
      "crossed_edge_count": 0,
      "manhattan_length_px": 90.02,
      "horizontal_length_px": 90.02,
      "vertical_length_px": 0,
      "bends_total": 0,
      "bends_max_per_edge": 0,
      "split_rejoin": false
    },
    "local_b_02:right": {
      "source": "local_b_02",
      "source_port": "right",
      "edges": 1,
      "rendering_anchors": 1,
      "branch_count": 0,
      "crossing_points": 0,
      "crossing_pair_incidents": 0,
      "crossed_edge_count": 0,
      "manhattan_length_px": 90.02,
      "horizontal_length_px": 90.02,
      "vertical_length_px": 0,
      "bends_total": 0,
      "bends_max_per_edge": 0,
      "split_rejoin": false
    },
    "local_b_03:right": {
      "source": "local_b_03",
      "source_port": "right",
      "edges": 1,
      "rendering_anchors": 1,
      "branch_count": 0,
      "crossing_points": 1,
      "crossing_pair_incidents": 2,
      "crossed_edge_count": 2,
      "manhattan_length_px": 96.02,
      "horizontal_length_px": 96.02,
      "vertical_length_px": 0,
      "bends_total": 0,
      "bends_max_per_edge": 0,
      "split_rejoin": false
    },
    "local_b_04:right": {
      "source": "local_b_04",
      "source_port": "right",
      "edges": 1,
      "rendering_anchors": 1,
      "branch_count": 0,
      "crossing_points": 1,
      "crossing_pair_incidents": 1,
      "crossed_edge_count": 1,
      "manhattan_length_px": 90.02,
      "horizontal_length_px": 90.02,
      "vertical_length_px": 0,
      "bends_total": 0,
      "bends_max_per_edge": 0,
      "split_rejoin": false
    },
    "local_b_05:right": {
      "source": "local_b_05",
      "source_port": "right",
      "edges": 1,
      "rendering_anchors": 1,
      "branch_count": 0,
      "crossing_points": 1,
      "crossing_pair_incidents": 1,
      "crossed_edge_count": 1,
      "manhattan_length_px": 90.02,
      "horizontal_length_px": 90.02,
      "vertical_length_px": 0,
      "bends_total": 0,
      "bends_max_per_edge": 0,
      "split_rejoin": false
    },
    "local_b_06:right": {
      "source": "local_b_06",
      "source_port": "right",
      "edges": 1,
      "rendering_anchors": 1,
      "branch_count": 0,
      "crossing_points": 1,
      "crossing_pair_incidents": 1,
      "crossed_edge_count": 1,
      "manhattan_length_px": 96.02,
      "horizontal_length_px": 96.02,
      "vertical_length_px": 0,
      "bends_total": 0,
      "bends_max_per_edge": 0,
      "split_rejoin": false
    },
    "local_b_07:right": {
      "source": "local_b_07",
      "source_port": "right",
      "edges": 1,
      "rendering_anchors": 1,
      "branch_count": 0,
      "crossing_points": 1,
      "crossing_pair_incidents": 2,
      "crossed_edge_count": 2,
      "manhattan_length_px": 90.02,
      "horizontal_length_px": 90.02,
      "vertical_length_px": 0,
      "bends_total": 0,
      "bends_max_per_edge": 0,
      "split_rejoin": false
    },
    "local_b_08:right": {
      "source": "local_b_08",
      "source_port": "right",
      "edges": 1,
      "rendering_anchors": 1,
      "branch_count": 0,
      "crossing_points": 1,
      "crossing_pair_incidents": 2,
      "crossed_edge_count": 2,
      "manhattan_length_px": 90.02,
      "horizontal_length_px": 90.02,
      "vertical_length_px": 0,
      "bends_total": 0,
      "bends_max_per_edge": 0,
      "split_rejoin": false
    },
    "local_b_09:right": {
      "source": "local_b_09",
      "source_port": "right",
      "edges": 1,
      "rendering_anchors": 1,
      "branch_count": 0,
      "crossing_points": 0,
      "crossing_pair_incidents": 0,
      "crossed_edge_count": 0,
      "manhattan_length_px": 96.02,
      "horizontal_length_px": 96.02,
      "vertical_length_px": 0,
      "bends_total": 0,
      "bends_max_per_edge": 0,
      "split_rejoin": false
    },
    "local_b_10:right": {
      "source": "local_b_10",
      "source_port": "right",
      "edges": 1,
      "rendering_anchors": 1,
      "branch_count": 0,
      "crossing_points": 1,
      "crossing_pair_incidents": 1,
      "crossed_edge_count": 1,
      "manhattan_length_px": 90.02,
      "horizontal_length_px": 90.02,
      "vertical_length_px": 0,
      "bends_total": 0,
      "bends_max_per_edge": 0,
      "split_rejoin": false
    },
    "local_b_11:right": {
      "source": "local_b_11",
      "source_port": "right",
      "edges": 1,
      "rendering_anchors": 1,
      "branch_count": 0,
      "crossing_points": 1,
      "crossing_pair_incidents": 1,
      "crossed_edge_count": 1,
      "manhattan_length_px": 90.02,
      "horizontal_length_px": 90.02,
      "vertical_length_px": 0,
      "bends_total": 0,
      "bends_max_per_edge": 0,
      "split_rejoin": false
    },
    "pad_00:right": {
      "source": "pad_00",
      "source_port": "right",
      "edges": 1,
      "rendering_anchors": 1,
      "branch_count": 0,
      "crossing_points": 0,
      "crossing_pair_incidents": 0,
      "crossed_edge_count": 0,
      "manhattan_length_px": 155.25,
      "horizontal_length_px": 155.25,
      "vertical_length_px": 0,
      "bends_total": 0,
      "bends_max_per_edge": 0,
      "split_rejoin": false
    },
    "pad_01:right": {
      "source": "pad_01",
      "source_port": "right",
      "edges": 1,
      "rendering_anchors": 1,
      "branch_count": 0,
      "crossing_points": 0,
      "crossing_pair_incidents": 0,
      "crossed_edge_count": 0,
      "manhattan_length_px": 65.528,
      "horizontal_length_px": 65.528,
      "vertical_length_px": 0,
      "bends_total": 0,
      "bends_max_per_edge": 0,
      "split_rejoin": false
    },
    "pad_02:right": {
      "source": "pad_02",
      "source_port": "right",
      "edges": 1,
      "rendering_anchors": 1,
      "branch_count": 0,
      "crossing_points": 0,
      "crossing_pair_incidents": 0,
      "crossed_edge_count": 0,
      "manhattan_length_px": 155.25,
      "horizontal_length_px": 155.25,
      "vertical_length_px": 0,
      "bends_total": 0,
      "bends_max_per_edge": 0,
      "split_rejoin": false
    },
    "pad_03:right": {
      "source": "pad_03",
      "source_port": "right",
      "edges": 1,
      "rendering_anchors": 1,
      "branch_count": 0,
      "crossing_points": 0,
      "crossing_pair_incidents": 0,
      "crossed_edge_count": 0,
      "manhattan_length_px": 65.528,
      "horizontal_length_px": 65.528,
      "vertical_length_px": 0,
      "bends_total": 0,
      "bends_max_per_edge": 0,
      "split_rejoin": false
    },
    "pad_04:right": {
      "source": "pad_04",
      "source_port": "right",
      "edges": 1,
      "rendering_anchors": 1,
      "branch_count": 0,
      "crossing_points": 0,
      "crossing_pair_incidents": 0,
      "crossed_edge_count": 0,
      "manhattan_length_px": 155.25,
      "horizontal_length_px": 155.25,
      "vertical_length_px": 0,
      "bends_total": 0,
      "bends_max_per_edge": 0,
      "split_rejoin": false
    },
    "pad_05:right": {
      "source": "pad_05",
      "source_port": "right",
      "edges": 1,
      "rendering_anchors": 1,
      "branch_count": 0,
      "crossing_points": 0,
      "crossing_pair_incidents": 0,
      "crossed_edge_count": 0,
      "manhattan_length_px": 65.528,
      "horizontal_length_px": 65.528,
      "vertical_length_px": 0,
      "bends_total": 0,
      "bends_max_per_edge": 0,
      "split_rejoin": false
    },
    "pad_06:right": {
      "source": "pad_06",
      "source_port": "right",
      "edges": 1,
      "rendering_anchors": 1,
      "branch_count": 0,
      "crossing_points": 0,
      "crossing_pair_incidents": 0,
      "crossed_edge_count": 0,
      "manhattan_length_px": 155.25,
      "horizontal_length_px": 155.25,
      "vertical_length_px": 0,
      "bends_total": 0,
      "bends_max_per_edge": 0,
      "split_rejoin": false
    },
    "pad_07:right": {
      "source": "pad_07",
      "source_port": "right",
      "edges": 1,
      "rendering_anchors": 1,
      "branch_count": 0,
      "crossing_points": 0,
      "crossing_pair_incidents": 0,
      "crossed_edge_count": 0,
      "manhattan_length_px": 65.528,
      "horizontal_length_px": 65.528,
      "vertical_length_px": 0,
      "bends_total": 0,
      "bends_max_per_edge": 0,
      "split_rejoin": false
    },
    "pad_08:right": {
      "source": "pad_08",
      "source_port": "right",
      "edges": 1,
      "rendering_anchors": 1,
      "branch_count": 0,
      "crossing_points": 0,
      "crossing_pair_incidents": 0,
      "crossed_edge_count": 0,
      "manhattan_length_px": 155.25,
      "horizontal_length_px": 155.25,
      "vertical_length_px": 0,
      "bends_total": 0,
      "bends_max_per_edge": 0,
      "split_rejoin": false
    },
    "pad_09:right": {
      "source": "pad_09",
      "source_port": "right",
      "edges": 1,
      "rendering_anchors": 1,
      "branch_count": 0,
      "crossing_points": 0,
      "crossing_pair_incidents": 0,
      "crossed_edge_count": 0,
      "manhattan_length_px": 65.528,
      "horizontal_length_px": 65.528,
      "vertical_length_px": 0,
      "bends_total": 0,
      "bends_max_per_edge": 0,
      "split_rejoin": false
    },
    "pad_10:right": {
      "source": "pad_10",
      "source_port": "right",
      "edges": 1,
      "rendering_anchors": 1,
      "branch_count": 0,
      "crossing_points": 0,
      "crossing_pair_incidents": 0,
      "crossed_edge_count": 0,
      "manhattan_length_px": 155.25,
      "horizontal_length_px": 155.25,
      "vertical_length_px": 0,
      "bends_total": 0,
      "bends_max_per_edge": 0,
      "split_rejoin": false
    },
    "pad_11:right": {
      "source": "pad_11",
      "source_port": "right",
      "edges": 1,
      "rendering_anchors": 1,
      "branch_count": 0,
      "crossing_points": 0,
      "crossing_pair_incidents": 0,
      "crossed_edge_count": 0,
      "manhattan_length_px": 65.528,
      "horizontal_length_px": 65.528,
      "vertical_length_px": 0,
      "bends_total": 0,
      "bends_max_per_edge": 0,
      "split_rejoin": false
    }
  },
  "edges": [
    {
      "edge_id": "svg-edge-0000",
      "source": "common_source",
      "target": "pad_00",
      "source_port": "right",
      "target_port": "0",
      "points": [
        [
          134.06,
          322.9917
        ],
        [
          198.12,
          322.9917
        ],
        [
          198.12,
          89.9917
        ],
        [
          230.08,
          89.9917
        ]
      ],
      "segments": 3,
      "bends": 2,
      "manhattan_length_px": 329.02,
      "horizontal_length_px": 96.02,
      "vertical_length_px": 233.0,
      "max_vertical_segment_px": 233.0,
      "crossing_points": 2,
      "crossing_pair_incidents": 2,
      "crossed_edge_count": 2,
      "source_port_fanout": 4,
      "branch_siblings": 3
    },
    {
      "edge_id": "svg-edge-0001",
      "source": "div_01",
      "target": "cell_01",
      "source_port": "right",
      "target_port": "left",
      "points": [
        [
          340.392,
          1078.0039
        ],
        [
          409.33,
          1078.0039
        ]
      ],
      "segments": 1,
      "bends": 0,
      "manhattan_length_px": 68.938,
      "horizontal_length_px": 68.938,
      "vertical_length_px": 0,
      "max_vertical_segment_px": 0.0,
      "crossing_points": 0,
      "crossing_pair_incidents": 0,
      "crossed_edge_count": 0,
      "source_port_fanout": 1,
      "branch_siblings": 0
    },
    {
      "edge_id": "svg-edge-0002",
      "source": "cell_01",
      "target": "clock_01",
      "source_port": "right",
      "target_port": "left",
      "points": [
        [
          431.33,
          1078.0039
        ],
        [
          499.48,
          1078.0039
        ]
      ],
      "segments": 1,
      "bends": 0,
      "manhattan_length_px": 68.15,
      "horizontal_length_px": 68.15,
      "vertical_length_px": 0,
      "max_vertical_segment_px": 0.0,
      "crossing_points": 0,
      "crossing_pair_incidents": 0,
      "crossed_edge_count": 0,
      "source_port_fanout": 1,
      "branch_siblings": 0
    },
    {
      "edge_id": "svg-edge-0003",
      "source": "local_a_02",
      "target": "pad_02",
      "source_port": "right",
      "target_port": "0",
      "points": [
        [
          140.06,
          1954.0457
        ],
        [
          230.08,
          1954.0457
        ]
      ],
      "segments": 1,
      "bends": 0,
      "manhattan_length_px": 90.02,
      "horizontal_length_px": 90.02,
      "vertical_length_px": 0,
      "max_vertical_segment_px": 0.0,
      "crossing_points": 0,
      "crossing_pair_incidents": 0,
      "crossed_edge_count": 0,
      "source_port_fanout": 1,
      "branch_siblings": 0
    },
    {
      "edge_id": "svg-edge-0004",
      "source": "local_b_02",
      "target": "pad_02",
      "source_port": "right",
      "target_port": "1",
      "points": [
        [
          140.06,
          2010.0471
        ],
        [
          230.08,
          2010.0471
        ]
      ],
      "segments": 1,
      "bends": 0,
      "manhattan_length_px": 90.02,
      "horizontal_length_px": 90.02,
      "vertical_length_px": 0,
      "max_vertical_segment_px": 0.0,
      "crossing_points": 0,
      "crossing_pair_incidents": 0,
      "crossed_edge_count": 0,
      "source_port_fanout": 1,
      "branch_siblings": 0
    },
    {
      "edge_id": "svg-edge-0005",
      "source": "common_gate_root",
      "target": "pad_02",
      "source_port": "right",
      "target_port": "2",
      "points": [
        [
          140.06,
          2299.0593
        ],
        [
          198.12,
          2299.0593
        ],
        [
          198.12,
          2066.0485
        ],
        [
          230.08,
          2066.0485
        ]
      ],
      "segments": 3,
      "bends": 2,
      "manhattan_length_px": 323.0308,
      "horizontal_length_px": 90.02,
      "vertical_length_px": 233.0108,
      "max_vertical_segment_px": 233.0108,
      "crossing_points": 2,
      "crossing_pair_incidents": 2,
      "crossed_edge_count": 2,
      "source_port_fanout": 4,
      "branch_siblings": 3
    },
    {
      "edge_id": "svg-edge-0006",
      "source": "pad_02",
      "target": "cell_02",
      "source_port": "right",
      "target_port": "left",
      "points": [
        [
          254.08,
          2010.0471
        ],
        [
          409.33,
          2010.0471
        ]
      ],
      "segments": 1,
      "bends": 0,
      "manhattan_length_px": 155.25,
      "horizontal_length_px": 155.25,
      "vertical_length_px": 0,
      "max_vertical_segment_px": 0.0,
      "crossing_points": 0,
      "crossing_pair_incidents": 0,
      "crossed_edge_count": 0,
      "source_port_fanout": 1,
      "branch_siblings": 0
    },
    {
      "edge_id": "svg-edge-0007",
      "source": "cell_02",
      "target": "clock_02",
      "source_port": "right",
      "target_port": "left",
      "points": [
        [
          431.33,
          2010.0471
        ],
        [
          499.48,
          2010.0471
        ]
      ],
      "segments": 1,
      "bends": 0,
      "manhattan_length_px": 68.15,
      "horizontal_length_px": 68.15,
      "vertical_length_px": 0,
      "max_vertical_segment_px": 0.0,
      "crossing_points": 0,
      "crossing_pair_incidents": 0,
      "crossed_edge_count": 0,
      "source_port_fanout": 1,
      "branch_siblings": 0
    },
    {
      "edge_id": "svg-edge-0008",
      "source": "common_source",
      "target": "pad_03",
      "source_port": "right",
      "target_port": "0",
      "points": [
        [
          134.06,
          322.9917
        ],
        [
          230.08,
          322.9917
        ]
      ],
      "segments": 1,
      "bends": 0,
      "manhattan_length_px": 96.02,
      "horizontal_length_px": 96.02,
      "vertical_length_px": 0,
      "max_vertical_segment_px": 0.0,
      "crossing_points": 0,
      "crossing_pair_incidents": 0,
      "crossed_edge_count": 0,
      "source_port_fanout": 4,
      "branch_siblings": 3
    },
    {
      "edge_id": "svg-edge-0009",
      "source": "local_a_03",
      "target": "pad_03",
      "source_port": "right",
      "target_port": "1",
      "points": [
        [
          140.06,
          378.9931
        ],
        [
          230.08,
          378.9931
        ]
      ],
      "segments": 1,
      "bends": 0,
      "manhattan_length_px": 90.02,
      "horizontal_length_px": 90.02,
      "vertical_length_px": 0,
      "max_vertical_segment_px": 0.0,
      "crossing_points": 1,
      "crossing_pair_incidents": 2,
      "crossed_edge_count": 2,
      "source_port_fanout": 1,
      "branch_siblings": 0
    },
    {
      "edge_id": "svg-edge-0010",
      "source": "local_b_03",
      "target": "pad_03",
      "source_port": "right",
      "target_port": "2",
      "points": [
        [
          134.06,
          434.9945
        ],
        [
          230.08,
          434.9945
        ]
      ],
      "segments": 1,
      "bends": 0,
      "manhattan_length_px": 96.02,
      "horizontal_length_px": 96.02,
      "vertical_length_px": 0,
      "max_vertical_segment_px": 0.0,
      "crossing_points": 1,
      "crossing_pair_incidents": 2,
      "crossed_edge_count": 2,
      "source_port_fanout": 1,
      "branch_siblings": 0
    },
    {
      "edge_id": "svg-edge-0011",
      "source": "local_a_00",
      "target": "pad_00",
      "source_port": "right",
      "target_port": "1",
      "points": [
        [
          140.06,
          145.9931
        ],
        [
          230.08,
          145.9931
        ]
      ],
      "segments": 1,
      "bends": 0,
      "manhattan_length_px": 90.02,
      "horizontal_length_px": 90.02,
      "vertical_length_px": 0,
      "max_vertical_segment_px": 0.0,
      "crossing_points": 1,
      "crossing_pair_incidents": 1,
      "crossed_edge_count": 1,
      "source_port_fanout": 1,
      "branch_siblings": 0
    },
    {
      "edge_id": "svg-edge-0012",
      "source": "pad_03",
      "target": "div_03",
      "source_port": "right",
      "target_port": "left",
      "points": [
        [
          254.08,
          378.9931
        ],
        [
          319.608,
          378.9931
        ]
      ],
      "segments": 1,
      "bends": 0,
      "manhattan_length_px": 65.528,
      "horizontal_length_px": 65.528,
      "vertical_length_px": 0,
      "max_vertical_segment_px": 0.0,
      "crossing_points": 0,
      "crossing_pair_incidents": 0,
      "crossed_edge_count": 0,
      "source_port_fanout": 1,
      "branch_siblings": 0
    },
    {
      "edge_id": "svg-edge-0013",
      "source": "div_03",
      "target": "cell_03",
      "source_port": "right",
      "target_port": "left",
      "points": [
        [
          340.392,
          378.9931
        ],
        [
          409.33,
          378.9931
        ]
      ],
      "segments": 1,
      "bends": 0,
      "manhattan_length_px": 68.938,
      "horizontal_length_px": 68.938,
      "vertical_length_px": 0,
      "max_vertical_segment_px": 0.0,
      "crossing_points": 0,
      "crossing_pair_incidents": 0,
      "crossed_edge_count": 0,
      "source_port_fanout": 1,
      "branch_siblings": 0
    },
    {
      "edge_id": "svg-edge-0014",
      "source": "cell_03",
      "target": "clock_03",
      "source_port": "right",
      "target_port": "left",
      "points": [
        [
          431.33,
          378.9931
        ],
        [
          499.48,
          378.9931
        ]
      ],
      "segments": 1,
      "bends": 0,
      "manhattan_length_px": 68.15,
      "horizontal_length_px": 68.15,
      "vertical_length_px": 0,
      "max_vertical_segment_px": 0.0,
      "crossing_points": 0,
      "crossing_pair_incidents": 0,
      "crossed_edge_count": 0,
      "source_port_fanout": 1,
      "branch_siblings": 0
    },
    {
      "edge_id": "svg-edge-0015",
      "source": "local_b_04",
      "target": "pad_04",
      "source_port": "right",
      "target_port": "0",
      "points": [
        [
          140.06,
          1255.0133
        ],
        [
          230.08,
          1255.0133
        ]
      ],
      "segments": 1,
      "bends": 0,
      "manhattan_length_px": 90.02,
      "horizontal_length_px": 90.02,
      "vertical_length_px": 0,
      "max_vertical_segment_px": 0.0,
      "crossing_points": 1,
      "crossing_pair_incidents": 1,
      "crossed_edge_count": 1,
      "source_port_fanout": 1,
      "branch_siblings": 0
    },
    {
      "edge_id": "svg-edge-0016",
      "source": "common_from",
      "target": "pad_04",
      "source_port": "right",
      "target_port": "1",
      "points": [
        [
          140.06,
          1311.0147
        ],
        [
          230.08,
          1311.0147
        ]
      ],
      "segments": 1,
      "bends": 0,
      "manhattan_length_px": 90.02,
      "horizontal_length_px": 90.02,
      "vertical_length_px": 0,
      "max_vertical_segment_px": 0.0,
      "crossing_points": 0,
      "crossing_pair_incidents": 0,
      "crossed_edge_count": 0,
      "source_port_fanout": 4,
      "branch_siblings": 3
    },
    {
      "edge_id": "svg-edge-0017",
      "source": "local_a_04",
      "target": "pad_04",
      "source_port": "right",
      "target_port": "2",
      "points": [
        [
          134.06,
          1367.0161
        ],
        [
          230.08,
          1367.0161
        ]
      ],
      "segments": 1,
      "bends": 0,
      "manhattan_length_px": 96.02,
      "horizontal_length_px": 96.02,
      "vertical_length_px": 0,
      "max_vertical_segment_px": 0.0,
      "crossing_points": 1,
      "crossing_pair_incidents": 2,
      "crossed_edge_count": 2,
      "source_port_fanout": 1,
      "branch_siblings": 0
    },
    {
      "edge_id": "svg-edge-0018",
      "source": "pad_04",
      "target": "cell_04",
      "source_port": "right",
      "target_port": "left",
      "points": [
        [
          254.08,
          1311.0147
        ],
        [
          409.33,
          1311.0147
        ]
      ],
      "segments": 1,
      "bends": 0,
      "manhattan_length_px": 155.25,
      "horizontal_length_px": 155.25,
      "vertical_length_px": 0,
      "max_vertical_segment_px": 0.0,
      "crossing_points": 0,
      "crossing_pair_incidents": 0,
      "crossed_edge_count": 0,
      "source_port_fanout": 1,
      "branch_siblings": 0
    },
    {
      "edge_id": "svg-edge-0019",
      "source": "cell_04",
      "target": "clock_04",
      "source_port": "right",
      "target_port": "left",
      "points": [
        [
          431.33,
          1311.0147
        ],
        [
          499.48,
          1311.0147
        ]
      ],
      "segments": 1,
      "bends": 0,
      "manhattan_length_px": 68.15,
      "horizontal_length_px": 68.15,
      "vertical_length_px": 0,
      "max_vertical_segment_px": 0.0,
      "crossing_points": 0,
      "crossing_pair_incidents": 0,
      "crossed_edge_count": 0,
      "source_port_fanout": 1,
      "branch_siblings": 0
    },
    {
      "edge_id": "svg-edge-0020",
      "source": "local_a_05",
      "target": "pad_05",
      "source_port": "right",
      "target_port": "0",
      "points": [
        [
          140.06,
          2187.0565
        ],
        [
          230.08,
          2187.0565
        ]
      ],
      "segments": 1,
      "bends": 0,
      "manhattan_length_px": 90.02,
      "horizontal_length_px": 90.02,
      "vertical_length_px": 0,
      "max_vertical_segment_px": 0.0,
      "crossing_points": 1,
      "crossing_pair_incidents": 1,
      "crossed_edge_count": 1,
      "source_port_fanout": 1,
      "branch_siblings": 0
    },
    {
      "edge_id": "svg-edge-0021",
      "source": "local_b_05",
      "target": "pad_05",
      "source_port": "right",
      "target_port": "1",
      "points": [
        [
          140.06,
          2243.0579
        ],
        [
          230.08,
          2243.0579
        ]
      ],
      "segments": 1,
      "bends": 0,
      "manhattan_length_px": 90.02,
      "horizontal_length_px": 90.02,
      "vertical_length_px": 0,
      "max_vertical_segment_px": 0.0,
      "crossing_points": 1,
      "crossing_pair_incidents": 1,
      "crossed_edge_count": 1,
      "source_port_fanout": 1,
      "branch_siblings": 0
    },
    {
      "edge_id": "svg-edge-0022",
      "source": "local_b_00",
      "target": "pad_00",
      "source_port": "right",
      "target_port": "2",
      "points": [
        [
          134.06,
          201.9945
        ],
        [
          230.08,
          201.9945
        ]
      ],
      "segments": 1,
      "bends": 0,
      "manhattan_length_px": 96.02,
      "horizontal_length_px": 96.02,
      "vertical_length_px": 0,
      "max_vertical_segment_px": 0.0,
      "crossing_points": 1,
      "crossing_pair_incidents": 1,
      "crossed_edge_count": 1,
      "source_port_fanout": 1,
      "branch_siblings": 0
    },
    {
      "edge_id": "svg-edge-0023",
      "source": "common_gate_root",
      "target": "pad_05",
      "source_port": "right",
      "target_port": "2",
      "points": [
        [
          140.06,
          2299.0593
        ],
        [
          230.08,
          2299.0593
        ]
      ],
      "segments": 1,
      "bends": 0,
      "manhattan_length_px": 90.02,
      "horizontal_length_px": 90.02,
      "vertical_length_px": 0,
      "max_vertical_segment_px": 0.0,
      "crossing_points": 0,
      "crossing_pair_incidents": 0,
      "crossed_edge_count": 0,
      "source_port_fanout": 4,
      "branch_siblings": 3
    },
    {
      "edge_id": "svg-edge-0024",
      "source": "pad_05",
      "target": "div_05",
      "source_port": "right",
      "target_port": "left",
      "points": [
        [
          254.08,
          2243.0579
        ],
        [
          319.608,
          2243.0579
        ]
      ],
      "segments": 1,
      "bends": 0,
      "manhattan_length_px": 65.528,
      "horizontal_length_px": 65.528,
      "vertical_length_px": 0,
      "max_vertical_segment_px": 0.0,
      "crossing_points": 0,
      "crossing_pair_incidents": 0,
      "crossed_edge_count": 0,
      "source_port_fanout": 1,
      "branch_siblings": 0
    },
    {
      "edge_id": "svg-edge-0025",
      "source": "div_05",
      "target": "cell_05",
      "source_port": "right",
      "target_port": "left",
      "points": [
        [
          340.392,
          2243.0579
        ],
        [
          409.33,
          2243.0579
        ]
      ],
      "segments": 1,
      "bends": 0,
      "manhattan_length_px": 68.938,
      "horizontal_length_px": 68.938,
      "vertical_length_px": 0,
      "max_vertical_segment_px": 0.0,
      "crossing_points": 0,
      "crossing_pair_incidents": 0,
      "crossed_edge_count": 0,
      "source_port_fanout": 1,
      "branch_siblings": 0
    },
    {
      "edge_id": "svg-edge-0026",
      "source": "cell_05",
      "target": "clock_05",
      "source_port": "right",
      "target_port": "left",
      "points": [
        [
          431.33,
          2243.0579
        ],
        [
          499.48,
          2243.0579
        ]
      ],
      "segments": 1,
      "bends": 0,
      "manhattan_length_px": 68.15,
      "horizontal_length_px": 68.15,
      "vertical_length_px": 0,
      "max_vertical_segment_px": 0.0,
      "crossing_points": 0,
      "crossing_pair_incidents": 0,
      "crossed_edge_count": 0,
      "source_port_fanout": 1,
      "branch_siblings": 0
    },
    {
      "edge_id": "svg-edge-0027",
      "source": "common_source",
      "target": "pad_06",
      "source_port": "right",
      "target_port": "0",
      "points": [
        [
          134.06,
          322.9917
        ],
        [
          198.12,
          322.9917
        ],
        [
          198.12,
          555.9917
        ],
        [
          230.08,
          555.9917
        ]
      ],
      "segments": 3,
      "bends": 2,
      "manhattan_length_px": 329.02,
      "horizontal_length_px": 96.02,
      "vertical_length_px": 233.0,
      "max_vertical_segment_px": 233.0,
      "crossing_points": 2,
      "crossing_pair_incidents": 2,
      "crossed_edge_count": 2,
      "source_port_fanout": 4,
      "branch_siblings": 3
    },
    {
      "edge_id": "svg-edge-0028",
      "source": "local_a_06",
      "target": "pad_06",
      "source_port": "right",
      "target_port": "1",
      "points": [
        [
          140.06,
          611.9931
        ],
        [
          230.08,
          611.9931
        ]
      ],
      "segments": 1,
      "bends": 0,
      "manhattan_length_px": 90.02,
      "horizontal_length_px": 90.02,
      "vertical_length_px": 0,
      "max_vertical_segment_px": 0.0,
      "crossing_points": 1,
      "crossing_pair_incidents": 1,
      "crossed_edge_count": 1,
      "source_port_fanout": 1,
      "branch_siblings": 0
    },
    {
      "edge_id": "svg-edge-0029",
      "source": "local_b_06",
      "target": "pad_06",
      "source_port": "right",
      "target_port": "2",
      "points": [
        [
          134.06,
          667.9945
        ],
        [
          230.08,
          667.9945
        ]
      ],
      "segments": 1,
      "bends": 0,
      "manhattan_length_px": 96.02,
      "horizontal_length_px": 96.02,
      "vertical_length_px": 0,
      "max_vertical_segment_px": 0.0,
      "crossing_points": 1,
      "crossing_pair_incidents": 1,
      "crossed_edge_count": 1,
      "source_port_fanout": 1,
      "branch_siblings": 0
    },
    {
      "edge_id": "svg-edge-0030",
      "source": "pad_06",
      "target": "cell_06",
      "source_port": "right",
      "target_port": "left",
      "points": [
        [
          254.08,
          611.9931
        ],
        [
          409.33,
          611.9931
        ]
      ],
      "segments": 1,
      "bends": 0,
      "manhattan_length_px": 155.25,
      "horizontal_length_px": 155.25,
      "vertical_length_px": 0,
      "max_vertical_segment_px": 0.0,
      "crossing_points": 0,
      "crossing_pair_incidents": 0,
      "crossed_edge_count": 0,
      "source_port_fanout": 1,
      "branch_siblings": 0
    },
    {
      "edge_id": "svg-edge-0031",
      "source": "cell_06",
      "target": "clock_06",
      "source_port": "right",
      "target_port": "left",
      "points": [
        [
          431.33,
          611.9931
        ],
        [
          499.48,
          611.9931
        ]
      ],
      "segments": 1,
      "bends": 0,
      "manhattan_length_px": 68.15,
      "horizontal_length_px": 68.15,
      "vertical_length_px": 0,
      "max_vertical_segment_px": 0.0,
      "crossing_points": 0,
      "crossing_pair_incidents": 0,
      "crossed_edge_count": 0,
      "source_port_fanout": 1,
      "branch_siblings": 0
    },
    {
      "edge_id": "svg-edge-0032",
      "source": "local_b_07",
      "target": "pad_07",
      "source_port": "right",
      "target_port": "0",
      "points": [
        [
          140.06,
          1488.0241
        ],
        [
          230.08,
          1488.0241
        ]
      ],
      "segments": 1,
      "bends": 0,
      "manhattan_length_px": 90.02,
      "horizontal_length_px": 90.02,
      "vertical_length_px": 0,
      "max_vertical_segment_px": 0.0,
      "crossing_points": 1,
      "crossing_pair_incidents": 2,
      "crossed_edge_count": 2,
      "source_port_fanout": 1,
      "branch_siblings": 0
    },
    {
      "edge_id": "svg-edge-0033",
      "source": "pad_00",
      "target": "cell_00",
      "source_port": "right",
      "target_port": "left",
      "points": [
        [
          254.08,
          145.9931
        ],
        [
          409.33,
          145.9931
        ]
      ],
      "segments": 1,
      "bends": 0,
      "manhattan_length_px": 155.25,
      "horizontal_length_px": 155.25,
      "vertical_length_px": 0,
      "max_vertical_segment_px": 0.0,
      "crossing_points": 0,
      "crossing_pair_incidents": 0,
      "crossed_edge_count": 0,
      "source_port_fanout": 1,
      "branch_siblings": 0
    },
    {
      "edge_id": "svg-edge-0034",
      "source": "common_from",
      "target": "pad_07",
      "source_port": "right",
      "target_port": "1",
      "points": [
        [
          140.06,
          1311.0147
        ],
        [
          198.12,
          1311.0147
        ],
        [
          198.12,
          1544.0255
        ],
        [
          230.08,
          1544.0255
        ]
      ],
      "segments": 3,
      "bends": 2,
      "manhattan_length_px": 323.0308,
      "horizontal_length_px": 90.02,
      "vertical_length_px": 233.0108,
      "max_vertical_segment_px": 233.0108,
      "crossing_points": 2,
      "crossing_pair_incidents": 2,
      "crossed_edge_count": 2,
      "source_port_fanout": 4,
      "branch_siblings": 3
    },
    {
      "edge_id": "svg-edge-0035",
      "source": "local_a_07",
      "target": "pad_07",
      "source_port": "right",
      "target_port": "2",
      "points": [
        [
          134.06,
          1600.0269
        ],
        [
          230.08,
          1600.0269
        ]
      ],
      "segments": 1,
      "bends": 0,
      "manhattan_length_px": 96.02,
      "horizontal_length_px": 96.02,
      "vertical_length_px": 0,
      "max_vertical_segment_px": 0.0,
      "crossing_points": 1,
      "crossing_pair_incidents": 1,
      "crossed_edge_count": 1,
      "source_port_fanout": 1,
      "branch_siblings": 0
    },
    {
      "edge_id": "svg-edge-0036",
      "source": "pad_07",
      "target": "div_07",
      "source_port": "right",
      "target_port": "left",
      "points": [
        [
          254.08,
          1544.0255
        ],
        [
          319.608,
          1544.0255
        ]
      ],
      "segments": 1,
      "bends": 0,
      "manhattan_length_px": 65.528,
      "horizontal_length_px": 65.528,
      "vertical_length_px": 0,
      "max_vertical_segment_px": 0.0,
      "crossing_points": 0,
      "crossing_pair_incidents": 0,
      "crossed_edge_count": 0,
      "source_port_fanout": 1,
      "branch_siblings": 0
    },
    {
      "edge_id": "svg-edge-0037",
      "source": "div_07",
      "target": "cell_07",
      "source_port": "right",
      "target_port": "left",
      "points": [
        [
          340.392,
          1544.0255
        ],
        [
          409.33,
          1544.0255
        ]
      ],
      "segments": 1,
      "bends": 0,
      "manhattan_length_px": 68.938,
      "horizontal_length_px": 68.938,
      "vertical_length_px": 0,
      "max_vertical_segment_px": 0.0,
      "crossing_points": 0,
      "crossing_pair_incidents": 0,
      "crossed_edge_count": 0,
      "source_port_fanout": 1,
      "branch_siblings": 0
    },
    {
      "edge_id": "svg-edge-0038",
      "source": "cell_07",
      "target": "clock_07",
      "source_port": "right",
      "target_port": "left",
      "points": [
        [
          431.33,
          1544.0255
        ],
        [
          499.48,
          1544.0255
        ]
      ],
      "segments": 1,
      "bends": 0,
      "manhattan_length_px": 68.15,
      "horizontal_length_px": 68.15,
      "vertical_length_px": 0,
      "max_vertical_segment_px": 0.0,
      "crossing_points": 0,
      "crossing_pair_incidents": 0,
      "crossed_edge_count": 0,
      "source_port_fanout": 1,
      "branch_siblings": 0
    },
    {
      "edge_id": "svg-edge-0039",
      "source": "local_a_08",
      "target": "pad_08",
      "source_port": "right",
      "target_port": "0",
      "points": [
        [
          140.06,
          2420.0673
        ],
        [
          230.08,
          2420.0673
        ]
      ],
      "segments": 1,
      "bends": 0,
      "manhattan_length_px": 90.02,
      "horizontal_length_px": 90.02,
      "vertical_length_px": 0,
      "max_vertical_segment_px": 0.0,
      "crossing_points": 1,
      "crossing_pair_incidents": 2,
      "crossed_edge_count": 2,
      "source_port_fanout": 1,
      "branch_siblings": 0
    },
    {
      "edge_id": "svg-edge-0040",
      "source": "local_b_08",
      "target": "pad_08",
      "source_port": "right",
      "target_port": "1",
      "points": [
        [
          140.06,
          2476.0687
        ],
        [
          230.08,
          2476.0687
        ]
      ],
      "segments": 1,
      "bends": 0,
      "manhattan_length_px": 90.02,
      "horizontal_length_px": 90.02,
      "vertical_length_px": 0,
      "max_vertical_segment_px": 0.0,
      "crossing_points": 1,
      "crossing_pair_incidents": 2,
      "crossed_edge_count": 2,
      "source_port_fanout": 1,
      "branch_siblings": 0
    },
    {
      "edge_id": "svg-edge-0041",
      "source": "common_gate_root",
      "target": "pad_08",
      "source_port": "right",
      "target_port": "2",
      "points": [
        [
          140.06,
          2299.0593
        ],
        [
          198.12,
          2299.0593
        ],
        [
          198.12,
          2532.0701
        ],
        [
          230.08,
          2532.0701
        ]
      ],
      "segments": 3,
      "bends": 2,
      "manhattan_length_px": 323.0308,
      "horizontal_length_px": 90.02,
      "vertical_length_px": 233.0108,
      "max_vertical_segment_px": 233.0108,
      "crossing_points": 2,
      "crossing_pair_incidents": 2,
      "crossed_edge_count": 2,
      "source_port_fanout": 4,
      "branch_siblings": 3
    },
    {
      "edge_id": "svg-edge-0042",
      "source": "pad_08",
      "target": "cell_08",
      "source_port": "right",
      "target_port": "left",
      "points": [
        [
          254.08,
          2476.0687
        ],
        [
          409.33,
          2476.0687
        ]
      ],
      "segments": 1,
      "bends": 0,
      "manhattan_length_px": 155.25,
      "horizontal_length_px": 155.25,
      "vertical_length_px": 0,
      "max_vertical_segment_px": 0.0,
      "crossing_points": 0,
      "crossing_pair_incidents": 0,
      "crossed_edge_count": 0,
      "source_port_fanout": 1,
      "branch_siblings": 0
    },
    {
      "edge_id": "svg-edge-0043",
      "source": "cell_08",
      "target": "clock_08",
      "source_port": "right",
      "target_port": "left",
      "points": [
        [
          431.33,
          2476.0687
        ],
        [
          499.48,
          2476.0687
        ]
      ],
      "segments": 1,
      "bends": 0,
      "manhattan_length_px": 68.15,
      "horizontal_length_px": 68.15,
      "vertical_length_px": 0,
      "max_vertical_segment_px": 0.0,
      "crossing_points": 0,
      "crossing_pair_incidents": 0,
      "crossed_edge_count": 0,
      "source_port_fanout": 1,
      "branch_siblings": 0
    },
    {
      "edge_id": "svg-edge-0044",
      "source": "cell_00",
      "target": "clock_00",
      "source_port": "right",
      "target_port": "left",
      "points": [
        [
          431.33,
          145.9931
        ],
        [
          499.48,
          145.9931
        ]
      ],
      "segments": 1,
      "bends": 0,
      "manhattan_length_px": 68.15,
      "horizontal_length_px": 68.15,
      "vertical_length_px": 0,
      "max_vertical_segment_px": 0.0,
      "crossing_points": 0,
      "crossing_pair_incidents": 0,
      "crossed_edge_count": 0,
      "source_port_fanout": 1,
      "branch_siblings": 0
    },
    {
      "edge_id": "svg-edge-0045",
      "source": "common_source",
      "target": "pad_09",
      "source_port": "right",
      "target_port": "0",
      "points": [
        [
          134.06,
          322.9917
        ],
        [
          198.12,
          322.9917
        ],
        [
          198.12,
          788.9917
        ],
        [
          230.08,
          788.9917
        ]
      ],
      "segments": 3,
      "bends": 2,
      "manhattan_length_px": 562.02,
      "horizontal_length_px": 96.02,
      "vertical_length_px": 466.0,
      "max_vertical_segment_px": 466.0,
      "crossing_points": 4,
      "crossing_pair_incidents": 4,
      "crossed_edge_count": 4,
      "source_port_fanout": 4,
      "branch_siblings": 3
    },
    {
      "edge_id": "svg-edge-0046",
      "source": "local_a_09",
      "target": "pad_09",
      "source_port": "right",
      "target_port": "1",
      "points": [
        [
          140.06,
          844.9931
        ],
        [
          230.08,
          844.9931
        ]
      ],
      "segments": 1,
      "bends": 0,
      "manhattan_length_px": 90.02,
      "horizontal_length_px": 90.02,
      "vertical_length_px": 0,
      "max_vertical_segment_px": 0.0,
      "crossing_points": 0,
      "crossing_pair_incidents": 0,
      "crossed_edge_count": 0,
      "source_port_fanout": 1,
      "branch_siblings": 0
    },
    {
      "edge_id": "svg-edge-0047",
      "source": "local_b_09",
      "target": "pad_09",
      "source_port": "right",
      "target_port": "2",
      "points": [
        [
          134.06,
          900.9945
        ],
        [
          230.08,
          900.9945
        ]
      ],
      "segments": 1,
      "bends": 0,
      "manhattan_length_px": 96.02,
      "horizontal_length_px": 96.02,
      "vertical_length_px": 0,
      "max_vertical_segment_px": 0.0,
      "crossing_points": 0,
      "crossing_pair_incidents": 0,
      "crossed_edge_count": 0,
      "source_port_fanout": 1,
      "branch_siblings": 0
    },
    {
      "edge_id": "svg-edge-0048",
      "source": "pad_09",
      "target": "div_09",
      "source_port": "right",
      "target_port": "left",
      "points": [
        [
          254.08,
          844.9931
        ],
        [
          319.608,
          844.9931
        ]
      ],
      "segments": 1,
      "bends": 0,
      "manhattan_length_px": 65.528,
      "horizontal_length_px": 65.528,
      "vertical_length_px": 0,
      "max_vertical_segment_px": 0.0,
      "crossing_points": 0,
      "crossing_pair_incidents": 0,
      "crossed_edge_count": 0,
      "source_port_fanout": 1,
      "branch_siblings": 0
    },
    {
      "edge_id": "svg-edge-0049",
      "source": "div_09",
      "target": "cell_09",
      "source_port": "right",
      "target_port": "left",
      "points": [
        [
          340.392,
          844.9931
        ],
        [
          409.33,
          844.9931
        ]
      ],
      "segments": 1,
      "bends": 0,
      "manhattan_length_px": 68.938,
      "horizontal_length_px": 68.938,
      "vertical_length_px": 0,
      "max_vertical_segment_px": 0.0,
      "crossing_points": 0,
      "crossing_pair_incidents": 0,
      "crossed_edge_count": 0,
      "source_port_fanout": 1,
      "branch_siblings": 0
    },
    {
      "edge_id": "svg-edge-0050",
      "source": "cell_09",
      "target": "clock_09",
      "source_port": "right",
      "target_port": "left",
      "points": [
        [
          431.33,
          844.9931
        ],
        [
          499.48,
          844.9931
        ]
      ],
      "segments": 1,
      "bends": 0,
      "manhattan_length_px": 68.15,
      "horizontal_length_px": 68.15,
      "vertical_length_px": 0,
      "max_vertical_segment_px": 0.0,
      "crossing_points": 0,
      "crossing_pair_incidents": 0,
      "crossed_edge_count": 0,
      "source_port_fanout": 1,
      "branch_siblings": 0
    },
    {
      "edge_id": "svg-edge-0051",
      "source": "local_b_10",
      "target": "pad_10",
      "source_port": "right",
      "target_port": "0",
      "points": [
        [
          140.06,
          1721.0349
        ],
        [
          230.08,
          1721.0349
        ]
      ],
      "segments": 1,
      "bends": 0,
      "manhattan_length_px": 90.02,
      "horizontal_length_px": 90.02,
      "vertical_length_px": 0,
      "max_vertical_segment_px": 0.0,
      "crossing_points": 1,
      "crossing_pair_incidents": 1,
      "crossed_edge_count": 1,
      "source_port_fanout": 1,
      "branch_siblings": 0
    },
    {
      "edge_id": "svg-edge-0052",
      "source": "common_from",
      "target": "pad_10",
      "source_port": "right",
      "target_port": "1",
      "points": [
        [
          140.06,
          1311.0147
        ],
        [
          198.12,
          1311.0147
        ],
        [
          198.12,
          1777.0363
        ],
        [
          230.08,
          1777.0363
        ]
      ],
      "segments": 3,
      "bends": 2,
      "manhattan_length_px": 556.0416,
      "horizontal_length_px": 90.02,
      "vertical_length_px": 466.0216,
      "max_vertical_segment_px": 466.0216,
      "crossing_points": 4,
      "crossing_pair_incidents": 4,
      "crossed_edge_count": 4,
      "source_port_fanout": 4,
      "branch_siblings": 3
    },
    {
      "edge_id": "svg-edge-0053",
      "source": "local_a_10",
      "target": "pad_10",
      "source_port": "right",
      "target_port": "2",
      "points": [
        [
          134.06,
          1833.0377
        ],
        [
          230.08,
          1833.0377
        ]
      ],
      "segments": 1,
      "bends": 0,
      "manhattan_length_px": 96.02,
      "horizontal_length_px": 96.02,
      "vertical_length_px": 0,
      "max_vertical_segment_px": 0.0,
      "crossing_points": 0,
      "crossing_pair_incidents": 0,
      "crossed_edge_count": 0,
      "source_port_fanout": 1,
      "branch_siblings": 0
    },
    {
      "edge_id": "svg-edge-0054",
      "source": "pad_10",
      "target": "cell_10",
      "source_port": "right",
      "target_port": "left",
      "points": [
        [
          254.08,
          1777.0363
        ],
        [
          409.33,
          1777.0363
        ]
      ],
      "segments": 1,
      "bends": 0,
      "manhattan_length_px": 155.25,
      "horizontal_length_px": 155.25,
      "vertical_length_px": 0,
      "max_vertical_segment_px": 0.0,
      "crossing_points": 0,
      "crossing_pair_incidents": 0,
      "crossed_edge_count": 0,
      "source_port_fanout": 1,
      "branch_siblings": 0
    },
    {
      "edge_id": "svg-edge-0055",
      "source": "local_b_01",
      "target": "pad_01",
      "source_port": "right",
      "target_port": "0",
      "points": [
        [
          140.06,
          1022.0025
        ],
        [
          230.08,
          1022.0025
        ]
      ],
      "segments": 1,
      "bends": 0,
      "manhattan_length_px": 90.02,
      "horizontal_length_px": 90.02,
      "vertical_length_px": 0,
      "max_vertical_segment_px": 0.0,
      "crossing_points": 0,
      "crossing_pair_incidents": 0,
      "crossed_edge_count": 0,
      "source_port_fanout": 1,
      "branch_siblings": 0
    },
    {
      "edge_id": "svg-edge-0056",
      "source": "cell_10",
      "target": "clock_10",
      "source_port": "right",
      "target_port": "left",
      "points": [
        [
          431.33,
          1777.0363
        ],
        [
          499.48,
          1777.0363
        ]
      ],
      "segments": 1,
      "bends": 0,
      "manhattan_length_px": 68.15,
      "horizontal_length_px": 68.15,
      "vertical_length_px": 0,
      "max_vertical_segment_px": 0.0,
      "crossing_points": 0,
      "crossing_pair_incidents": 0,
      "crossed_edge_count": 0,
      "source_port_fanout": 1,
      "branch_siblings": 0
    },
    {
      "edge_id": "svg-edge-0057",
      "source": "local_a_11",
      "target": "pad_11",
      "source_port": "right",
      "target_port": "0",
      "points": [
        [
          140.06,
          2653.0781
        ],
        [
          230.08,
          2653.0781
        ]
      ],
      "segments": 1,
      "bends": 0,
      "manhattan_length_px": 90.02,
      "horizontal_length_px": 90.02,
      "vertical_length_px": 0,
      "max_vertical_segment_px": 0.0,
      "crossing_points": 1,
      "crossing_pair_incidents": 1,
      "crossed_edge_count": 1,
      "source_port_fanout": 1,
      "branch_siblings": 0
    },
    {
      "edge_id": "svg-edge-0058",
      "source": "local_b_11",
      "target": "pad_11",
      "source_port": "right",
      "target_port": "1",
      "points": [
        [
          140.06,
          2709.0795
        ],
        [
          230.08,
          2709.0795
        ]
      ],
      "segments": 1,
      "bends": 0,
      "manhattan_length_px": 90.02,
      "horizontal_length_px": 90.02,
      "vertical_length_px": 0,
      "max_vertical_segment_px": 0.0,
      "crossing_points": 1,
      "crossing_pair_incidents": 1,
      "crossed_edge_count": 1,
      "source_port_fanout": 1,
      "branch_siblings": 0
    },
    {
      "edge_id": "svg-edge-0059",
      "source": "common_gate_root",
      "target": "pad_11",
      "source_port": "right",
      "target_port": "2",
      "points": [
        [
          140.06,
          2299.0593
        ],
        [
          198.12,
          2299.0593
        ],
        [
          198.12,
          2765.0809
        ],
        [
          230.08,
          2765.0809
        ]
      ],
      "segments": 3,
      "bends": 2,
      "manhattan_length_px": 556.0416,
      "horizontal_length_px": 90.02,
      "vertical_length_px": 466.0216,
      "max_vertical_segment_px": 466.0216,
      "crossing_points": 4,
      "crossing_pair_incidents": 4,
      "crossed_edge_count": 4,
      "source_port_fanout": 4,
      "branch_siblings": 3
    },
    {
      "edge_id": "svg-edge-0060",
      "source": "pad_11",
      "target": "div_11",
      "source_port": "right",
      "target_port": "left",
      "points": [
        [
          254.08,
          2709.0795
        ],
        [
          319.608,
          2709.0795
        ]
      ],
      "segments": 1,
      "bends": 0,
      "manhattan_length_px": 65.528,
      "horizontal_length_px": 65.528,
      "vertical_length_px": 0,
      "max_vertical_segment_px": 0.0,
      "crossing_points": 0,
      "crossing_pair_incidents": 0,
      "crossed_edge_count": 0,
      "source_port_fanout": 1,
      "branch_siblings": 0
    },
    {
      "edge_id": "svg-edge-0061",
      "source": "div_11",
      "target": "cell_11",
      "source_port": "right",
      "target_port": "left",
      "points": [
        [
          340.392,
          2709.0795
        ],
        [
          409.33,
          2709.0795
        ]
      ],
      "segments": 1,
      "bends": 0,
      "manhattan_length_px": 68.938,
      "horizontal_length_px": 68.938,
      "vertical_length_px": 0,
      "max_vertical_segment_px": 0.0,
      "crossing_points": 0,
      "crossing_pair_incidents": 0,
      "crossed_edge_count": 0,
      "source_port_fanout": 1,
      "branch_siblings": 0
    },
    {
      "edge_id": "svg-edge-0062",
      "source": "cell_11",
      "target": "clock_11",
      "source_port": "right",
      "target_port": "left",
      "points": [
        [
          431.33,
          2709.0795
        ],
        [
          499.48,
          2709.0795
        ]
      ],
      "segments": 1,
      "bends": 0,
      "manhattan_length_px": 68.15,
      "horizontal_length_px": 68.15,
      "vertical_length_px": 0,
      "max_vertical_segment_px": 0.0,
      "crossing_points": 0,
      "crossing_pair_incidents": 0,
      "crossed_edge_count": 0,
      "source_port_fanout": 1,
      "branch_siblings": 0
    },
    {
      "edge_id": "svg-edge-0063",
      "source": "common_from",
      "target": "pad_01",
      "source_port": "right",
      "target_port": "1",
      "points": [
        [
          140.06,
          1311.0147
        ],
        [
          198.12,
          1311.0147
        ],
        [
          198.12,
          1078.0039
        ],
        [
          230.08,
          1078.0039
        ]
      ],
      "segments": 3,
      "bends": 2,
      "manhattan_length_px": 323.0308,
      "horizontal_length_px": 90.02,
      "vertical_length_px": 233.0108,
      "max_vertical_segment_px": 233.0108,
      "crossing_points": 2,
      "crossing_pair_incidents": 2,
      "crossed_edge_count": 2,
      "source_port_fanout": 4,
      "branch_siblings": 3
    },
    {
      "edge_id": "svg-edge-0064",
      "source": "local_a_01",
      "target": "pad_01",
      "source_port": "right",
      "target_port": "2",
      "points": [
        [
          134.06,
          1134.0053
        ],
        [
          230.08,
          1134.0053
        ]
      ],
      "segments": 1,
      "bends": 0,
      "manhattan_length_px": 96.02,
      "horizontal_length_px": 96.02,
      "vertical_length_px": 0,
      "max_vertical_segment_px": 0.0,
      "crossing_points": 1,
      "crossing_pair_incidents": 1,
      "crossed_edge_count": 1,
      "source_port_fanout": 1,
      "branch_siblings": 0
    },
    {
      "edge_id": "svg-edge-0065",
      "source": "pad_01",
      "target": "div_01",
      "source_port": "right",
      "target_port": "left",
      "points": [
        [
          254.08,
          1078.0039
        ],
        [
          319.608,
          1078.0039
        ]
      ],
      "segments": 1,
      "bends": 0,
      "manhattan_length_px": 65.528,
      "horizontal_length_px": 65.528,
      "vertical_length_px": 0,
      "max_vertical_segment_px": 0.0,
      "crossing_points": 0,
      "crossing_pair_incidents": 0,
      "crossed_edge_count": 0,
      "source_port_fanout": 1,
      "branch_siblings": 0
    }
  ],
  "crossings": [
    {
      "point": [
        198.12,
        145.9931
      ],
      "edges": [
        "svg-edge-0000",
        "svg-edge-0011"
      ],
      "segments": [
        1,
        0
      ]
    },
    {
      "point": [
        198.12,
        201.9945
      ],
      "edges": [
        "svg-edge-0000",
        "svg-edge-0022"
      ],
      "segments": [
        1,
        0
      ]
    },
    {
      "point": [
        198.12,
        2187.0565
      ],
      "edges": [
        "svg-edge-0005",
        "svg-edge-0020"
      ],
      "segments": [
        1,
        0
      ]
    },
    {
      "point": [
        198.12,
        2243.0579
      ],
      "edges": [
        "svg-edge-0005",
        "svg-edge-0021"
      ],
      "segments": [
        1,
        0
      ]
    },
    {
      "point": [
        198.12,
        378.9931
      ],
      "edges": [
        "svg-edge-0009",
        "svg-edge-0027"
      ],
      "segments": [
        0,
        1
      ]
    },
    {
      "point": [
        198.12,
        378.9931
      ],
      "edges": [
        "svg-edge-0009",
        "svg-edge-0045"
      ],
      "segments": [
        0,
        1
      ]
    },
    {
      "point": [
        198.12,
        434.9945
      ],
      "edges": [
        "svg-edge-0010",
        "svg-edge-0027"
      ],
      "segments": [
        0,
        1
      ]
    },
    {
      "point": [
        198.12,
        434.9945
      ],
      "edges": [
        "svg-edge-0010",
        "svg-edge-0045"
      ],
      "segments": [
        0,
        1
      ]
    },
    {
      "point": [
        198.12,
        1255.0133
      ],
      "edges": [
        "svg-edge-0015",
        "svg-edge-0063"
      ],
      "segments": [
        0,
        1
      ]
    },
    {
      "point": [
        198.12,
        1367.0161
      ],
      "edges": [
        "svg-edge-0017",
        "svg-edge-0034"
      ],
      "segments": [
        0,
        1
      ]
    },
    {
      "point": [
        198.12,
        1367.0161
      ],
      "edges": [
        "svg-edge-0017",
        "svg-edge-0052"
      ],
      "segments": [
        0,
        1
      ]
    },
    {
      "point": [
        198.12,
        611.9931
      ],
      "edges": [
        "svg-edge-0028",
        "svg-edge-0045"
      ],
      "segments": [
        0,
        1
      ]
    },
    {
      "point": [
        198.12,
        667.9945
      ],
      "edges": [
        "svg-edge-0029",
        "svg-edge-0045"
      ],
      "segments": [
        0,
        1
      ]
    },
    {
      "point": [
        198.12,
        1488.0241
      ],
      "edges": [
        "svg-edge-0032",
        "svg-edge-0034"
      ],
      "segments": [
        0,
        1
      ]
    },
    {
      "point": [
        198.12,
        1488.0241
      ],
      "edges": [
        "svg-edge-0032",
        "svg-edge-0052"
      ],
      "segments": [
        0,
        1
      ]
    },
    {
      "point": [
        198.12,
        1600.0269
      ],
      "edges": [
        "svg-edge-0035",
        "svg-edge-0052"
      ],
      "segments": [
        0,
        1
      ]
    },
    {
      "point": [
        198.12,
        2420.0673
      ],
      "edges": [
        "svg-edge-0039",
        "svg-edge-0041"
      ],
      "segments": [
        0,
        1
      ]
    },
    {
      "point": [
        198.12,
        2420.0673
      ],
      "edges": [
        "svg-edge-0039",
        "svg-edge-0059"
      ],
      "segments": [
        0,
        1
      ]
    },
    {
      "point": [
        198.12,
        2476.0687
      ],
      "edges": [
        "svg-edge-0040",
        "svg-edge-0041"
      ],
      "segments": [
        0,
        1
      ]
    },
    {
      "point": [
        198.12,
        2476.0687
      ],
      "edges": [
        "svg-edge-0040",
        "svg-edge-0059"
      ],
      "segments": [
        0,
        1
      ]
    },
    {
      "point": [
        198.12,
        1721.0349
      ],
      "edges": [
        "svg-edge-0051",
        "svg-edge-0052"
      ],
      "segments": [
        0,
        1
      ]
    },
    {
      "point": [
        198.12,
        2653.0781
      ],
      "edges": [
        "svg-edge-0057",
        "svg-edge-0059"
      ],
      "segments": [
        0,
        1
      ]
    },
    {
      "point": [
        198.12,
        2709.0795
      ],
      "edges": [
        "svg-edge-0058",
        "svg-edge-0059"
      ],
      "segments": [
        0,
        1
      ]
    },
    {
      "point": [
        198.12,
        1134.0053
      ],
      "edges": [
        "svg-edge-0063",
        "svg-edge-0064"
      ],
      "segments": [
        1,
        0
      ]
    }
  ],
  "overlaps": [],
  "annotation_quality": {
    "expected": 0,
    "rendered": 0,
    "missing": [],
    "unexpected": [],
    "duplicates": [],
    "text_mismatches": [],
    "line_mismatches": [],
    "profile_counts": {},
    "profiles_present": [],
    "annotation_overlaps": [],
    "node_overlaps": [],
    "edge_intersections": [],
    "outside_viewport": [],
    "owner_distances_px": {},
    "too_far": [],
    "decorative_elements": 0,
    "failure_count": 0
  },
  "witnesses": {
    "mixed_root_kinds": [
      "from",
      "gate",
      "source"
    ],
    "mixed_root_quality_failures": [],
    "split_rejoin_roots": [],
    "public_root_crossings": [],
    "low_use_left_crossing_roots": [],
    "root_relocation_witnesses": [],
    "avoidable_bend_edges": [],
    "port_order_inversions": [],
    "root_facility_split_witnesses": [],
    "physical_anchor_relocation_witnesses": [],
    "vertical_root_facility_bend_witnesses": [],
    "root_facility_column_lag_witnesses": [],
    "crossing_free_intervals": {
      "svg-edge-0000": [
        {
          "kind": "prefix",
          "start": [
            134.06,
            322.9917
          ],
          "end": [
            198.12,
            201.9945
          ],
          "path_start_px": 0.0,
          "path_end_px": 185.0572,
          "length_px": 185.0572,
          "internal_bends": 1
        },
        {
          "kind": "interior",
          "start": [
            198.12,
            201.9945
          ],
          "end": [
            198.12,
            145.9931
          ],
          "path_start_px": 185.0572,
          "path_end_px": 241.0586,
          "length_px": 56.0014,
          "internal_bends": 0
        },
        {
          "kind": "suffix",
          "start": [
            198.12,
            145.9931
          ],
          "end": [
            230.08,
            89.9917
          ],
          "path_start_px": 241.0586,
          "path_end_px": 329.02,
          "length_px": 87.9614,
          "internal_bends": 1
        }
      ],
      "svg-edge-0001": [
        {
          "kind": "whole",
          "start": [
            340.392,
            1078.0039
          ],
          "end": [
            409.33,
            1078.0039
          ],
          "path_start_px": 0.0,
          "path_end_px": 68.938,
          "length_px": 68.938,
          "internal_bends": 0
        }
      ],
      "svg-edge-0002": [
        {
          "kind": "whole",
          "start": [
            431.33,
            1078.0039
          ],
          "end": [
            499.48,
            1078.0039
          ],
          "path_start_px": 0.0,
          "path_end_px": 68.15,
          "length_px": 68.15,
          "internal_bends": 0
        }
      ],
      "svg-edge-0003": [
        {
          "kind": "whole",
          "start": [
            140.06,
            1954.0457
          ],
          "end": [
            230.08,
            1954.0457
          ],
          "path_start_px": 0.0,
          "path_end_px": 90.02,
          "length_px": 90.02,
          "internal_bends": 0
        }
      ],
      "svg-edge-0004": [
        {
          "kind": "whole",
          "start": [
            140.06,
            2010.0471
          ],
          "end": [
            230.08,
            2010.0471
          ],
          "path_start_px": 0.0,
          "path_end_px": 90.02,
          "length_px": 90.02,
          "internal_bends": 0
        }
      ],
      "svg-edge-0005": [
        {
          "kind": "prefix",
          "start": [
            140.06,
            2299.0593
          ],
          "end": [
            198.12,
            2243.0579
          ],
          "path_start_px": 0.0,
          "path_end_px": 114.0614,
          "length_px": 114.0614,
          "internal_bends": 1
        },
        {
          "kind": "interior",
          "start": [
            198.12,
            2243.0579
          ],
          "end": [
            198.12,
            2187.0565
          ],
          "path_start_px": 114.0614,
          "path_end_px": 170.0628,
          "length_px": 56.0014,
          "internal_bends": 0
        },
        {
          "kind": "suffix",
          "start": [
            198.12,
            2187.0565
          ],
          "end": [
            230.08,
            2066.0485
          ],
          "path_start_px": 170.0628,
          "path_end_px": 323.0308,
          "length_px": 152.968,
          "internal_bends": 1
        }
      ],
      "svg-edge-0006": [
        {
          "kind": "whole",
          "start": [
            254.08,
            2010.0471
          ],
          "end": [
            409.33,
            2010.0471
          ],
          "path_start_px": 0.0,
          "path_end_px": 155.25,
          "length_px": 155.25,
          "internal_bends": 0
        }
      ],
      "svg-edge-0007": [
        {
          "kind": "whole",
          "start": [
            431.33,
            2010.0471
          ],
          "end": [
            499.48,
            2010.0471
          ],
          "path_start_px": 0.0,
          "path_end_px": 68.15,
          "length_px": 68.15,
          "internal_bends": 0
        }
      ],
      "svg-edge-0008": [
        {
          "kind": "whole",
          "start": [
            134.06,
            322.9917
          ],
          "end": [
            230.08,
            322.9917
          ],
          "path_start_px": 0.0,
          "path_end_px": 96.02,
          "length_px": 96.02,
          "internal_bends": 0
        }
      ],
      "svg-edge-0009": [
        {
          "kind": "prefix",
          "start": [
            140.06,
            378.9931
          ],
          "end": [
            198.12,
            378.9931
          ],
          "path_start_px": 0.0,
          "path_end_px": 58.06,
          "length_px": 58.06,
          "internal_bends": 0
        },
        {
          "kind": "suffix",
          "start": [
            198.12,
            378.9931
          ],
          "end": [
            230.08,
            378.9931
          ],
          "path_start_px": 58.06,
          "path_end_px": 90.02,
          "length_px": 31.96,
          "internal_bends": 0
        }
      ],
      "svg-edge-0010": [
        {
          "kind": "prefix",
          "start": [
            134.06,
            434.9945
          ],
          "end": [
            198.12,
            434.9945
          ],
          "path_start_px": 0.0,
          "path_end_px": 64.06,
          "length_px": 64.06,
          "internal_bends": 0
        },
        {
          "kind": "suffix",
          "start": [
            198.12,
            434.9945
          ],
          "end": [
            230.08,
            434.9945
          ],
          "path_start_px": 64.06,
          "path_end_px": 96.02,
          "length_px": 31.96,
          "internal_bends": 0
        }
      ],
      "svg-edge-0011": [
        {
          "kind": "prefix",
          "start": [
            140.06,
            145.9931
          ],
          "end": [
            198.12,
            145.9931
          ],
          "path_start_px": 0.0,
          "path_end_px": 58.06,
          "length_px": 58.06,
          "internal_bends": 0
        },
        {
          "kind": "suffix",
          "start": [
            198.12,
            145.9931
          ],
          "end": [
            230.08,
            145.9931
          ],
          "path_start_px": 58.06,
          "path_end_px": 90.02,
          "length_px": 31.96,
          "internal_bends": 0
        }
      ],
      "svg-edge-0012": [
        {
          "kind": "whole",
          "start": [
            254.08,
            378.9931
          ],
          "end": [
            319.608,
            378.9931
          ],
          "path_start_px": 0.0,
          "path_end_px": 65.528,
          "length_px": 65.528,
          "internal_bends": 0
        }
      ],
      "svg-edge-0013": [
        {
          "kind": "whole",
          "start": [
            340.392,
            378.9931
          ],
          "end": [
            409.33,
            378.9931
          ],
          "path_start_px": 0.0,
          "path_end_px": 68.938,
          "length_px": 68.938,
          "internal_bends": 0
        }
      ],
      "svg-edge-0014": [
        {
          "kind": "whole",
          "start": [
            431.33,
            378.9931
          ],
          "end": [
            499.48,
            378.9931
          ],
          "path_start_px": 0.0,
          "path_end_px": 68.15,
          "length_px": 68.15,
          "internal_bends": 0
        }
      ],
      "svg-edge-0015": [
        {
          "kind": "prefix",
          "start": [
            140.06,
            1255.0133
          ],
          "end": [
            198.12,
            1255.0133
          ],
          "path_start_px": 0.0,
          "path_end_px": 58.06,
          "length_px": 58.06,
          "internal_bends": 0
        },
        {
          "kind": "suffix",
          "start": [
            198.12,
            1255.0133
          ],
          "end": [
            230.08,
            1255.0133
          ],
          "path_start_px": 58.06,
          "path_end_px": 90.02,
          "length_px": 31.96,
          "internal_bends": 0
        }
      ],
      "svg-edge-0016": [
        {
          "kind": "whole",
          "start": [
            140.06,
            1311.0147
          ],
          "end": [
            230.08,
            1311.0147
          ],
          "path_start_px": 0.0,
          "path_end_px": 90.02,
          "length_px": 90.02,
          "internal_bends": 0
        }
      ],
      "svg-edge-0017": [
        {
          "kind": "prefix",
          "start": [
            134.06,
            1367.0161
          ],
          "end": [
            198.12,
            1367.0161
          ],
          "path_start_px": 0.0,
          "path_end_px": 64.06,
          "length_px": 64.06,
          "internal_bends": 0
        },
        {
          "kind": "suffix",
          "start": [
            198.12,
            1367.0161
          ],
          "end": [
            230.08,
            1367.0161
          ],
          "path_start_px": 64.06,
          "path_end_px": 96.02,
          "length_px": 31.96,
          "internal_bends": 0
        }
      ],
      "svg-edge-0018": [
        {
          "kind": "whole",
          "start": [
            254.08,
            1311.0147
          ],
          "end": [
            409.33,
            1311.0147
          ],
          "path_start_px": 0.0,
          "path_end_px": 155.25,
          "length_px": 155.25,
          "internal_bends": 0
        }
      ],
      "svg-edge-0019": [
        {
          "kind": "whole",
          "start": [
            431.33,
            1311.0147
          ],
          "end": [
            499.48,
            1311.0147
          ],
          "path_start_px": 0.0,
          "path_end_px": 68.15,
          "length_px": 68.15,
          "internal_bends": 0
        }
      ],
      "svg-edge-0020": [
        {
          "kind": "prefix",
          "start": [
            140.06,
            2187.0565
          ],
          "end": [
            198.12,
            2187.0565
          ],
          "path_start_px": 0.0,
          "path_end_px": 58.06,
          "length_px": 58.06,
          "internal_bends": 0
        },
        {
          "kind": "suffix",
          "start": [
            198.12,
            2187.0565
          ],
          "end": [
            230.08,
            2187.0565
          ],
          "path_start_px": 58.06,
          "path_end_px": 90.02,
          "length_px": 31.96,
          "internal_bends": 0
        }
      ],
      "svg-edge-0021": [
        {
          "kind": "prefix",
          "start": [
            140.06,
            2243.0579
          ],
          "end": [
            198.12,
            2243.0579
          ],
          "path_start_px": 0.0,
          "path_end_px": 58.06,
          "length_px": 58.06,
          "internal_bends": 0
        },
        {
          "kind": "suffix",
          "start": [
            198.12,
            2243.0579
          ],
          "end": [
            230.08,
            2243.0579
          ],
          "path_start_px": 58.06,
          "path_end_px": 90.02,
          "length_px": 31.96,
          "internal_bends": 0
        }
      ],
      "svg-edge-0022": [
        {
          "kind": "prefix",
          "start": [
            134.06,
            201.9945
          ],
          "end": [
            198.12,
            201.9945
          ],
          "path_start_px": 0.0,
          "path_end_px": 64.06,
          "length_px": 64.06,
          "internal_bends": 0
        },
        {
          "kind": "suffix",
          "start": [
            198.12,
            201.9945
          ],
          "end": [
            230.08,
            201.9945
          ],
          "path_start_px": 64.06,
          "path_end_px": 96.02,
          "length_px": 31.96,
          "internal_bends": 0
        }
      ],
      "svg-edge-0023": [
        {
          "kind": "whole",
          "start": [
            140.06,
            2299.0593
          ],
          "end": [
            230.08,
            2299.0593
          ],
          "path_start_px": 0.0,
          "path_end_px": 90.02,
          "length_px": 90.02,
          "internal_bends": 0
        }
      ],
      "svg-edge-0024": [
        {
          "kind": "whole",
          "start": [
            254.08,
            2243.0579
          ],
          "end": [
            319.608,
            2243.0579
          ],
          "path_start_px": 0.0,
          "path_end_px": 65.528,
          "length_px": 65.528,
          "internal_bends": 0
        }
      ],
      "svg-edge-0025": [
        {
          "kind": "whole",
          "start": [
            340.392,
            2243.0579
          ],
          "end": [
            409.33,
            2243.0579
          ],
          "path_start_px": 0.0,
          "path_end_px": 68.938,
          "length_px": 68.938,
          "internal_bends": 0
        }
      ],
      "svg-edge-0026": [
        {
          "kind": "whole",
          "start": [
            431.33,
            2243.0579
          ],
          "end": [
            499.48,
            2243.0579
          ],
          "path_start_px": 0.0,
          "path_end_px": 68.15,
          "length_px": 68.15,
          "internal_bends": 0
        }
      ],
      "svg-edge-0027": [
        {
          "kind": "prefix",
          "start": [
            134.06,
            322.9917
          ],
          "end": [
            198.12,
            378.9931
          ],
          "path_start_px": 0.0,
          "path_end_px": 120.0614,
          "length_px": 120.0614,
          "internal_bends": 1
        },
        {
          "kind": "interior",
          "start": [
            198.12,
            378.9931
          ],
          "end": [
            198.12,
            434.9945
          ],
          "path_start_px": 120.0614,
          "path_end_px": 176.0628,
          "length_px": 56.0014,
          "internal_bends": 0
        },
        {
          "kind": "suffix",
          "start": [
            198.12,
            434.9945
          ],
          "end": [
            230.08,
            555.9917
          ],
          "path_start_px": 176.0628,
          "path_end_px": 329.02,
          "length_px": 152.9572,
          "internal_bends": 1
        }
      ],
      "svg-edge-0028": [
        {
          "kind": "prefix",
          "start": [
            140.06,
            611.9931
          ],
          "end": [
            198.12,
            611.9931
          ],
          "path_start_px": 0.0,
          "path_end_px": 58.06,
          "length_px": 58.06,
          "internal_bends": 0
        },
        {
          "kind": "suffix",
          "start": [
            198.12,
            611.9931
          ],
          "end": [
            230.08,
            611.9931
          ],
          "path_start_px": 58.06,
          "path_end_px": 90.02,
          "length_px": 31.96,
          "internal_bends": 0
        }
      ],
      "svg-edge-0029": [
        {
          "kind": "prefix",
          "start": [
            134.06,
            667.9945
          ],
          "end": [
            198.12,
            667.9945
          ],
          "path_start_px": 0.0,
          "path_end_px": 64.06,
          "length_px": 64.06,
          "internal_bends": 0
        },
        {
          "kind": "suffix",
          "start": [
            198.12,
            667.9945
          ],
          "end": [
            230.08,
            667.9945
          ],
          "path_start_px": 64.06,
          "path_end_px": 96.02,
          "length_px": 31.96,
          "internal_bends": 0
        }
      ],
      "svg-edge-0030": [
        {
          "kind": "whole",
          "start": [
            254.08,
            611.9931
          ],
          "end": [
            409.33,
            611.9931
          ],
          "path_start_px": 0.0,
          "path_end_px": 155.25,
          "length_px": 155.25,
          "internal_bends": 0
        }
      ],
      "svg-edge-0031": [
        {
          "kind": "whole",
          "start": [
            431.33,
            611.9931
          ],
          "end": [
            499.48,
            611.9931
          ],
          "path_start_px": 0.0,
          "path_end_px": 68.15,
          "length_px": 68.15,
          "internal_bends": 0
        }
      ],
      "svg-edge-0032": [
        {
          "kind": "prefix",
          "start": [
            140.06,
            1488.0241
          ],
          "end": [
            198.12,
            1488.0241
          ],
          "path_start_px": 0.0,
          "path_end_px": 58.06,
          "length_px": 58.06,
          "internal_bends": 0
        },
        {
          "kind": "suffix",
          "start": [
            198.12,
            1488.0241
          ],
          "end": [
            230.08,
            1488.0241
          ],
          "path_start_px": 58.06,
          "path_end_px": 90.02,
          "length_px": 31.96,
          "internal_bends": 0
        }
      ],
      "svg-edge-0033": [
        {
          "kind": "whole",
          "start": [
            254.08,
            145.9931
          ],
          "end": [
            409.33,
            145.9931
          ],
          "path_start_px": 0.0,
          "path_end_px": 155.25,
          "length_px": 155.25,
          "internal_bends": 0
        }
      ],
      "svg-edge-0034": [
        {
          "kind": "prefix",
          "start": [
            140.06,
            1311.0147
          ],
          "end": [
            198.12,
            1367.0161
          ],
          "path_start_px": 0.0,
          "path_end_px": 114.0614,
          "length_px": 114.0614,
          "internal_bends": 1
        },
        {
          "kind": "interior",
          "start": [
            198.12,
            1367.0161
          ],
          "end": [
            198.12,
            1488.0241
          ],
          "path_start_px": 114.0614,
          "path_end_px": 235.0694,
          "length_px": 121.008,
          "internal_bends": 0
        },
        {
          "kind": "suffix",
          "start": [
            198.12,
            1488.0241
          ],
          "end": [
            230.08,
            1544.0255
          ],
          "path_start_px": 235.0694,
          "path_end_px": 323.0308,
          "length_px": 87.9614,
          "internal_bends": 1
        }
      ],
      "svg-edge-0035": [
        {
          "kind": "prefix",
          "start": [
            134.06,
            1600.0269
          ],
          "end": [
            198.12,
            1600.0269
          ],
          "path_start_px": 0.0,
          "path_end_px": 64.06,
          "length_px": 64.06,
          "internal_bends": 0
        },
        {
          "kind": "suffix",
          "start": [
            198.12,
            1600.0269
          ],
          "end": [
            230.08,
            1600.0269
          ],
          "path_start_px": 64.06,
          "path_end_px": 96.02,
          "length_px": 31.96,
          "internal_bends": 0
        }
      ],
      "svg-edge-0036": [
        {
          "kind": "whole",
          "start": [
            254.08,
            1544.0255
          ],
          "end": [
            319.608,
            1544.0255
          ],
          "path_start_px": 0.0,
          "path_end_px": 65.528,
          "length_px": 65.528,
          "internal_bends": 0
        }
      ],
      "svg-edge-0037": [
        {
          "kind": "whole",
          "start": [
            340.392,
            1544.0255
          ],
          "end": [
            409.33,
            1544.0255
          ],
          "path_start_px": 0.0,
          "path_end_px": 68.938,
          "length_px": 68.938,
          "internal_bends": 0
        }
      ],
      "svg-edge-0038": [
        {
          "kind": "whole",
          "start": [
            431.33,
            1544.0255
          ],
          "end": [
            499.48,
            1544.0255
          ],
          "path_start_px": 0.0,
          "path_end_px": 68.15,
          "length_px": 68.15,
          "internal_bends": 0
        }
      ],
      "svg-edge-0039": [
        {
          "kind": "prefix",
          "start": [
            140.06,
            2420.0673
          ],
          "end": [
            198.12,
            2420.0673
          ],
          "path_start_px": 0.0,
          "path_end_px": 58.06,
          "length_px": 58.06,
          "internal_bends": 0
        },
        {
          "kind": "suffix",
          "start": [
            198.12,
            2420.0673
          ],
          "end": [
            230.08,
            2420.0673
          ],
          "path_start_px": 58.06,
          "path_end_px": 90.02,
          "length_px": 31.96,
          "internal_bends": 0
        }
      ],
      "svg-edge-0040": [
        {
          "kind": "prefix",
          "start": [
            140.06,
            2476.0687
          ],
          "end": [
            198.12,
            2476.0687
          ],
          "path_start_px": 0.0,
          "path_end_px": 58.06,
          "length_px": 58.06,
          "internal_bends": 0
        },
        {
          "kind": "suffix",
          "start": [
            198.12,
            2476.0687
          ],
          "end": [
            230.08,
            2476.0687
          ],
          "path_start_px": 58.06,
          "path_end_px": 90.02,
          "length_px": 31.96,
          "internal_bends": 0
        }
      ],
      "svg-edge-0041": [
        {
          "kind": "prefix",
          "start": [
            140.06,
            2299.0593
          ],
          "end": [
            198.12,
            2420.0673
          ],
          "path_start_px": 0.0,
          "path_end_px": 179.068,
          "length_px": 179.068,
          "internal_bends": 1
        },
        {
          "kind": "interior",
          "start": [
            198.12,
            2420.0673
          ],
          "end": [
            198.12,
            2476.0687
          ],
          "path_start_px": 179.068,
          "path_end_px": 235.0694,
          "length_px": 56.0014,
          "internal_bends": 0
        },
        {
          "kind": "suffix",
          "start": [
            198.12,
            2476.0687
          ],
          "end": [
            230.08,
            2532.0701
          ],
          "path_start_px": 235.0694,
          "path_end_px": 323.0308,
          "length_px": 87.9614,
          "internal_bends": 1
        }
      ],
      "svg-edge-0042": [
        {
          "kind": "whole",
          "start": [
            254.08,
            2476.0687
          ],
          "end": [
            409.33,
            2476.0687
          ],
          "path_start_px": 0.0,
          "path_end_px": 155.25,
          "length_px": 155.25,
          "internal_bends": 0
        }
      ],
      "svg-edge-0043": [
        {
          "kind": "whole",
          "start": [
            431.33,
            2476.0687
          ],
          "end": [
            499.48,
            2476.0687
          ],
          "path_start_px": 0.0,
          "path_end_px": 68.15,
          "length_px": 68.15,
          "internal_bends": 0
        }
      ],
      "svg-edge-0044": [
        {
          "kind": "whole",
          "start": [
            431.33,
            145.9931
          ],
          "end": [
            499.48,
            145.9931
          ],
          "path_start_px": 0.0,
          "path_end_px": 68.15,
          "length_px": 68.15,
          "internal_bends": 0
        }
      ],
      "svg-edge-0045": [
        {
          "kind": "prefix",
          "start": [
            134.06,
            322.9917
          ],
          "end": [
            198.12,
            378.9931
          ],
          "path_start_px": 0.0,
          "path_end_px": 120.0614,
          "length_px": 120.0614,
          "internal_bends": 1
        },
        {
          "kind": "interior",
          "start": [
            198.12,
            378.9931
          ],
          "end": [
            198.12,
            434.9945
          ],
          "path_start_px": 120.0614,
          "path_end_px": 176.0628,
          "length_px": 56.0014,
          "internal_bends": 0
        },
        {
          "kind": "interior",
          "start": [
            198.12,
            434.9945
          ],
          "end": [
            198.12,
            611.9931
          ],
          "path_start_px": 176.0628,
          "path_end_px": 353.0614,
          "length_px": 176.9986,
          "internal_bends": 0
        },
        {
          "kind": "interior",
          "start": [
            198.12,
            611.9931
          ],
          "end": [
            198.12,
            667.9945
          ],
          "path_start_px": 353.0614,
          "path_end_px": 409.0628,
          "length_px": 56.0014,
          "internal_bends": 0
        },
        {
          "kind": "suffix",
          "start": [
            198.12,
            667.9945
          ],
          "end": [
            230.08,
            788.9917
          ],
          "path_start_px": 409.0628,
          "path_end_px": 562.02,
          "length_px": 152.9572,
          "internal_bends": 1
        }
      ],
      "svg-edge-0046": [
        {
          "kind": "whole",
          "start": [
            140.06,
            844.9931
          ],
          "end": [
            230.08,
            844.9931
          ],
          "path_start_px": 0.0,
          "path_end_px": 90.02,
          "length_px": 90.02,
          "internal_bends": 0
        }
      ],
      "svg-edge-0047": [
        {
          "kind": "whole",
          "start": [
            134.06,
            900.9945
          ],
          "end": [
            230.08,
            900.9945
          ],
          "path_start_px": 0.0,
          "path_end_px": 96.02,
          "length_px": 96.02,
          "internal_bends": 0
        }
      ],
      "svg-edge-0048": [
        {
          "kind": "whole",
          "start": [
            254.08,
            844.9931
          ],
          "end": [
            319.608,
            844.9931
          ],
          "path_start_px": 0.0,
          "path_end_px": 65.528,
          "length_px": 65.528,
          "internal_bends": 0
        }
      ],
      "svg-edge-0049": [
        {
          "kind": "whole",
          "start": [
            340.392,
            844.9931
          ],
          "end": [
            409.33,
            844.9931
          ],
          "path_start_px": 0.0,
          "path_end_px": 68.938,
          "length_px": 68.938,
          "internal_bends": 0
        }
      ],
      "svg-edge-0050": [
        {
          "kind": "whole",
          "start": [
            431.33,
            844.9931
          ],
          "end": [
            499.48,
            844.9931
          ],
          "path_start_px": 0.0,
          "path_end_px": 68.15,
          "length_px": 68.15,
          "internal_bends": 0
        }
      ],
      "svg-edge-0051": [
        {
          "kind": "prefix",
          "start": [
            140.06,
            1721.0349
          ],
          "end": [
            198.12,
            1721.0349
          ],
          "path_start_px": 0.0,
          "path_end_px": 58.06,
          "length_px": 58.06,
          "internal_bends": 0
        },
        {
          "kind": "suffix",
          "start": [
            198.12,
            1721.0349
          ],
          "end": [
            230.08,
            1721.0349
          ],
          "path_start_px": 58.06,
          "path_end_px": 90.02,
          "length_px": 31.96,
          "internal_bends": 0
        }
      ],
      "svg-edge-0052": [
        {
          "kind": "prefix",
          "start": [
            140.06,
            1311.0147
          ],
          "end": [
            198.12,
            1367.0161
          ],
          "path_start_px": 0.0,
          "path_end_px": 114.0614,
          "length_px": 114.0614,
          "internal_bends": 1
        },
        {
          "kind": "interior",
          "start": [
            198.12,
            1367.0161
          ],
          "end": [
            198.12,
            1488.0241
          ],
          "path_start_px": 114.0614,
          "path_end_px": 235.0694,
          "length_px": 121.008,
          "internal_bends": 0
        },
        {
          "kind": "interior",
          "start": [
            198.12,
            1488.0241
          ],
          "end": [
            198.12,
            1600.0269
          ],
          "path_start_px": 235.0694,
          "path_end_px": 347.0722,
          "length_px": 112.0028,
          "internal_bends": 0
        },
        {
          "kind": "interior",
          "start": [
            198.12,
            1600.0269
          ],
          "end": [
            198.12,
            1721.0349
          ],
          "path_start_px": 347.0722,
          "path_end_px": 468.0802,
          "length_px": 121.008,
          "internal_bends": 0
        },
        {
          "kind": "suffix",
          "start": [
            198.12,
            1721.0349
          ],
          "end": [
            230.08,
            1777.0363
          ],
          "path_start_px": 468.0802,
          "path_end_px": 556.0416,
          "length_px": 87.9614,
          "internal_bends": 1
        }
      ],
      "svg-edge-0053": [
        {
          "kind": "whole",
          "start": [
            134.06,
            1833.0377
          ],
          "end": [
            230.08,
            1833.0377
          ],
          "path_start_px": 0.0,
          "path_end_px": 96.02,
          "length_px": 96.02,
          "internal_bends": 0
        }
      ],
      "svg-edge-0054": [
        {
          "kind": "whole",
          "start": [
            254.08,
            1777.0363
          ],
          "end": [
            409.33,
            1777.0363
          ],
          "path_start_px": 0.0,
          "path_end_px": 155.25,
          "length_px": 155.25,
          "internal_bends": 0
        }
      ],
      "svg-edge-0055": [
        {
          "kind": "whole",
          "start": [
            140.06,
            1022.0025
          ],
          "end": [
            230.08,
            1022.0025
          ],
          "path_start_px": 0.0,
          "path_end_px": 90.02,
          "length_px": 90.02,
          "internal_bends": 0
        }
      ],
      "svg-edge-0056": [
        {
          "kind": "whole",
          "start": [
            431.33,
            1777.0363
          ],
          "end": [
            499.48,
            1777.0363
          ],
          "path_start_px": 0.0,
          "path_end_px": 68.15,
          "length_px": 68.15,
          "internal_bends": 0
        }
      ],
      "svg-edge-0057": [
        {
          "kind": "prefix",
          "start": [
            140.06,
            2653.0781
          ],
          "end": [
            198.12,
            2653.0781
          ],
          "path_start_px": 0.0,
          "path_end_px": 58.06,
          "length_px": 58.06,
          "internal_bends": 0
        },
        {
          "kind": "suffix",
          "start": [
            198.12,
            2653.0781
          ],
          "end": [
            230.08,
            2653.0781
          ],
          "path_start_px": 58.06,
          "path_end_px": 90.02,
          "length_px": 31.96,
          "internal_bends": 0
        }
      ],
      "svg-edge-0058": [
        {
          "kind": "prefix",
          "start": [
            140.06,
            2709.0795
          ],
          "end": [
            198.12,
            2709.0795
          ],
          "path_start_px": 0.0,
          "path_end_px": 58.06,
          "length_px": 58.06,
          "internal_bends": 0
        },
        {
          "kind": "suffix",
          "start": [
            198.12,
            2709.0795
          ],
          "end": [
            230.08,
            2709.0795
          ],
          "path_start_px": 58.06,
          "path_end_px": 90.02,
          "length_px": 31.96,
          "internal_bends": 0
        }
      ],
      "svg-edge-0059": [
        {
          "kind": "prefix",
          "start": [
            140.06,
            2299.0593
          ],
          "end": [
            198.12,
            2420.0673
          ],
          "path_start_px": 0.0,
          "path_end_px": 179.068,
          "length_px": 179.068,
          "internal_bends": 1
        },
        {
          "kind": "interior",
          "start": [
            198.12,
            2420.0673
          ],
          "end": [
            198.12,
            2476.0687
          ],
          "path_start_px": 179.068,
          "path_end_px": 235.0694,
          "length_px": 56.0014,
          "internal_bends": 0
        },
        {
          "kind": "interior",
          "start": [
            198.12,
            2476.0687
          ],
          "end": [
            198.12,
            2653.0781
          ],
          "path_start_px": 235.0694,
          "path_end_px": 412.0788,
          "length_px": 177.0094,
          "internal_bends": 0
        },
        {
          "kind": "interior",
          "start": [
            198.12,
            2653.0781
          ],
          "end": [
            198.12,
            2709.0795
          ],
          "path_start_px": 412.0788,
          "path_end_px": 468.0802,
          "length_px": 56.0014,
          "internal_bends": 0
        },
        {
          "kind": "suffix",
          "start": [
            198.12,
            2709.0795
          ],
          "end": [
            230.08,
            2765.0809
          ],
          "path_start_px": 468.0802,
          "path_end_px": 556.0416,
          "length_px": 87.9614,
          "internal_bends": 1
        }
      ],
      "svg-edge-0060": [
        {
          "kind": "whole",
          "start": [
            254.08,
            2709.0795
          ],
          "end": [
            319.608,
            2709.0795
          ],
          "path_start_px": 0.0,
          "path_end_px": 65.528,
          "length_px": 65.528,
          "internal_bends": 0
        }
      ],
      "svg-edge-0061": [
        {
          "kind": "whole",
          "start": [
            340.392,
            2709.0795
          ],
          "end": [
            409.33,
            2709.0795
          ],
          "path_start_px": 0.0,
          "path_end_px": 68.938,
          "length_px": 68.938,
          "internal_bends": 0
        }
      ],
      "svg-edge-0062": [
        {
          "kind": "whole",
          "start": [
            431.33,
            2709.0795
          ],
          "end": [
            499.48,
            2709.0795
          ],
          "path_start_px": 0.0,
          "path_end_px": 68.15,
          "length_px": 68.15,
          "internal_bends": 0
        }
      ],
      "svg-edge-0063": [
        {
          "kind": "prefix",
          "start": [
            140.06,
            1311.0147
          ],
          "end": [
            198.12,
            1255.0133
          ],
          "path_start_px": 0.0,
          "path_end_px": 114.0614,
          "length_px": 114.0614,
          "internal_bends": 1
        },
        {
          "kind": "interior",
          "start": [
            198.12,
            1255.0133
          ],
          "end": [
            198.12,
            1134.0053
          ],
          "path_start_px": 114.0614,
          "path_end_px": 235.0694,
          "length_px": 121.008,
          "internal_bends": 0
        },
        {
          "kind": "suffix",
          "start": [
            198.12,
            1134.0053
          ],
          "end": [
            230.08,
            1078.0039
          ],
          "path_start_px": 235.0694,
          "path_end_px": 323.0308,
          "length_px": 87.9614,
          "internal_bends": 1
        }
      ],
      "svg-edge-0064": [
        {
          "kind": "prefix",
          "start": [
            134.06,
            1134.0053
          ],
          "end": [
            198.12,
            1134.0053
          ],
          "path_start_px": 0.0,
          "path_end_px": 64.06,
          "length_px": 64.06,
          "internal_bends": 0
        },
        {
          "kind": "suffix",
          "start": [
            198.12,
            1134.0053
          ],
          "end": [
            230.08,
            1134.0053
          ],
          "path_start_px": 64.06,
          "path_end_px": 96.02,
          "length_px": 31.96,
          "internal_bends": 0
        }
      ],
      "svg-edge-0065": [
        {
          "kind": "whole",
          "start": [
            254.08,
            1078.0039
          ],
          "end": [
            319.608,
            1078.0039
          ],
          "path_start_px": 0.0,
          "path_end_px": 65.528,
          "length_px": 65.528,
          "internal_bends": 0
        }
      ]
    },
    "downstream_corridor_tail_bend_witnesses": [],
    "adjacent_root_height_bend_witnesses": [],
    "mergeable_root_facility_witnesses": [],
    "regular_fanout_array_replication_witnesses": [],
    "shared_root_bus_fragmentation_witnesses": [],
    "root_fanout_axis_dominance_witnesses": [],
    "direct_root_fanin_column_witnesses": [],
    "feasible_direct_root_fanin_column_witnesses": [],
    "root_first_column_witnesses": []
  },
  "detected_issues": []
}
feedback layout oracle: symptom not observed: FB-ROOT-004
